,locality_name,reg_name,dep_name,postal_code,center_latitude,center_longitude,locality
0,L'Abergement-Clémenciat,Auvergne-Rhône-Alpes,Ain,1400,46.153,4.926,"L'Abergement-Clémenciat (1400), Auvergne-Rhône-Alpes"
1,L'Abergement-de-Varey,Auvergne-Rhône-Alpes,Ain,1640,46.009,5.428,"L'Abergement-de-Varey (1640), Auvergne-Rhône-Alpes"
2,Ambérieu-en-Bugey,Auvergne-Rhône-Alpes,Ain,1500,45.961,5.373,"Ambérieu-en-Bugey (1500), Auvergne-Rhône-Alpes"
3,Ambérieux-en-Dombes,Auvergne-Rhône-Alpes,Ain,1330,45.996,4.912,"Ambérieux-en-Dombes (1330), Auvergne-Rhône-Alpes"
4,Ambléon,Auvergne-Rhône-Alpes,Ain,1300,45.75,5.594,"Ambléon (1300), Auvergne-Rhône-Alpes"
5,Ambronay,Auvergne-Rhône-Alpes,Ain,1500,46.006,5.358,"Ambronay (1500), Auvergne-Rhône-Alpes"
6,Ambutrix,Auvergne-Rhône-Alpes,Ain,1500,45.937,5.333,"Ambutrix (1500), Auvergne-Rhône-Alpes"
7,Andert-et-Condon,Auvergne-Rhône-Alpes,Ain,1300,45.787,5.658,"Andert-et-Condon (1300), Auvergne-Rhône-Alpes"
8,Anglefort,Auvergne-Rhône-Alpes,Ain,1350,45.909,5.795,"Anglefort (1350), Auvergne-Rhône-Alpes"
9,Apremont,Auvergne-Rhône-Alpes,Ain,1100,46.206,5.658,"Apremont (1100), Auvergne-Rhône-Alpes"
10,Aranc,Auvergne-Rhône-Alpes,Ain,1110,46.002,5.511,"Aranc (1110), Auvergne-Rhône-Alpes"
11,Arandas,Auvergne-Rhône-Alpes,Ain,1230,45.891,5.499,"Arandas (1230), Auvergne-Rhône-Alpes"
12,Arbent,Auvergne-Rhône-Alpes,Ain,1100,46.284,5.691,"Arbent (1100), Auvergne-Rhône-Alpes"
13,Arboys en Bugey,Auvergne-Rhône-Alpes,Ain,1300,45.724,5.653,"Arboys en Bugey (1300), Auvergne-Rhône-Alpes"
14,Arbigny,Auvergne-Rhône-Alpes,Ain,1190,46.478,4.96,"Arbigny (1190), Auvergne-Rhône-Alpes"
15,Argis,Auvergne-Rhône-Alpes,Ain,1230,45.934,5.482,"Argis (1230), Auvergne-Rhône-Alpes"
16,Armix,Auvergne-Rhône-Alpes,Ain,1510,45.854,5.584,"Armix (1510), Auvergne-Rhône-Alpes"
17,Ars-sur-Formans,Auvergne-Rhône-Alpes,Ain,1480,45.994,4.822,"Ars-sur-Formans (1480), Auvergne-Rhône-Alpes"
18,Artemare,Auvergne-Rhône-Alpes,Ain,1510,45.87,5.691,"Artemare (1510), Auvergne-Rhône-Alpes"
19,Asnières-sur-Saône,Auvergne-Rhône-Alpes,Ain,1570,46.386,4.884,"Asnières-sur-Saône (1570), Auvergne-Rhône-Alpes"
20,Attignat,Auvergne-Rhône-Alpes,Ain,1340,46.286,5.18,"Attignat (1340), Auvergne-Rhône-Alpes"
21,Bâgé-Dommartin,Auvergne-Rhône-Alpes,Ain,1380,46.323,4.953,"Bâgé-Dommartin (1380), Auvergne-Rhône-Alpes"
22,Bâgé-le-Châtel,Auvergne-Rhône-Alpes,Ain,1380,46.308,4.929,"Bâgé-le-Châtel (1380), Auvergne-Rhône-Alpes"
23,Balan,Auvergne-Rhône-Alpes,Ain,1360,45.831,5.108,"Balan (1360), Auvergne-Rhône-Alpes"
24,Baneins,Auvergne-Rhône-Alpes,Ain,1990,46.114,4.902,"Baneins (1990), Auvergne-Rhône-Alpes"
25,Beaupont,Auvergne-Rhône-Alpes,Ain,1270,46.429,5.26,"Beaupont (1270), Auvergne-Rhône-Alpes"
26,Beauregard,Auvergne-Rhône-Alpes,Ain,1480,46.001,4.756,"Beauregard (1480), Auvergne-Rhône-Alpes"
27,Bellignat,Auvergne-Rhône-Alpes,Ain,1100,46.237,5.636,"Bellignat (1100), Auvergne-Rhône-Alpes"
28,Béligneux,Auvergne-Rhône-Alpes,Ain,1360,45.859,5.14,"Béligneux (1360), Auvergne-Rhône-Alpes"
29,Valserhône,Auvergne-Rhône-Alpes,Ain,1200,46.107,5.832,"Valserhône (1200), Auvergne-Rhône-Alpes"
30,Belley,Auvergne-Rhône-Alpes,Ain,1300,45.75,5.684,"Belley (1300), Auvergne-Rhône-Alpes"
31,Belleydoux,Auvergne-Rhône-Alpes,Ain,1130,46.253,5.785,"Belleydoux (1130), Auvergne-Rhône-Alpes"
32,Valromey-sur-Séran,Auvergne-Rhône-Alpes,Ain,1260,45.885,5.651,"Valromey-sur-Séran (1260), Auvergne-Rhône-Alpes"
33,Bénonces,Auvergne-Rhône-Alpes,Ain,1470,45.838,5.483,"Bénonces (1470), Auvergne-Rhône-Alpes"
34,Bény,Auvergne-Rhône-Alpes,Ain,1370,46.319,5.282,"Bény (1370), Auvergne-Rhône-Alpes"
35,Béréziat,Auvergne-Rhône-Alpes,Ain,1340,46.367,5.04,"Béréziat (1340), Auvergne-Rhône-Alpes"
36,Bettant,Auvergne-Rhône-Alpes,Ain,1500,45.937,5.367,"Bettant (1500), Auvergne-Rhône-Alpes"
37,Bey,Auvergne-Rhône-Alpes,Ain,1290,46.219,4.846,"Bey (1290), Auvergne-Rhône-Alpes"
38,Beynost,Auvergne-Rhône-Alpes,Ain,1700,45.839,4.997,"Beynost (1700), Auvergne-Rhône-Alpes"
39,Billiat,Auvergne-Rhône-Alpes,Ain,1200,46.079,5.766,"Billiat (1200), Auvergne-Rhône-Alpes"
40,Birieux,Auvergne-Rhône-Alpes,Ain,1330,45.953,5.037,"Birieux (1330), Auvergne-Rhône-Alpes"
41,Biziat,Auvergne-Rhône-Alpes,Ain,1290,46.227,4.941,"Biziat (1290), Auvergne-Rhône-Alpes"
42,Blyes,Auvergne-Rhône-Alpes,Ain,1150,45.847,5.252,"Blyes (1150), Auvergne-Rhône-Alpes"
43,La Boisse,Auvergne-Rhône-Alpes,Ain,1120,45.845,5.028,"La Boisse (1120), Auvergne-Rhône-Alpes"
44,Boissey,Auvergne-Rhône-Alpes,Ain,1380,46.373,4.999,"Boissey (1380), Auvergne-Rhône-Alpes"
45,Bolozon,Auvergne-Rhône-Alpes,Ain,1450,46.196,5.471,"Bolozon (1450), Auvergne-Rhône-Alpes"
46,Bouligneux,Auvergne-Rhône-Alpes,Ain,1330,46.023,4.992,"Bouligneux (1330), Auvergne-Rhône-Alpes"
47,Bourg-en-Bresse,Auvergne-Rhône-Alpes,Ain,1000,46.205,5.246,"Bourg-en-Bresse (1000), Auvergne-Rhône-Alpes"
48,Bourg-Saint-Christophe,Auvergne-Rhône-Alpes,Ain,1800,45.886,5.144,"Bourg-Saint-Christophe (1800), Auvergne-Rhône-Alpes"
49,Boyeux-Saint-Jérôme,Auvergne-Rhône-Alpes,Ain,1640,46.036,5.463,"Boyeux-Saint-Jérôme (1640), Auvergne-Rhône-Alpes"
50,Boz,Auvergne-Rhône-Alpes,Ain,1190,46.405,4.914,"Boz (1190), Auvergne-Rhône-Alpes"
51,Brégnier-Cordon,Auvergne-Rhône-Alpes,Ain,1300,45.642,5.616,"Brégnier-Cordon (1300), Auvergne-Rhône-Alpes"
52,Brénod,Auvergne-Rhône-Alpes,Ain,1110,46.076,5.614,"Brénod (1110), Auvergne-Rhône-Alpes"
53,Brens,Auvergne-Rhône-Alpes,Ain,1300,45.714,5.69,"Brens (1300), Auvergne-Rhône-Alpes"
54,Bressolles,Auvergne-Rhône-Alpes,Ain,1360,45.869,5.101,"Bressolles (1360), Auvergne-Rhône-Alpes"
55,Brion,Auvergne-Rhône-Alpes,Ain,1460,46.169,5.547,"Brion (1460), Auvergne-Rhône-Alpes"
56,Briord,Auvergne-Rhône-Alpes,Ain,1470,45.771,5.485,"Briord (1470), Auvergne-Rhône-Alpes"
57,Buellas,Auvergne-Rhône-Alpes,Ain,1310,46.21,5.145,"Buellas (1310), Auvergne-Rhône-Alpes"
58,La Burbanche,Auvergne-Rhône-Alpes,Ain,1510,45.86,5.546,"La Burbanche (1510), Auvergne-Rhône-Alpes"
59,Ceignes,Auvergne-Rhône-Alpes,Ain,1430,46.126,5.495,"Ceignes (1430), Auvergne-Rhône-Alpes"
60,Cerdon,Auvergne-Rhône-Alpes,Ain,1450,46.072,5.476,"Cerdon (1450), Auvergne-Rhône-Alpes"
61,Certines,Auvergne-Rhône-Alpes,Ain,1240,46.134,5.262,"Certines (1240), Auvergne-Rhône-Alpes"
62,Cessy,Auvergne-Rhône-Alpes,Ain,1170,46.316,6.078,"Cessy (1170), Auvergne-Rhône-Alpes"
63,Ceyzériat,Auvergne-Rhône-Alpes,Ain,1250,46.183,5.32,"Ceyzériat (1250), Auvergne-Rhône-Alpes"
64,Ceyzérieu,Auvergne-Rhône-Alpes,Ain,1350,45.834,5.719,"Ceyzérieu (1350), Auvergne-Rhône-Alpes"
65,Chalamont,Auvergne-Rhône-Alpes,Ain,1320,46.008,5.169,"Chalamont (1320), Auvergne-Rhône-Alpes"
66,Chaleins,Auvergne-Rhône-Alpes,Ain,1480,46.034,4.798,"Chaleins (1480), Auvergne-Rhône-Alpes"
67,Chaley,Auvergne-Rhône-Alpes,Ain,1230,45.953,5.537,"Chaley (1230), Auvergne-Rhône-Alpes"
68,Challes-la-Montagne,Auvergne-Rhône-Alpes,Ain,1450,46.122,5.458,"Challes-la-Montagne (1450), Auvergne-Rhône-Alpes"
69,Challex,Auvergne-Rhône-Alpes,Ain,1630,46.177,5.971,"Challex (1630), Auvergne-Rhône-Alpes"
70,Champagne-en-Valromey,Auvergne-Rhône-Alpes,Ain,1260,45.932,5.693,"Champagne-en-Valromey (1260), Auvergne-Rhône-Alpes"
71,Champdor-Corcelles,Auvergne-Rhône-Alpes,Ain,1110,46.02,5.6,"Champdor-Corcelles (1110), Auvergne-Rhône-Alpes"
72,Champfromier,Auvergne-Rhône-Alpes,Ain,1410,46.22,5.822,"Champfromier (1410), Auvergne-Rhône-Alpes"
73,Chanay,Auvergne-Rhône-Alpes,Ain,1420,46.006,5.769,"Chanay (1420), Auvergne-Rhône-Alpes"
74,Chaneins,Auvergne-Rhône-Alpes,Ain,1990,46.094,4.855,"Chaneins (1990), Auvergne-Rhône-Alpes"
75,Chanoz-Châtenay,Auvergne-Rhône-Alpes,Ain,1400,46.186,5.028,"Chanoz-Châtenay (1400), Auvergne-Rhône-Alpes"
76,La Chapelle-du-Châtelard,Auvergne-Rhône-Alpes,Ain,1240,46.074,5.022,"La Chapelle-du-Châtelard (1240), Auvergne-Rhône-Alpes"
77,Charix,Auvergne-Rhône-Alpes,Ain,1130,46.186,5.681,"Charix (1130), Auvergne-Rhône-Alpes"
78,Charnoz-sur-Ain,Auvergne-Rhône-Alpes,Ain,1800,45.874,5.221,"Charnoz-sur-Ain (1800), Auvergne-Rhône-Alpes"
79,Château-Gaillard,Auvergne-Rhône-Alpes,Ain,1500,45.973,5.308,"Château-Gaillard (1500), Auvergne-Rhône-Alpes"
80,Châtenay,Auvergne-Rhône-Alpes,Ain,1320,46.026,5.205,"Châtenay (1320), Auvergne-Rhône-Alpes"
81,Châtillon-la-Palud,Auvergne-Rhône-Alpes,Ain,1320,45.975,5.242,"Châtillon-la-Palud (1320), Auvergne-Rhône-Alpes"
82,Châtillon-sur-Chalaronne,Auvergne-Rhône-Alpes,Ain,1400,46.123,4.958,"Châtillon-sur-Chalaronne (1400), Auvergne-Rhône-Alpes"
83,Chavannes-sur-Reyssouze,Auvergne-Rhône-Alpes,Ain,1190,46.438,5.007,"Chavannes-sur-Reyssouze (1190), Auvergne-Rhône-Alpes"
84,Nivigne et Suran,Auvergne-Rhône-Alpes,Ain,1250,46.275,5.416,"Nivigne et Suran (1250), Auvergne-Rhône-Alpes"
85,Chaveyriat,Auvergne-Rhône-Alpes,Ain,1660,46.199,5.056,"Chaveyriat (1660), Auvergne-Rhône-Alpes"
86,Chazey-Bons,Auvergne-Rhône-Alpes,Ain,1300,45.793,5.685,"Chazey-Bons (1300), Auvergne-Rhône-Alpes"
87,Chazey-sur-Ain,Auvergne-Rhône-Alpes,Ain,1150,45.893,5.255,"Chazey-sur-Ain (1150), Auvergne-Rhône-Alpes"
88,Cheignieu-la-Balme,Auvergne-Rhône-Alpes,Ain,1510,45.823,5.605,"Cheignieu-la-Balme (1510), Auvergne-Rhône-Alpes"
89,Chevillard,Auvergne-Rhône-Alpes,Ain,1430,46.11,5.581,"Chevillard (1430), Auvergne-Rhône-Alpes"
90,Chevroux,Auvergne-Rhône-Alpes,Ain,1190,46.382,4.963,"Chevroux (1190), Auvergne-Rhône-Alpes"
91,Chevry,Auvergne-Rhône-Alpes,Ain,1170,46.283,6.047,"Chevry (1170), Auvergne-Rhône-Alpes"
92,Chézery-Forens,Auvergne-Rhône-Alpes,Ain,1410,46.223,5.872,"Chézery-Forens (1410), Auvergne-Rhône-Alpes"
93,Civrieux,Auvergne-Rhône-Alpes,Ain,1390,45.922,4.886,"Civrieux (1390), Auvergne-Rhône-Alpes"
94,Cize,Auvergne-Rhône-Alpes,Ain,1250,46.2,5.451,"Cize (1250), Auvergne-Rhône-Alpes"
95,Cleyzieu,Auvergne-Rhône-Alpes,Ain,1230,45.902,5.433,"Cleyzieu (1230), Auvergne-Rhône-Alpes"
96,Coligny,Auvergne-Rhône-Alpes,Ain,1270,46.387,5.331,"Coligny (1270), Auvergne-Rhône-Alpes"
97,Collonges,Auvergne-Rhône-Alpes,Ain,1550,46.142,5.9,"Collonges (1550), Auvergne-Rhône-Alpes"
98,Colomieu,Auvergne-Rhône-Alpes,Ain,1300,45.736,5.627,"Colomieu (1300), Auvergne-Rhône-Alpes"
99,Conand,Auvergne-Rhône-Alpes,Ain,1230,45.884,5.475,"Conand (1230), Auvergne-Rhône-Alpes"
100,Condamine,Auvergne-Rhône-Alpes,Ain,1430,46.106,5.556,"Condamine (1430), Auvergne-Rhône-Alpes"
101,Condeissiat,Auvergne-Rhône-Alpes,Ain,1400,46.154,5.084,"Condeissiat (1400), Auvergne-Rhône-Alpes"
102,Confort,Auvergne-Rhône-Alpes,Ain,1200,46.154,5.833,"Confort (1200), Auvergne-Rhône-Alpes"
103,Confrançon,Auvergne-Rhône-Alpes,Ain,1310,46.27,5.058,"Confrançon (1310), Auvergne-Rhône-Alpes"
104,Contrevoz,Auvergne-Rhône-Alpes,Ain,1300,45.801,5.621,"Contrevoz (1300), Auvergne-Rhône-Alpes"
105,Conzieu,Auvergne-Rhône-Alpes,Ain,1300,45.725,5.604,"Conzieu (1300), Auvergne-Rhône-Alpes"
106,Corbonod,Auvergne-Rhône-Alpes,Ain,1420,45.966,5.79,"Corbonod (1420), Auvergne-Rhône-Alpes"
107,Corlier,Auvergne-Rhône-Alpes,Ain,1110,46.034,5.496,"Corlier (1110), Auvergne-Rhône-Alpes"
108,Cormoranche-sur-Saône,Auvergne-Rhône-Alpes,Ain,1290,46.24,4.828,"Cormoranche-sur-Saône (1290), Auvergne-Rhône-Alpes"
109,Cormoz,Auvergne-Rhône-Alpes,Ain,1560,46.434,5.222,"Cormoz (1560), Auvergne-Rhône-Alpes"
110,Corveissiat,Auvergne-Rhône-Alpes,Ain,1250,46.25,5.472,"Corveissiat (1250), Auvergne-Rhône-Alpes"
111,Courmangoux,Auvergne-Rhône-Alpes,Ain,1370,46.327,5.356,"Courmangoux (1370), Auvergne-Rhône-Alpes"
112,Courtes,Auvergne-Rhône-Alpes,Ain,1560,46.457,5.111,"Courtes (1560), Auvergne-Rhône-Alpes"
113,Crans,Auvergne-Rhône-Alpes,Ain,1320,45.966,5.195,"Crans (1320), Auvergne-Rhône-Alpes"
114,Bresse Vallons,Auvergne-Rhône-Alpes,Ain,1340,46.313,5.178,"Bresse Vallons (1340), Auvergne-Rhône-Alpes"
115,Cressin-Rochefort,Auvergne-Rhône-Alpes,Ain,1350,45.783,5.766,"Cressin-Rochefort (1350), Auvergne-Rhône-Alpes"
116,Crottet,Auvergne-Rhône-Alpes,Ain,1290,46.283,4.878,"Crottet (1290), Auvergne-Rhône-Alpes"
117,Crozet,Auvergne-Rhône-Alpes,Ain,1170,46.292,5.995,"Crozet (1170), Auvergne-Rhône-Alpes"
118,Cruzilles-lès-Mépillat,Auvergne-Rhône-Alpes,Ain,1290,46.222,4.875,"Cruzilles-lès-Mépillat (1290), Auvergne-Rhône-Alpes"
119,Culoz-Béon,Auvergne-Rhône-Alpes,Ain,1350,45.856,5.784,"Culoz-Béon (1350), Auvergne-Rhône-Alpes"
120,Curciat-Dongalon,Auvergne-Rhône-Alpes,Ain,1560,46.488,5.163,"Curciat-Dongalon (1560), Auvergne-Rhône-Alpes"
121,Curtafond,Auvergne-Rhône-Alpes,Ain,1310,46.273,5.102,"Curtafond (1310), Auvergne-Rhône-Alpes"
122,Cuzieu,Auvergne-Rhône-Alpes,Ain,1300,45.82,5.677,"Cuzieu (1300), Auvergne-Rhône-Alpes"
123,Dagneux,Auvergne-Rhône-Alpes,Ain,1120,45.853,5.073,"Dagneux (1120), Auvergne-Rhône-Alpes"
124,Divonne-les-Bains,Auvergne-Rhône-Alpes,Ain,1220,46.376,6.116,"Divonne-les-Bains (1220), Auvergne-Rhône-Alpes"
125,Dompierre-sur-Veyle,Auvergne-Rhône-Alpes,Ain,1240,46.067,5.217,"Dompierre-sur-Veyle (1240), Auvergne-Rhône-Alpes"
126,Dompierre-sur-Chalaronne,Auvergne-Rhône-Alpes,Ain,1400,46.142,4.901,"Dompierre-sur-Chalaronne (1400), Auvergne-Rhône-Alpes"
127,Domsure,Auvergne-Rhône-Alpes,Ain,1270,46.424,5.293,"Domsure (1270), Auvergne-Rhône-Alpes"
128,Dortan,Auvergne-Rhône-Alpes,Ain,1590,46.313,5.642,"Dortan (1590), Auvergne-Rhône-Alpes"
129,Douvres,Auvergne-Rhône-Alpes,Ain,1500,45.984,5.371,"Douvres (1500), Auvergne-Rhône-Alpes"
130,Drom,Auvergne-Rhône-Alpes,Ain,1250,46.22,5.368,"Drom (1250), Auvergne-Rhône-Alpes"
131,Druillat,Auvergne-Rhône-Alpes,Ain,1160,46.068,5.294,"Druillat (1160), Auvergne-Rhône-Alpes"
132,Échallon,Auvergne-Rhône-Alpes,Ain,1130,46.227,5.733,"Échallon (1130), Auvergne-Rhône-Alpes"
133,Échenevex,Auvergne-Rhône-Alpes,Ain,1170,46.316,6.019,"Échenevex (1170), Auvergne-Rhône-Alpes"
134,Évosges,Auvergne-Rhône-Alpes,Ain,1230,45.965,5.503,"Évosges (1230), Auvergne-Rhône-Alpes"
135,Faramans,Auvergne-Rhône-Alpes,Ain,1800,45.91,5.125,"Faramans (1800), Auvergne-Rhône-Alpes"
136,Fareins,Auvergne-Rhône-Alpes,Ain,1480,46.021,4.762,"Fareins (1480), Auvergne-Rhône-Alpes"
137,Farges,Auvergne-Rhône-Alpes,Ain,1550,46.166,5.9,"Farges (1550), Auvergne-Rhône-Alpes"
138,Feillens,Auvergne-Rhône-Alpes,Ain,1570,46.337,4.885,"Feillens (1570), Auvergne-Rhône-Alpes"
139,Ferney-Voltaire,Auvergne-Rhône-Alpes,Ain,1210,46.252,6.108,"Ferney-Voltaire (1210), Auvergne-Rhône-Alpes"
140,Flaxieu,Auvergne-Rhône-Alpes,Ain,1350,45.811,5.745,"Flaxieu (1350), Auvergne-Rhône-Alpes"
141,Foissiat,Auvergne-Rhône-Alpes,Ain,1340,46.378,5.185,"Foissiat (1340), Auvergne-Rhône-Alpes"
142,Francheleins,Auvergne-Rhône-Alpes,Ain,1090,46.074,4.813,"Francheleins (1090), Auvergne-Rhône-Alpes"
143,Frans,Auvergne-Rhône-Alpes,Ain,1480,45.994,4.78,"Frans (1480), Auvergne-Rhône-Alpes"
144,Garnerans,Auvergne-Rhône-Alpes,Ain,1140,46.214,4.828,"Garnerans (1140), Auvergne-Rhône-Alpes"
145,Genouilleux,Auvergne-Rhône-Alpes,Ain,1090,46.12,4.793,"Genouilleux (1090), Auvergne-Rhône-Alpes"
146,Béard-Géovreissiat,Auvergne-Rhône-Alpes,Ain,1460,46.19,5.551,"Béard-Géovreissiat (1460), Auvergne-Rhône-Alpes"
147,Géovreisset,Auvergne-Rhône-Alpes,Ain,1100,46.251,5.613,"Géovreisset (1100), Auvergne-Rhône-Alpes"
148,Gex,Auvergne-Rhône-Alpes,Ain,1170,46.347,6.046,"Gex (1170), Auvergne-Rhône-Alpes"
149,Giron,Auvergne-Rhône-Alpes,Ain,1130,46.223,5.78,"Giron (1130), Auvergne-Rhône-Alpes"
150,Gorrevod,Auvergne-Rhône-Alpes,Ain,1190,46.415,4.951,"Gorrevod (1190), Auvergne-Rhône-Alpes"
151,Grand-Corent,Auvergne-Rhône-Alpes,Ain,1250,46.207,5.433,"Grand-Corent (1250), Auvergne-Rhône-Alpes"
152,Grièges,Auvergne-Rhône-Alpes,Ain,1290,46.263,4.846,"Grièges (1290), Auvergne-Rhône-Alpes"
153,Grilly,Auvergne-Rhône-Alpes,Ain,1220,46.332,6.114,"Grilly (1220), Auvergne-Rhône-Alpes"
154,Groissiat,Auvergne-Rhône-Alpes,Ain,1100,46.226,5.611,"Groissiat (1100), Auvergne-Rhône-Alpes"
155,Guéreins,Auvergne-Rhône-Alpes,Ain,1090,46.107,4.782,"Guéreins (1090), Auvergne-Rhône-Alpes"
156,Hautecourt-Romanèche,Auvergne-Rhône-Alpes,Ain,1250,46.161,5.429,"Hautecourt-Romanèche (1250), Auvergne-Rhône-Alpes"
157,Plateau d'Hauteville,Auvergne-Rhône-Alpes,Ain,1110,45.97,5.576,"Plateau d'Hauteville (1110), Auvergne-Rhône-Alpes"
158,Haut Valromey,Auvergne-Rhône-Alpes,Ain,1260,46.032,5.703,"Haut Valromey (1260), Auvergne-Rhône-Alpes"
159,Illiat,Auvergne-Rhône-Alpes,Ain,1140,46.187,4.888,"Illiat (1140), Auvergne-Rhône-Alpes"
160,Injoux-Génissiat,Auvergne-Rhône-Alpes,Ain,1200,46.05,5.76,"Injoux-Génissiat (1200), Auvergne-Rhône-Alpes"
161,Innimond,Auvergne-Rhône-Alpes,Ain,1680,45.792,5.574,"Innimond (1680), Auvergne-Rhône-Alpes"
162,Izenave,Auvergne-Rhône-Alpes,Ain,1430,46.038,5.524,"Izenave (1430), Auvergne-Rhône-Alpes"
163,Izernore,Auvergne-Rhône-Alpes,Ain,1580,46.218,5.563,"Izernore (1580), Auvergne-Rhône-Alpes"
164,Izieu,Auvergne-Rhône-Alpes,Ain,1300,45.656,5.639,"Izieu (1300), Auvergne-Rhône-Alpes"
165,Jassans-Riottier,Auvergne-Rhône-Alpes,Ain,1480,45.978,4.76,"Jassans-Riottier (1480), Auvergne-Rhône-Alpes"
166,Jasseron,Auvergne-Rhône-Alpes,Ain,1250,46.215,5.312,"Jasseron (1250), Auvergne-Rhône-Alpes"
167,Jayat,Auvergne-Rhône-Alpes,Ain,1340,46.366,5.114,"Jayat (1340), Auvergne-Rhône-Alpes"
168,Journans,Auvergne-Rhône-Alpes,Ain,1250,46.146,5.334,"Journans (1250), Auvergne-Rhône-Alpes"
169,Joyeux,Auvergne-Rhône-Alpes,Ain,1800,45.95,5.103,"Joyeux (1800), Auvergne-Rhône-Alpes"
170,Jujurieux,Auvergne-Rhône-Alpes,Ain,1640,46.05,5.411,"Jujurieux (1640), Auvergne-Rhône-Alpes"
171,Labalme,Auvergne-Rhône-Alpes,Ain,1450,46.093,5.494,"Labalme (1450), Auvergne-Rhône-Alpes"
172,Lagnieu,Auvergne-Rhône-Alpes,Ain,1150,45.892,5.329,"Lagnieu (1150), Auvergne-Rhône-Alpes"
173,Laiz,Auvergne-Rhône-Alpes,Ain,1290,46.247,4.899,"Laiz (1290), Auvergne-Rhône-Alpes"
174,Le Poizat-Lalleyriat,Auvergne-Rhône-Alpes,Ain,1130,46.148,5.718,"Le Poizat-Lalleyriat (1130), Auvergne-Rhône-Alpes"
175,Lantenay,Auvergne-Rhône-Alpes,Ain,1430,46.054,5.541,"Lantenay (1430), Auvergne-Rhône-Alpes"
176,Lapeyrouse,Auvergne-Rhône-Alpes,Ain,1330,45.986,4.982,"Lapeyrouse (1330), Auvergne-Rhône-Alpes"
177,Lavours,Auvergne-Rhône-Alpes,Ain,1350,45.811,5.773,"Lavours (1350), Auvergne-Rhône-Alpes"
178,Léaz,Auvergne-Rhône-Alpes,Ain,1200,46.109,5.876,"Léaz (1200), Auvergne-Rhône-Alpes"
179,Lélex,Auvergne-Rhône-Alpes,Ain,1410,46.286,5.929,"Lélex (1410), Auvergne-Rhône-Alpes"
180,Lent,Auvergne-Rhône-Alpes,Ain,1240,46.116,5.202,"Lent (1240), Auvergne-Rhône-Alpes"
181,Lescheroux,Auvergne-Rhône-Alpes,Ain,1560,46.412,5.151,"Lescheroux (1560), Auvergne-Rhône-Alpes"
182,Leyment,Auvergne-Rhône-Alpes,Ain,1150,45.927,5.295,"Leyment (1150), Auvergne-Rhône-Alpes"
183,Leyssard,Auvergne-Rhône-Alpes,Ain,1450,46.162,5.476,"Leyssard (1450), Auvergne-Rhône-Alpes"
184,Surjoux-Lhopital,Auvergne-Rhône-Alpes,Ain,1420,46.024,5.762,"Surjoux-Lhopital (1420), Auvergne-Rhône-Alpes"
185,Lhuis,Auvergne-Rhône-Alpes,Ain,1680,45.744,5.536,"Lhuis (1680), Auvergne-Rhône-Alpes"
186,Lompnas,Auvergne-Rhône-Alpes,Ain,1680,45.811,5.523,"Lompnas (1680), Auvergne-Rhône-Alpes"
187,Loyettes,Auvergne-Rhône-Alpes,Ain,1360,45.792,5.218,"Loyettes (1360), Auvergne-Rhône-Alpes"
188,Lurcy,Auvergne-Rhône-Alpes,Ain,1090,46.062,4.781,"Lurcy (1090), Auvergne-Rhône-Alpes"
189,Magnieu,Auvergne-Rhône-Alpes,Ain,1300,45.775,5.715,"Magnieu (1300), Auvergne-Rhône-Alpes"
190,Maillat,Auvergne-Rhône-Alpes,Ain,1430,46.12,5.528,"Maillat (1430), Auvergne-Rhône-Alpes"
191,Malafretaz,Auvergne-Rhône-Alpes,Ain,1340,46.33,5.144,"Malafretaz (1340), Auvergne-Rhône-Alpes"
192,Mantenay-Montlin,Auvergne-Rhône-Alpes,Ain,1560,46.43,5.107,"Mantenay-Montlin (1560), Auvergne-Rhône-Alpes"
193,Manziat,Auvergne-Rhône-Alpes,Ain,1570,46.364,4.902,"Manziat (1570), Auvergne-Rhône-Alpes"
194,Marboz,Auvergne-Rhône-Alpes,Ain,1851,46.343,5.244,"Marboz (1851), Auvergne-Rhône-Alpes"
195,Marchamp,Auvergne-Rhône-Alpes,Ain,1680,45.774,5.55,"Marchamp (1680), Auvergne-Rhône-Alpes"
196,Marignieu,Auvergne-Rhône-Alpes,Ain,1300,45.801,5.716,"Marignieu (1300), Auvergne-Rhône-Alpes"
197,Marlieux,Auvergne-Rhône-Alpes,Ain,1240,46.055,5.074,"Marlieux (1240), Auvergne-Rhône-Alpes"
198,Marsonnas,Auvergne-Rhône-Alpes,Ain,1340,46.341,5.064,"Marsonnas (1340), Auvergne-Rhône-Alpes"
199,Martignat,Auvergne-Rhône-Alpes,Ain,1100,46.203,5.614,"Martignat (1100), Auvergne-Rhône-Alpes"
200,Massieux,Auvergne-Rhône-Alpes,Ain,1600,45.909,4.828,"Massieux (1600), Auvergne-Rhône-Alpes"
201,Massignieu-de-Rives,Auvergne-Rhône-Alpes,Ain,1300,45.757,5.762,"Massignieu-de-Rives (1300), Auvergne-Rhône-Alpes"
202,Matafelon-Granges,Auvergne-Rhône-Alpes,Ain,1580,46.256,5.54,"Matafelon-Granges (1580), Auvergne-Rhône-Alpes"
203,Meillonnas,Auvergne-Rhône-Alpes,Ain,1370,46.245,5.336,"Meillonnas (1370), Auvergne-Rhône-Alpes"
204,Mérignat,Auvergne-Rhône-Alpes,Ain,1450,46.065,5.442,"Mérignat (1450), Auvergne-Rhône-Alpes"
205,Messimy-sur-Saône,Auvergne-Rhône-Alpes,Ain,1480,46.047,4.759,"Messimy-sur-Saône (1480), Auvergne-Rhône-Alpes"
206,Meximieux,Auvergne-Rhône-Alpes,Ain,1800,45.906,5.204,"Meximieux (1800), Auvergne-Rhône-Alpes"
207,Bohas-Meyriat-Rignat,Auvergne-Rhône-Alpes,Ain,1250,46.143,5.378,"Bohas-Meyriat-Rignat (1250), Auvergne-Rhône-Alpes"
208,Mézériat,Auvergne-Rhône-Alpes,Ain,1660,46.242,5.047,"Mézériat (1660), Auvergne-Rhône-Alpes"
209,Mijoux,Auvergne-Rhône-Alpes,Ain,1170,46.362,6.009,"Mijoux (1170), Auvergne-Rhône-Alpes"
210,Mionnay,Auvergne-Rhône-Alpes,Ain,1390,45.896,4.924,"Mionnay (1390), Auvergne-Rhône-Alpes"
211,Miribel,Auvergne-Rhône-Alpes,Ain,1700,45.844,4.941,"Miribel (1700), Auvergne-Rhône-Alpes"
212,Misérieux,Auvergne-Rhône-Alpes,Ain,1600,45.976,4.81,"Misérieux (1600), Auvergne-Rhône-Alpes"
213,Mogneneins,Auvergne-Rhône-Alpes,Ain,1140,46.145,4.82,"Mogneneins (1140), Auvergne-Rhône-Alpes"
214,Montagnat,Auvergne-Rhône-Alpes,Ain,1250,46.169,5.28,"Montagnat (1250), Auvergne-Rhône-Alpes"
215,Montagnieu,Auvergne-Rhône-Alpes,Ain,1470,45.799,5.464,"Montagnieu (1470), Auvergne-Rhône-Alpes"
216,Montanges,Auvergne-Rhône-Alpes,Ain,1200,46.173,5.79,"Montanges (1200), Auvergne-Rhône-Alpes"
217,Montceaux,Auvergne-Rhône-Alpes,Ain,1090,46.096,4.804,"Montceaux (1090), Auvergne-Rhône-Alpes"
218,Montcet,Auvergne-Rhône-Alpes,Ain,1310,46.219,5.112,"Montcet (1310), Auvergne-Rhône-Alpes"
219,Le Montellier,Auvergne-Rhône-Alpes,Ain,1800,45.929,5.071,"Le Montellier (1800), Auvergne-Rhône-Alpes"
220,Monthieux,Auvergne-Rhône-Alpes,Ain,1390,45.962,4.946,"Monthieux (1390), Auvergne-Rhône-Alpes"
221,Montluel,Auvergne-Rhône-Alpes,Ain,1120,45.891,5.02,"Montluel (1120), Auvergne-Rhône-Alpes"
222,Montmerle-sur-Saône,Auvergne-Rhône-Alpes,Ain,1090,46.085,4.761,"Montmerle-sur-Saône (1090), Auvergne-Rhône-Alpes"
223,Montracol,Auvergne-Rhône-Alpes,Ain,1310,46.187,5.117,"Montracol (1310), Auvergne-Rhône-Alpes"
224,Montréal-la-Cluse,Auvergne-Rhône-Alpes,Ain,1460,46.18,5.595,"Montréal-la-Cluse (1460), Auvergne-Rhône-Alpes"
225,Montrevel-en-Bresse,Auvergne-Rhône-Alpes,Ain,1340,46.325,5.113,"Montrevel-en-Bresse (1340), Auvergne-Rhône-Alpes"
226,Nurieux-Volognat,Auvergne-Rhône-Alpes,Ain,1460,46.183,5.514,"Nurieux-Volognat (1460), Auvergne-Rhône-Alpes"
227,Murs-et-Gélignieux,Auvergne-Rhône-Alpes,Ain,1300,45.642,5.66,"Murs-et-Gélignieux (1300), Auvergne-Rhône-Alpes"
228,Nantua,Auvergne-Rhône-Alpes,Ain,1130,46.154,5.614,"Nantua (1130), Auvergne-Rhône-Alpes"
229,Neuville-les-Dames,Auvergne-Rhône-Alpes,Ain,1400,46.157,5.009,"Neuville-les-Dames (1400), Auvergne-Rhône-Alpes"
230,Neuville-sur-Ain,Auvergne-Rhône-Alpes,Ain,1160,46.091,5.374,"Neuville-sur-Ain (1160), Auvergne-Rhône-Alpes"
231,Les Neyrolles,Auvergne-Rhône-Alpes,Ain,1130,46.134,5.637,"Les Neyrolles (1130), Auvergne-Rhône-Alpes"
232,Neyron,Auvergne-Rhône-Alpes,Ain,1700,45.818,4.931,"Neyron (1700), Auvergne-Rhône-Alpes"
233,Niévroz,Auvergne-Rhône-Alpes,Ain,1120,45.822,5.06,"Niévroz (1120), Auvergne-Rhône-Alpes"
234,Nivollet-Montgriffon,Auvergne-Rhône-Alpes,Ain,1230,46.0,5.458,"Nivollet-Montgriffon (1230), Auvergne-Rhône-Alpes"
235,Oncieu,Auvergne-Rhône-Alpes,Ain,1230,45.965,5.472,"Oncieu (1230), Auvergne-Rhône-Alpes"
236,Ordonnaz,Auvergne-Rhône-Alpes,Ain,1510,45.834,5.54,"Ordonnaz (1510), Auvergne-Rhône-Alpes"
237,Ornex,Auvergne-Rhône-Alpes,Ain,1210,46.278,6.094,"Ornex (1210), Auvergne-Rhône-Alpes"
238,Outriaz,Auvergne-Rhône-Alpes,Ain,1430,46.068,5.557,"Outriaz (1430), Auvergne-Rhône-Alpes"
239,Oyonnax,Auvergne-Rhône-Alpes,Ain,1100,46.26,5.653,"Oyonnax (1100), Auvergne-Rhône-Alpes"
240,Ozan,Auvergne-Rhône-Alpes,Ain,1190,46.387,4.918,"Ozan (1190), Auvergne-Rhône-Alpes"
241,Parcieux,Auvergne-Rhône-Alpes,Ain,1600,45.918,4.828,"Parcieux (1600), Auvergne-Rhône-Alpes"
242,Parves et Nattages,Auvergne-Rhône-Alpes,Ain,1300,45.744,5.738,"Parves et Nattages (1300), Auvergne-Rhône-Alpes"
243,Péron,Auvergne-Rhône-Alpes,Ain,1630,46.191,5.92,"Péron (1630), Auvergne-Rhône-Alpes"
244,Péronnas,Auvergne-Rhône-Alpes,Ain,1960,46.171,5.218,"Péronnas (1960), Auvergne-Rhône-Alpes"
245,Pérouges,Auvergne-Rhône-Alpes,Ain,1800,45.88,5.18,"Pérouges (1800), Auvergne-Rhône-Alpes"
246,Perrex,Auvergne-Rhône-Alpes,Ain,1540,46.246,4.975,"Perrex (1540), Auvergne-Rhône-Alpes"
247,Peyriat,Auvergne-Rhône-Alpes,Ain,1430,46.15,5.506,"Peyriat (1430), Auvergne-Rhône-Alpes"
248,Peyrieu,Auvergne-Rhône-Alpes,Ain,1300,45.676,5.679,"Peyrieu (1300), Auvergne-Rhône-Alpes"
249,Peyzieux-sur-Saône,Auvergne-Rhône-Alpes,Ain,1140,46.123,4.822,"Peyzieux-sur-Saône (1140), Auvergne-Rhône-Alpes"
250,Pirajoux,Auvergne-Rhône-Alpes,Ain,1270,46.386,5.274,"Pirajoux (1270), Auvergne-Rhône-Alpes"
251,Pizay,Auvergne-Rhône-Alpes,Ain,1120,45.893,5.089,"Pizay (1120), Auvergne-Rhône-Alpes"
252,Plagne,Auvergne-Rhône-Alpes,Ain,1130,46.188,5.718,"Plagne (1130), Auvergne-Rhône-Alpes"
253,Le Plantay,Auvergne-Rhône-Alpes,Ain,1330,46.023,5.089,"Le Plantay (1330), Auvergne-Rhône-Alpes"
254,Polliat,Auvergne-Rhône-Alpes,Ain,1310,46.246,5.138,"Polliat (1310), Auvergne-Rhône-Alpes"
255,Pollieu,Auvergne-Rhône-Alpes,Ain,1350,45.796,5.748,"Pollieu (1350), Auvergne-Rhône-Alpes"
256,Poncin,Auvergne-Rhône-Alpes,Ain,1450,46.09,5.417,"Poncin (1450), Auvergne-Rhône-Alpes"
257,Pont-d'Ain,Auvergne-Rhône-Alpes,Ain,1160,46.054,5.347,"Pont-d'Ain (1160), Auvergne-Rhône-Alpes"
258,Pont-de-Vaux,Auvergne-Rhône-Alpes,Ain,1190,46.442,4.929,"Pont-de-Vaux (1190), Auvergne-Rhône-Alpes"
259,Pont-de-Veyle,Auvergne-Rhône-Alpes,Ain,1290,46.264,4.882,"Pont-de-Veyle (1290), Auvergne-Rhône-Alpes"
260,Port,Auvergne-Rhône-Alpes,Ain,1460,46.156,5.576,"Port (1460), Auvergne-Rhône-Alpes"
261,Pougny,Auvergne-Rhône-Alpes,Ain,1550,46.145,5.951,"Pougny (1550), Auvergne-Rhône-Alpes"
262,Pouillat,Auvergne-Rhône-Alpes,Ain,1250,46.322,5.423,"Pouillat (1250), Auvergne-Rhône-Alpes"
263,Prémeyzel,Auvergne-Rhône-Alpes,Ain,1300,45.681,5.644,"Prémeyzel (1300), Auvergne-Rhône-Alpes"
264,Prémillieu,Auvergne-Rhône-Alpes,Ain,1110,45.876,5.565,"Prémillieu (1110), Auvergne-Rhône-Alpes"
265,Prévessin-Moëns,Auvergne-Rhône-Alpes,Ain,1280,46.258,6.072,"Prévessin-Moëns (1280), Auvergne-Rhône-Alpes"
266,Priay,Auvergne-Rhône-Alpes,Ain,1160,46.02,5.285,"Priay (1160), Auvergne-Rhône-Alpes"
267,Ramasse,Auvergne-Rhône-Alpes,Ain,1250,46.191,5.356,"Ramasse (1250), Auvergne-Rhône-Alpes"
268,Rancé,Auvergne-Rhône-Alpes,Ain,1390,45.967,4.863,"Rancé (1390), Auvergne-Rhône-Alpes"
269,Relevant,Auvergne-Rhône-Alpes,Ain,1990,46.084,4.942,"Relevant (1990), Auvergne-Rhône-Alpes"
270,Replonges,Auvergne-Rhône-Alpes,Ain,1750,46.308,4.875,"Replonges (1750), Auvergne-Rhône-Alpes"
271,Revonnas,Auvergne-Rhône-Alpes,Ain,1250,46.162,5.335,"Revonnas (1250), Auvergne-Rhône-Alpes"
272,Reyrieux,Auvergne-Rhône-Alpes,Ain,1600,45.937,4.828,"Reyrieux (1600), Auvergne-Rhône-Alpes"
273,Reyssouze,Auvergne-Rhône-Alpes,Ain,1190,46.429,4.913,"Reyssouze (1190), Auvergne-Rhône-Alpes"
274,Rignieux-le-Franc,Auvergne-Rhône-Alpes,Ain,1800,45.952,5.169,"Rignieux-le-Franc (1800), Auvergne-Rhône-Alpes"
275,Romans,Auvergne-Rhône-Alpes,Ain,1400,46.124,5.022,"Romans (1400), Auvergne-Rhône-Alpes"
276,Rossillon,Auvergne-Rhône-Alpes,Ain,1510,45.836,5.599,"Rossillon (1510), Auvergne-Rhône-Alpes"
277,Ruffieu,Auvergne-Rhône-Alpes,Ain,1260,46.004,5.653,"Ruffieu (1260), Auvergne-Rhône-Alpes"
278,Saint-Alban,Auvergne-Rhône-Alpes,Ain,1450,46.098,5.456,"Saint-Alban (1450), Auvergne-Rhône-Alpes"
279,Saint-André-de-Bâgé,Auvergne-Rhône-Alpes,Ain,1380,46.298,4.914,"Saint-André-de-Bâgé (1380), Auvergne-Rhône-Alpes"
280,Saint-André-de-Corcy,Auvergne-Rhône-Alpes,Ain,1390,45.927,4.954,"Saint-André-de-Corcy (1390), Auvergne-Rhône-Alpes"
281,Saint-André-d'Huiriat,Auvergne-Rhône-Alpes,Ain,1290,46.214,4.913,"Saint-André-d'Huiriat (1290), Auvergne-Rhône-Alpes"
282,Saint-André-le-Bouchoux,Auvergne-Rhône-Alpes,Ain,1240,46.113,5.08,"Saint-André-le-Bouchoux (1240), Auvergne-Rhône-Alpes"
283,Saint-André-sur-Vieux-Jonc,Auvergne-Rhône-Alpes,Ain,1960,46.149,5.142,"Saint-André-sur-Vieux-Jonc (1960), Auvergne-Rhône-Alpes"
284,Saint-Bénigne,Auvergne-Rhône-Alpes,Ain,1190,46.452,4.953,"Saint-Bénigne (1190), Auvergne-Rhône-Alpes"
285,Groslée-Saint-Benoit,Auvergne-Rhône-Alpes,Ain,1300,45.689,5.584,"Groslée-Saint-Benoit (1300), Auvergne-Rhône-Alpes"
286,Saint-Bernard,Auvergne-Rhône-Alpes,Ain,1600,45.949,4.743,"Saint-Bernard (1600), Auvergne-Rhône-Alpes"
287,Sainte-Croix,Auvergne-Rhône-Alpes,Ain,1120,45.896,5.049,"Sainte-Croix (1120), Auvergne-Rhône-Alpes"
288,Saint-Cyr-sur-Menthon,Auvergne-Rhône-Alpes,Ain,1380,46.275,4.968,"Saint-Cyr-sur-Menthon (1380), Auvergne-Rhône-Alpes"
289,Saint-Denis-lès-Bourg,Auvergne-Rhône-Alpes,Ain,1000,46.211,5.185,"Saint-Denis-lès-Bourg (1000), Auvergne-Rhône-Alpes"
290,Saint-Denis-en-Bugey,Auvergne-Rhône-Alpes,Ain,1500,45.949,5.324,"Saint-Denis-en-Bugey (1500), Auvergne-Rhône-Alpes"
291,Saint-Didier-d'Aussiat,Auvergne-Rhône-Alpes,Ain,1340,46.307,5.058,"Saint-Didier-d'Aussiat (1340), Auvergne-Rhône-Alpes"
292,Saint-Didier-de-Formans,Auvergne-Rhône-Alpes,Ain,1600,45.956,4.778,"Saint-Didier-de-Formans (1600), Auvergne-Rhône-Alpes"
293,Saint-Didier-sur-Chalaronne,Auvergne-Rhône-Alpes,Ain,1140,46.184,4.816,"Saint-Didier-sur-Chalaronne (1140), Auvergne-Rhône-Alpes"
294,Saint-Éloi,Auvergne-Rhône-Alpes,Ain,1800,45.932,5.152,"Saint-Éloi (1800), Auvergne-Rhône-Alpes"
295,Saint-Étienne-du-Bois,Auvergne-Rhône-Alpes,Ain,1370,46.275,5.284,"Saint-Étienne-du-Bois (1370), Auvergne-Rhône-Alpes"
296,Saint-Étienne-sur-Chalaronne,Auvergne-Rhône-Alpes,Ain,1140,46.147,4.867,"Saint-Étienne-sur-Chalaronne (1140), Auvergne-Rhône-Alpes"
297,Saint-Étienne-sur-Reyssouze,Auvergne-Rhône-Alpes,Ain,1190,46.403,5.006,"Saint-Étienne-sur-Reyssouze (1190), Auvergne-Rhône-Alpes"
298,Sainte-Euphémie,Auvergne-Rhône-Alpes,Ain,1600,45.967,4.795,"Sainte-Euphémie (1600), Auvergne-Rhône-Alpes"
299,Saint-Genis-Pouilly,Auvergne-Rhône-Alpes,Ain,1630,46.254,6.036,"Saint-Genis-Pouilly (1630), Auvergne-Rhône-Alpes"
300,Saint-Genis-sur-Menthon,Auvergne-Rhône-Alpes,Ain,1380,46.282,5.013,"Saint-Genis-sur-Menthon (1380), Auvergne-Rhône-Alpes"
301,Saint-Georges-sur-Renon,Auvergne-Rhône-Alpes,Ain,1400,46.104,5.03,"Saint-Georges-sur-Renon (1400), Auvergne-Rhône-Alpes"
302,Saint-Germain-de-Joux,Auvergne-Rhône-Alpes,Ain,1130,46.182,5.747,"Saint-Germain-de-Joux (1130), Auvergne-Rhône-Alpes"
303,Saint-Germain-les-Paroisses,Auvergne-Rhône-Alpes,Ain,1300,45.771,5.618,"Saint-Germain-les-Paroisses (1300), Auvergne-Rhône-Alpes"
304,Saint-Germain-sur-Renon,Auvergne-Rhône-Alpes,Ain,1240,46.08,5.061,"Saint-Germain-sur-Renon (1240), Auvergne-Rhône-Alpes"
305,Saint-Jean-de-Gonville,Auvergne-Rhône-Alpes,Ain,1630,46.218,5.942,"Saint-Jean-de-Gonville (1630), Auvergne-Rhône-Alpes"
306,Saint-Jean-de-Niost,Auvergne-Rhône-Alpes,Ain,1800,45.84,5.212,"Saint-Jean-de-Niost (1800), Auvergne-Rhône-Alpes"
307,Saint-Jean-de-Thurigneux,Auvergne-Rhône-Alpes,Ain,1390,45.96,4.899,"Saint-Jean-de-Thurigneux (1390), Auvergne-Rhône-Alpes"
308,Saint-Jean-le-Vieux,Auvergne-Rhône-Alpes,Ain,1640,46.029,5.382,"Saint-Jean-le-Vieux (1640), Auvergne-Rhône-Alpes"
309,Saint-Jean-sur-Reyssouze,Auvergne-Rhône-Alpes,Ain,1560,46.397,5.063,"Saint-Jean-sur-Reyssouze (1560), Auvergne-Rhône-Alpes"
310,Saint-Jean-sur-Veyle,Auvergne-Rhône-Alpes,Ain,1290,46.268,4.922,"Saint-Jean-sur-Veyle (1290), Auvergne-Rhône-Alpes"
311,Sainte-Julie,Auvergne-Rhône-Alpes,Ain,1150,45.882,5.284,"Sainte-Julie (1150), Auvergne-Rhône-Alpes"
312,Saint-Julien-sur-Reyssouze,Auvergne-Rhône-Alpes,Ain,1560,46.4,5.104,"Saint-Julien-sur-Reyssouze (1560), Auvergne-Rhône-Alpes"
313,Saint-Julien-sur-Veyle,Auvergne-Rhône-Alpes,Ain,1540,46.202,4.959,"Saint-Julien-sur-Veyle (1540), Auvergne-Rhône-Alpes"
314,Saint-Just,Auvergne-Rhône-Alpes,Ain,1250,46.193,5.285,"Saint-Just (1250), Auvergne-Rhône-Alpes"
315,Saint-Laurent-sur-Saône,Auvergne-Rhône-Alpes,Ain,1750,46.305,4.84,"Saint-Laurent-sur-Saône (1750), Auvergne-Rhône-Alpes"
316,Saint-Marcel,Auvergne-Rhône-Alpes,Ain,1390,45.949,4.99,"Saint-Marcel (1390), Auvergne-Rhône-Alpes"
317,Saint-Martin-de-Bavel,Auvergne-Rhône-Alpes,Ain,1510,45.848,5.679,"Saint-Martin-de-Bavel (1510), Auvergne-Rhône-Alpes"
318,Saint-Martin-du-Frêne,Auvergne-Rhône-Alpes,Ain,1430,46.136,5.571,"Saint-Martin-du-Frêne (1430), Auvergne-Rhône-Alpes"
319,Saint-Martin-du-Mont,Auvergne-Rhône-Alpes,Ain,1160,46.106,5.326,"Saint-Martin-du-Mont (1160), Auvergne-Rhône-Alpes"
320,Saint-Martin-le-Châtel,Auvergne-Rhône-Alpes,Ain,1310,46.291,5.123,"Saint-Martin-le-Châtel (1310), Auvergne-Rhône-Alpes"
321,Saint-Maurice-de-Beynost,Auvergne-Rhône-Alpes,Ain,1700,45.834,4.977,"Saint-Maurice-de-Beynost (1700), Auvergne-Rhône-Alpes"
322,Saint-Maurice-de-Gourdans,Auvergne-Rhône-Alpes,Ain,1800,45.82,5.17,"Saint-Maurice-de-Gourdans (1800), Auvergne-Rhône-Alpes"
323,Saint-Maurice-de-Rémens,Auvergne-Rhône-Alpes,Ain,1500,45.953,5.271,"Saint-Maurice-de-Rémens (1500), Auvergne-Rhône-Alpes"
324,Saint-Nizier-le-Bouchoux,Auvergne-Rhône-Alpes,Ain,1560,46.453,5.176,"Saint-Nizier-le-Bouchoux (1560), Auvergne-Rhône-Alpes"
325,Saint-Nizier-le-Désert,Auvergne-Rhône-Alpes,Ain,1320,46.053,5.142,"Saint-Nizier-le-Désert (1320), Auvergne-Rhône-Alpes"
326,Sainte-Olive,Auvergne-Rhône-Alpes,Ain,1330,46.014,4.936,"Sainte-Olive (1330), Auvergne-Rhône-Alpes"
327,Saint-Paul-de-Varax,Auvergne-Rhône-Alpes,Ain,1240,46.096,5.128,"Saint-Paul-de-Varax (1240), Auvergne-Rhône-Alpes"
328,Saint-Rambert-en-Bugey,Auvergne-Rhône-Alpes,Ain,1230,45.95,5.44,"Saint-Rambert-en-Bugey (1230), Auvergne-Rhône-Alpes"
329,Saint-Rémy,Auvergne-Rhône-Alpes,Ain,1310,46.185,5.168,"Saint-Rémy (1310), Auvergne-Rhône-Alpes"
330,Saint-Sorlin-en-Bugey,Auvergne-Rhône-Alpes,Ain,1150,45.886,5.376,"Saint-Sorlin-en-Bugey (1150), Auvergne-Rhône-Alpes"
331,Saint-Sulpice,Auvergne-Rhône-Alpes,Ain,1340,46.321,5.042,"Saint-Sulpice (1340), Auvergne-Rhône-Alpes"
332,Saint-Trivier-de-Courtes,Auvergne-Rhône-Alpes,Ain,1560,46.461,5.067,"Saint-Trivier-de-Courtes (1560), Auvergne-Rhône-Alpes"
333,Saint-Trivier-sur-Moignans,Auvergne-Rhône-Alpes,Ain,1990,46.062,4.902,"Saint-Trivier-sur-Moignans (1990), Auvergne-Rhône-Alpes"
334,Saint-Vulbas,Auvergne-Rhône-Alpes,Ain,1150,45.822,5.27,"Saint-Vulbas (1150), Auvergne-Rhône-Alpes"
335,Salavre,Auvergne-Rhône-Alpes,Ain,1270,46.364,5.347,"Salavre (1270), Auvergne-Rhône-Alpes"
336,Samognat,Auvergne-Rhône-Alpes,Ain,1580,46.265,5.586,"Samognat (1580), Auvergne-Rhône-Alpes"
337,Sandrans,Auvergne-Rhône-Alpes,Ain,1400,46.066,4.983,"Sandrans (1400), Auvergne-Rhône-Alpes"
338,Sault-Brénaz,Auvergne-Rhône-Alpes,Ain,1150,45.865,5.404,"Sault-Brénaz (1150), Auvergne-Rhône-Alpes"
339,Sauverny,Auvergne-Rhône-Alpes,Ain,1220,46.313,6.11,"Sauverny (1220), Auvergne-Rhône-Alpes"
340,Savigneux,Auvergne-Rhône-Alpes,Ain,1480,45.997,4.858,"Savigneux (1480), Auvergne-Rhône-Alpes"
341,Ségny,Auvergne-Rhône-Alpes,Ain,1170,46.294,6.073,"Ségny (1170), Auvergne-Rhône-Alpes"
342,Seillonnaz,Auvergne-Rhône-Alpes,Ain,1470,45.798,5.498,"Seillonnaz (1470), Auvergne-Rhône-Alpes"
343,Sergy,Auvergne-Rhône-Alpes,Ain,1630,46.263,5.989,"Sergy (1630), Auvergne-Rhône-Alpes"
344,Sermoyer,Auvergne-Rhône-Alpes,Ain,1190,46.498,4.979,"Sermoyer (1190), Auvergne-Rhône-Alpes"
345,Serrières-de-Briord,Auvergne-Rhône-Alpes,Ain,1470,45.813,5.441,"Serrières-de-Briord (1470), Auvergne-Rhône-Alpes"
346,Serrières-sur-Ain,Auvergne-Rhône-Alpes,Ain,1450,46.147,5.45,"Serrières-sur-Ain (1450), Auvergne-Rhône-Alpes"
347,Servas,Auvergne-Rhône-Alpes,Ain,1960,46.139,5.179,"Servas (1960), Auvergne-Rhône-Alpes"
348,Servignat,Auvergne-Rhône-Alpes,Ain,1560,46.435,5.056,"Servignat (1560), Auvergne-Rhône-Alpes"
349,Seyssel,Auvergne-Rhône-Alpes,Ain,1420,45.948,5.826,"Seyssel (1420), Auvergne-Rhône-Alpes"
350,Simandre-sur-Suran,Auvergne-Rhône-Alpes,Ain,1250,46.234,5.422,"Simandre-sur-Suran (1250), Auvergne-Rhône-Alpes"
351,Sonthonnax-la-Montagne,Auvergne-Rhône-Alpes,Ain,1580,46.223,5.506,"Sonthonnax-la-Montagne (1580), Auvergne-Rhône-Alpes"
352,Souclin,Auvergne-Rhône-Alpes,Ain,1150,45.878,5.431,"Souclin (1150), Auvergne-Rhône-Alpes"
353,Sulignat,Auvergne-Rhône-Alpes,Ain,1400,46.174,4.958,"Sulignat (1400), Auvergne-Rhône-Alpes"
354,Talissieu,Auvergne-Rhône-Alpes,Ain,1510,45.864,5.721,"Talissieu (1510), Auvergne-Rhône-Alpes"
355,Tenay,Auvergne-Rhône-Alpes,Ain,1230,45.923,5.514,"Tenay (1230), Auvergne-Rhône-Alpes"
356,Thil,Auvergne-Rhône-Alpes,Ain,1120,45.817,5.018,"Thil (1120), Auvergne-Rhône-Alpes"
357,Thoiry,Auvergne-Rhône-Alpes,Ain,1710,46.244,5.965,"Thoiry (1710), Auvergne-Rhône-Alpes"
358,Thoissey,Auvergne-Rhône-Alpes,Ain,1140,46.17,4.794,"Thoissey (1140), Auvergne-Rhône-Alpes"
359,Torcieu,Auvergne-Rhône-Alpes,Ain,1230,45.921,5.404,"Torcieu (1230), Auvergne-Rhône-Alpes"
360,Tossiat,Auvergne-Rhône-Alpes,Ain,1250,46.138,5.304,"Tossiat (1250), Auvergne-Rhône-Alpes"
361,Toussieux,Auvergne-Rhône-Alpes,Ain,1600,45.96,4.829,"Toussieux (1600), Auvergne-Rhône-Alpes"
362,Tramoyes,Auvergne-Rhône-Alpes,Ain,1390,45.875,4.964,"Tramoyes (1390), Auvergne-Rhône-Alpes"
363,La Tranclière,Auvergne-Rhône-Alpes,Ain,1160,46.097,5.261,"La Tranclière (1160), Auvergne-Rhône-Alpes"
364,Val-Revermont,Auvergne-Rhône-Alpes,Ain,1370,46.28,5.361,"Val-Revermont (1370), Auvergne-Rhône-Alpes"
365,Trévoux,Auvergne-Rhône-Alpes,Ain,1600,45.941,4.771,"Trévoux (1600), Auvergne-Rhône-Alpes"
366,Valeins,Auvergne-Rhône-Alpes,Ain,1140,46.115,4.866,"Valeins (1140), Auvergne-Rhône-Alpes"
367,Vandeins,Auvergne-Rhône-Alpes,Ain,1660,46.218,5.082,"Vandeins (1660), Auvergne-Rhône-Alpes"
368,Varambon,Auvergne-Rhône-Alpes,Ain,1160,46.043,5.295,"Varambon (1160), Auvergne-Rhône-Alpes"
369,Vaux-en-Bugey,Auvergne-Rhône-Alpes,Ain,1150,45.92,5.364,"Vaux-en-Bugey (1150), Auvergne-Rhône-Alpes"
370,Verjon,Auvergne-Rhône-Alpes,Ain,1270,46.346,5.348,"Verjon (1270), Auvergne-Rhône-Alpes"
371,Vernoux,Auvergne-Rhône-Alpes,Ain,1560,46.485,5.106,"Vernoux (1560), Auvergne-Rhône-Alpes"
372,Versailleux,Auvergne-Rhône-Alpes,Ain,1330,45.985,5.112,"Versailleux (1330), Auvergne-Rhône-Alpes"
373,Versonnex,Auvergne-Rhône-Alpes,Ain,1210,46.3,6.101,"Versonnex (1210), Auvergne-Rhône-Alpes"
374,Vesancy,Auvergne-Rhône-Alpes,Ain,1170,46.361,6.085,"Vesancy (1170), Auvergne-Rhône-Alpes"
375,Vescours,Auvergne-Rhône-Alpes,Ain,1560,46.474,5.026,"Vescours (1560), Auvergne-Rhône-Alpes"
376,Vésines,Auvergne-Rhône-Alpes,Ain,1570,46.359,4.863,"Vésines (1570), Auvergne-Rhône-Alpes"
377,Vieu-d'Izenave,Auvergne-Rhône-Alpes,Ain,1430,46.085,5.549,"Vieu-d'Izenave (1430), Auvergne-Rhône-Alpes"
378,Villars-les-Dombes,Auvergne-Rhône-Alpes,Ain,1330,45.993,5.045,"Villars-les-Dombes (1330), Auvergne-Rhône-Alpes"
379,Villebois,Auvergne-Rhône-Alpes,Ain,1150,45.849,5.447,"Villebois (1150), Auvergne-Rhône-Alpes"
380,Villemotier,Auvergne-Rhône-Alpes,Ain,1270,46.346,5.31,"Villemotier (1270), Auvergne-Rhône-Alpes"
381,Villeneuve,Auvergne-Rhône-Alpes,Ain,1480,46.032,4.852,"Villeneuve (1480), Auvergne-Rhône-Alpes"
382,Villereversure,Auvergne-Rhône-Alpes,Ain,1250,46.193,5.395,"Villereversure (1250), Auvergne-Rhône-Alpes"
383,Villes,Auvergne-Rhône-Alpes,Ain,1200,46.095,5.757,"Villes (1200), Auvergne-Rhône-Alpes"
384,Villette-sur-Ain,Auvergne-Rhône-Alpes,Ain,1320,46.01,5.252,"Villette-sur-Ain (1320), Auvergne-Rhône-Alpes"
385,Villieu-Loyes-Mollon,Auvergne-Rhône-Alpes,Ain,1800,45.932,5.23,"Villieu-Loyes-Mollon (1800), Auvergne-Rhône-Alpes"
386,Viriat,Auvergne-Rhône-Alpes,Ain,1440,46.251,5.223,"Viriat (1440), Auvergne-Rhône-Alpes"
387,Virieu-le-Grand,Auvergne-Rhône-Alpes,Ain,1510,45.846,5.64,"Virieu-le-Grand (1510), Auvergne-Rhône-Alpes"
388,Arvière-en-Valromey,Auvergne-Rhône-Alpes,Ain,1260,45.906,5.737,"Arvière-en-Valromey (1260), Auvergne-Rhône-Alpes"
389,Virignin,Auvergne-Rhône-Alpes,Ain,1300,45.727,5.713,"Virignin (1300), Auvergne-Rhône-Alpes"
390,Vongnes,Auvergne-Rhône-Alpes,Ain,1350,45.813,5.725,"Vongnes (1350), Auvergne-Rhône-Alpes"
391,Vonnas,Auvergne-Rhône-Alpes,Ain,1540,46.217,4.997,"Vonnas (1540), Auvergne-Rhône-Alpes"
1190,Abrest,Auvergne-Rhône-Alpes,Allier,3200,46.096,3.45,"Abrest (3200), Auvergne-Rhône-Alpes"
1191,Agonges,Auvergne-Rhône-Alpes,Allier,3210,46.618,3.149,"Agonges (3210), Auvergne-Rhône-Alpes"
1192,Ainay-le-Château,Auvergne-Rhône-Alpes,Allier,3360,46.716,2.721,"Ainay-le-Château (3360), Auvergne-Rhône-Alpes"
1193,Andelaroche,Auvergne-Rhône-Alpes,Allier,3120,46.25,3.746,"Andelaroche (3120), Auvergne-Rhône-Alpes"
1194,Archignat,Auvergne-Rhône-Alpes,Allier,3380,46.367,2.41,"Archignat (3380), Auvergne-Rhône-Alpes"
1195,Arfeuilles,Auvergne-Rhône-Alpes,Allier,3120,46.143,3.743,"Arfeuilles (3120), Auvergne-Rhône-Alpes"
1196,Arpheuilles-Saint-Priest,Auvergne-Rhône-Alpes,Allier,3420,46.227,2.665,"Arpheuilles-Saint-Priest (3420), Auvergne-Rhône-Alpes"
1197,Arronnes,Auvergne-Rhône-Alpes,Allier,3250,46.052,3.575,"Arronnes (3250), Auvergne-Rhône-Alpes"
1198,Aubigny,Auvergne-Rhône-Alpes,Allier,3460,46.673,3.162,"Aubigny (3460), Auvergne-Rhône-Alpes"
1199,Audes,Auvergne-Rhône-Alpes,Allier,3190,46.461,2.559,"Audes (3190), Auvergne-Rhône-Alpes"
1200,Aurouër,Auvergne-Rhône-Alpes,Allier,3460,46.683,3.305,"Aurouër (3460), Auvergne-Rhône-Alpes"
1201,Autry-Issards,Auvergne-Rhône-Alpes,Allier,3210,46.545,3.123,"Autry-Issards (3210), Auvergne-Rhône-Alpes"
1202,Avermes,Auvergne-Rhône-Alpes,Allier,3000,46.598,3.319,"Avermes (3000), Auvergne-Rhône-Alpes"
1203,Avrilly,Auvergne-Rhône-Alpes,Allier,3130,46.332,3.967,"Avrilly (3130), Auvergne-Rhône-Alpes"
1204,Bagneux,Auvergne-Rhône-Alpes,Allier,3460,46.646,3.204,"Bagneux (3460), Auvergne-Rhône-Alpes"
1205,Barberier,Auvergne-Rhône-Alpes,Allier,3140,46.22,3.249,"Barberier (3140), Auvergne-Rhône-Alpes"
1206,Barrais-Bussolles,Auvergne-Rhône-Alpes,Allier,3120,46.284,3.698,"Barrais-Bussolles (3120), Auvergne-Rhône-Alpes"
1207,Bayet,Auvergne-Rhône-Alpes,Allier,3500,46.258,3.277,"Bayet (3500), Auvergne-Rhône-Alpes"
1208,Beaulon,Auvergne-Rhône-Alpes,Allier,3230,46.587,3.669,"Beaulon (3230), Auvergne-Rhône-Alpes"
1209,Beaune-d'Allier,Auvergne-Rhône-Alpes,Allier,3390,46.273,2.891,"Beaune-d'Allier (3390), Auvergne-Rhône-Alpes"
1210,Bègues,Auvergne-Rhône-Alpes,Allier,3800,46.123,3.143,"Bègues (3800), Auvergne-Rhône-Alpes"
1211,Bellenaves,Auvergne-Rhône-Alpes,Allier,3330,46.206,3.066,"Bellenaves (3330), Auvergne-Rhône-Alpes"
1212,Bellerive-sur-Allier,Auvergne-Rhône-Alpes,Allier,3700,46.122,3.397,"Bellerive-sur-Allier (3700), Auvergne-Rhône-Alpes"
1213,Bert,Auvergne-Rhône-Alpes,Allier,3130,46.328,3.702,"Bert (3130), Auvergne-Rhône-Alpes"
1214,Bessay-sur-Allier,Auvergne-Rhône-Alpes,Allier,3340,46.451,3.368,"Bessay-sur-Allier (3340), Auvergne-Rhône-Alpes"
1215,Besson,Auvergne-Rhône-Alpes,Allier,3210,46.481,3.255,"Besson (3210), Auvergne-Rhône-Alpes"
1216,Bézenet,Auvergne-Rhône-Alpes,Allier,3170,46.332,2.849,"Bézenet (3170), Auvergne-Rhône-Alpes"
1217,Billezois,Auvergne-Rhône-Alpes,Allier,3120,46.21,3.577,"Billezois (3120), Auvergne-Rhône-Alpes"
1218,Billy,Auvergne-Rhône-Alpes,Allier,3260,46.232,3.44,"Billy (3260), Auvergne-Rhône-Alpes"
1219,Biozat,Auvergne-Rhône-Alpes,Allier,3800,46.081,3.289,"Biozat (3800), Auvergne-Rhône-Alpes"
1220,Bizeneuille,Auvergne-Rhône-Alpes,Allier,3170,46.402,2.731,"Bizeneuille (3170), Auvergne-Rhône-Alpes"
1221,Blomard,Auvergne-Rhône-Alpes,Allier,3390,46.288,2.963,"Blomard (3390), Auvergne-Rhône-Alpes"
1222,Bost,Auvergne-Rhône-Alpes,Allier,3300,46.183,3.506,"Bost (3300), Auvergne-Rhône-Alpes"
1223,Boucé,Auvergne-Rhône-Alpes,Allier,3150,46.32,3.492,"Boucé (3150), Auvergne-Rhône-Alpes"
1224,Le Bouchaud,Auvergne-Rhône-Alpes,Allier,3130,46.307,3.907,"Le Bouchaud (3130), Auvergne-Rhône-Alpes"
1225,Bourbon-l'Archambault,Auvergne-Rhône-Alpes,Allier,3160,46.584,3.051,"Bourbon-l'Archambault (3160), Auvergne-Rhône-Alpes"
1226,Braize,Auvergne-Rhône-Alpes,Allier,3360,46.659,2.654,"Braize (3360), Auvergne-Rhône-Alpes"
1227,Bransat,Auvergne-Rhône-Alpes,Allier,3500,46.329,3.217,"Bransat (3500), Auvergne-Rhône-Alpes"
1228,Bresnay,Auvergne-Rhône-Alpes,Allier,3210,46.434,3.249,"Bresnay (3210), Auvergne-Rhône-Alpes"
1229,Bressolles,Auvergne-Rhône-Alpes,Allier,3000,46.528,3.296,"Bressolles (3000), Auvergne-Rhône-Alpes"
1230,Le Brethon,Auvergne-Rhône-Alpes,Allier,3350,46.584,2.715,"Le Brethon (3350), Auvergne-Rhône-Alpes"
1231,Le Breuil,Auvergne-Rhône-Alpes,Allier,3120,46.177,3.669,"Le Breuil (3120), Auvergne-Rhône-Alpes"
1232,Broût-Vernet,Auvergne-Rhône-Alpes,Allier,3110,46.196,3.288,"Broût-Vernet (3110), Auvergne-Rhône-Alpes"
1233,Brugheas,Auvergne-Rhône-Alpes,Allier,3700,46.073,3.366,"Brugheas (3700), Auvergne-Rhône-Alpes"
1234,Busset,Auvergne-Rhône-Alpes,Allier,3270,46.057,3.515,"Busset (3270), Auvergne-Rhône-Alpes"
1235,Buxières-les-Mines,Auvergne-Rhône-Alpes,Allier,3440,46.47,2.955,"Buxières-les-Mines (3440), Auvergne-Rhône-Alpes"
1236,La Celle,Auvergne-Rhône-Alpes,Allier,3600,46.228,2.779,"La Celle (3600), Auvergne-Rhône-Alpes"
1237,Cérilly,Auvergne-Rhône-Alpes,Allier,3350,46.626,2.809,"Cérilly (3350), Auvergne-Rhône-Alpes"
1238,Cesset,Auvergne-Rhône-Alpes,Allier,3500,46.299,3.199,"Cesset (3500), Auvergne-Rhône-Alpes"
1239,La Chabanne,Auvergne-Rhône-Alpes,Allier,3250,46.024,3.752,"La Chabanne (3250), Auvergne-Rhône-Alpes"
1240,Chambérat,Auvergne-Rhône-Alpes,Allier,3370,46.414,2.426,"Chambérat (3370), Auvergne-Rhône-Alpes"
1241,Chamblet,Auvergne-Rhône-Alpes,Allier,3170,46.328,2.713,"Chamblet (3170), Auvergne-Rhône-Alpes"
1242,Chantelle,Auvergne-Rhône-Alpes,Allier,3140,46.236,3.16,"Chantelle (3140), Auvergne-Rhône-Alpes"
1243,Chapeau,Auvergne-Rhône-Alpes,Allier,3340,46.492,3.516,"Chapeau (3340), Auvergne-Rhône-Alpes"
1244,La Chapelaude,Auvergne-Rhône-Alpes,Allier,3380,46.428,2.504,"La Chapelaude (3380), Auvergne-Rhône-Alpes"
1245,La Chapelle,Auvergne-Rhône-Alpes,Allier,3300,46.089,3.588,"La Chapelle (3300), Auvergne-Rhône-Alpes"
1246,La Chapelle-aux-Chasses,Auvergne-Rhône-Alpes,Allier,3230,46.66,3.53,"La Chapelle-aux-Chasses (3230), Auvergne-Rhône-Alpes"
1247,Chappes,Auvergne-Rhône-Alpes,Allier,3390,46.383,2.944,"Chappes (3390), Auvergne-Rhône-Alpes"
1248,Chareil-Cintrat,Auvergne-Rhône-Alpes,Allier,3140,46.266,3.23,"Chareil-Cintrat (3140), Auvergne-Rhône-Alpes"
1249,Charmeil,Auvergne-Rhône-Alpes,Allier,3110,46.16,3.393,"Charmeil (3110), Auvergne-Rhône-Alpes"
1250,Charmes,Auvergne-Rhône-Alpes,Allier,3800,46.083,3.246,"Charmes (3800), Auvergne-Rhône-Alpes"
1251,Charroux,Auvergne-Rhône-Alpes,Allier,3140,46.182,3.164,"Charroux (3140), Auvergne-Rhône-Alpes"
1252,Chassenard,Auvergne-Rhône-Alpes,Allier,3510,46.442,3.973,"Chassenard (3510), Auvergne-Rhône-Alpes"
1253,Château-sur-Allier,Auvergne-Rhône-Alpes,Allier,3320,46.782,2.987,"Château-sur-Allier (3320), Auvergne-Rhône-Alpes"
1254,Châtel-de-Neuvre,Auvergne-Rhône-Alpes,Allier,3500,46.416,3.298,"Châtel-de-Neuvre (3500), Auvergne-Rhône-Alpes"
1255,Châtel-Montagne,Auvergne-Rhône-Alpes,Allier,3250,46.1,3.717,"Châtel-Montagne (3250), Auvergne-Rhône-Alpes"
1256,Châtelperron,Auvergne-Rhône-Alpes,Allier,3220,46.397,3.633,"Châtelperron (3220), Auvergne-Rhône-Alpes"
1257,Châtelus,Auvergne-Rhône-Alpes,Allier,3120,46.198,3.725,"Châtelus (3120), Auvergne-Rhône-Alpes"
1258,Châtillon,Auvergne-Rhône-Alpes,Allier,3210,46.462,3.128,"Châtillon (3210), Auvergne-Rhône-Alpes"
1259,Chavenon,Auvergne-Rhône-Alpes,Allier,3440,46.422,2.952,"Chavenon (3440), Auvergne-Rhône-Alpes"
1260,Chavroches,Auvergne-Rhône-Alpes,Allier,3220,46.354,3.597,"Chavroches (3220), Auvergne-Rhône-Alpes"
1261,Chazemais,Auvergne-Rhône-Alpes,Allier,3370,46.487,2.519,"Chazemais (3370), Auvergne-Rhône-Alpes"
1262,Chemilly,Auvergne-Rhône-Alpes,Allier,3210,46.478,3.313,"Chemilly (3210), Auvergne-Rhône-Alpes"
1263,Chevagnes,Auvergne-Rhône-Alpes,Allier,3230,46.608,3.564,"Chevagnes (3230), Auvergne-Rhône-Alpes"
1264,Chezelle,Auvergne-Rhône-Alpes,Allier,3140,46.213,3.112,"Chezelle (3140), Auvergne-Rhône-Alpes"
1265,Chézy,Auvergne-Rhône-Alpes,Allier,3230,46.612,3.459,"Chézy (3230), Auvergne-Rhône-Alpes"
1266,Chirat-l'Église,Auvergne-Rhône-Alpes,Allier,3330,46.246,3.032,"Chirat-l'Église (3330), Auvergne-Rhône-Alpes"
1267,Chouvigny,Auvergne-Rhône-Alpes,Allier,3450,46.126,3.005,"Chouvigny (3450), Auvergne-Rhône-Alpes"
1268,Cindré,Auvergne-Rhône-Alpes,Allier,3220,46.323,3.551,"Cindré (3220), Auvergne-Rhône-Alpes"
1269,Cognat-Lyonne,Auvergne-Rhône-Alpes,Allier,3110,46.107,3.298,"Cognat-Lyonne (3110), Auvergne-Rhône-Alpes"
1270,Colombier,Auvergne-Rhône-Alpes,Allier,3600,46.267,2.794,"Colombier (3600), Auvergne-Rhône-Alpes"
1271,Commentry,Auvergne-Rhône-Alpes,Allier,3600,46.279,2.749,"Commentry (3600), Auvergne-Rhône-Alpes"
1272,Contigny,Auvergne-Rhône-Alpes,Allier,3500,46.346,3.315,"Contigny (3500), Auvergne-Rhône-Alpes"
1273,Cosne-d'Allier,Auvergne-Rhône-Alpes,Allier,3430,46.483,2.823,"Cosne-d'Allier (3430), Auvergne-Rhône-Alpes"
1274,Coulandon,Auvergne-Rhône-Alpes,Allier,3000,46.555,3.245,"Coulandon (3000), Auvergne-Rhône-Alpes"
1275,Coulanges,Auvergne-Rhône-Alpes,Allier,3470,46.475,3.863,"Coulanges (3470), Auvergne-Rhône-Alpes"
1276,Couleuvre,Auvergne-Rhône-Alpes,Allier,3320,46.674,2.897,"Couleuvre (3320), Auvergne-Rhône-Alpes"
1277,Courçais,Auvergne-Rhône-Alpes,Allier,3370,46.464,2.449,"Courçais (3370), Auvergne-Rhône-Alpes"
1278,Coutansouze,Auvergne-Rhône-Alpes,Allier,3330,46.205,3.008,"Coutansouze (3330), Auvergne-Rhône-Alpes"
1279,Couzon,Auvergne-Rhône-Alpes,Allier,3160,46.644,3.114,"Couzon (3160), Auvergne-Rhône-Alpes"
1280,Créchy,Auvergne-Rhône-Alpes,Allier,3150,46.27,3.424,"Créchy (3150), Auvergne-Rhône-Alpes"
1281,Cressanges,Auvergne-Rhône-Alpes,Allier,3240,46.444,3.171,"Cressanges (3240), Auvergne-Rhône-Alpes"
1282,Creuzier-le-Neuf,Auvergne-Rhône-Alpes,Allier,3300,46.178,3.463,"Creuzier-le-Neuf (3300), Auvergne-Rhône-Alpes"
1283,Creuzier-le-Vieux,Auvergne-Rhône-Alpes,Allier,3300,46.161,3.434,"Creuzier-le-Vieux (3300), Auvergne-Rhône-Alpes"
1284,Cusset,Auvergne-Rhône-Alpes,Allier,3300,46.138,3.483,"Cusset (3300), Auvergne-Rhône-Alpes"
1285,Deneuille-lès-Chantelle,Auvergne-Rhône-Alpes,Allier,3140,46.253,3.146,"Deneuille-lès-Chantelle (3140), Auvergne-Rhône-Alpes"
1286,Deneuille-les-Mines,Auvergne-Rhône-Alpes,Allier,3170,46.378,2.776,"Deneuille-les-Mines (3170), Auvergne-Rhône-Alpes"
1287,Désertines,Auvergne-Rhône-Alpes,Allier,3630,46.357,2.627,"Désertines (3630), Auvergne-Rhône-Alpes"
1288,Deux-Chaises,Auvergne-Rhône-Alpes,Allier,3240,46.375,3.041,"Deux-Chaises (3240), Auvergne-Rhône-Alpes"
1289,Diou,Auvergne-Rhône-Alpes,Allier,3290,46.523,3.737,"Diou (3290), Auvergne-Rhône-Alpes"
1290,Domérat,Auvergne-Rhône-Alpes,Allier,3410,46.368,2.544,"Domérat (3410), Auvergne-Rhône-Alpes"
1291,Dompierre-sur-Besbre,Auvergne-Rhône-Alpes,Allier,3290,46.531,3.676,"Dompierre-sur-Besbre (3290), Auvergne-Rhône-Alpes"
1292,Le Donjon,Auvergne-Rhône-Alpes,Allier,3130,46.345,3.8,"Le Donjon (3130), Auvergne-Rhône-Alpes"
1293,Doyet,Auvergne-Rhône-Alpes,Allier,3170,46.343,2.792,"Doyet (3170), Auvergne-Rhône-Alpes"
1294,Droiturier,Auvergne-Rhône-Alpes,Allier,3120,46.227,3.705,"Droiturier (3120), Auvergne-Rhône-Alpes"
1295,Durdat-Larequille,Auvergne-Rhône-Alpes,Allier,3310,46.254,2.697,"Durdat-Larequille (3310), Auvergne-Rhône-Alpes"
1296,Ébreuil,Auvergne-Rhône-Alpes,Allier,3450,46.118,3.074,"Ébreuil (3450), Auvergne-Rhône-Alpes"
1297,Échassières,Auvergne-Rhône-Alpes,Allier,3330,46.196,2.946,"Échassières (3330), Auvergne-Rhône-Alpes"
1298,Escurolles,Auvergne-Rhône-Alpes,Allier,3110,46.142,3.268,"Escurolles (3110), Auvergne-Rhône-Alpes"
1299,Espinasse-Vozelle,Auvergne-Rhône-Alpes,Allier,3110,46.129,3.335,"Espinasse-Vozelle (3110), Auvergne-Rhône-Alpes"
1300,Estivareilles,Auvergne-Rhône-Alpes,Allier,3190,46.425,2.625,"Estivareilles (3190), Auvergne-Rhône-Alpes"
1301,Étroussat,Auvergne-Rhône-Alpes,Allier,3140,46.22,3.221,"Étroussat (3140), Auvergne-Rhône-Alpes"
1302,Ferrières-sur-Sichon,Auvergne-Rhône-Alpes,Allier,3250,46.02,3.648,"Ferrières-sur-Sichon (3250), Auvergne-Rhône-Alpes"
1303,La Ferté-Hauterive,Auvergne-Rhône-Alpes,Allier,3340,46.396,3.336,"La Ferté-Hauterive (3340), Auvergne-Rhône-Alpes"
1304,Fleuriel,Auvergne-Rhône-Alpes,Allier,3140,46.287,3.162,"Fleuriel (3140), Auvergne-Rhône-Alpes"
1305,Fourilles,Auvergne-Rhône-Alpes,Allier,3140,46.244,3.198,"Fourilles (3140), Auvergne-Rhône-Alpes"
1306,Franchesse,Auvergne-Rhône-Alpes,Allier,3160,46.644,3.037,"Franchesse (3160), Auvergne-Rhône-Alpes"
1307,Gannat,Auvergne-Rhône-Alpes,Allier,3800,46.098,3.178,"Gannat (3800), Auvergne-Rhône-Alpes"
1308,Gannay-sur-Loire,Auvergne-Rhône-Alpes,Allier,3230,46.718,3.596,"Gannay-sur-Loire (3230), Auvergne-Rhône-Alpes"
1309,Garnat-sur-Engièvre,Auvergne-Rhône-Alpes,Allier,3230,46.635,3.668,"Garnat-sur-Engièvre (3230), Auvergne-Rhône-Alpes"
1310,Gennetines,Auvergne-Rhône-Alpes,Allier,3400,46.63,3.405,"Gennetines (3400), Auvergne-Rhône-Alpes"
1311,Gipcy,Auvergne-Rhône-Alpes,Allier,3210,46.511,3.051,"Gipcy (3210), Auvergne-Rhône-Alpes"
1312,Gouise,Auvergne-Rhône-Alpes,Allier,3340,46.411,3.438,"Gouise (3340), Auvergne-Rhône-Alpes"
1313,La Guillermie,Auvergne-Rhône-Alpes,Allier,3250,45.981,3.645,"La Guillermie (3250), Auvergne-Rhône-Alpes"
1314,Hauterive,Auvergne-Rhône-Alpes,Allier,3270,46.077,3.439,"Hauterive (3270), Auvergne-Rhône-Alpes"
1315,Hérisson,Auvergne-Rhône-Alpes,Allier,3190,46.52,2.71,"Hérisson (3190), Auvergne-Rhône-Alpes"
1316,Huriel,Auvergne-Rhône-Alpes,Allier,3380,46.377,2.482,"Huriel (3380), Auvergne-Rhône-Alpes"
1317,Hyds,Auvergne-Rhône-Alpes,Allier,3600,46.273,2.828,"Hyds (3600), Auvergne-Rhône-Alpes"
1318,Isle-et-Bardais,Auvergne-Rhône-Alpes,Allier,3360,46.682,2.777,"Isle-et-Bardais (3360), Auvergne-Rhône-Alpes"
1319,Isserpent,Auvergne-Rhône-Alpes,Allier,3120,46.154,3.618,"Isserpent (3120), Auvergne-Rhône-Alpes"
1320,Jaligny-sur-Besbre,Auvergne-Rhône-Alpes,Allier,3220,46.377,3.59,"Jaligny-sur-Besbre (3220), Auvergne-Rhône-Alpes"
1321,Jenzat,Auvergne-Rhône-Alpes,Allier,3800,46.16,3.197,"Jenzat (3800), Auvergne-Rhône-Alpes"
1322,Laféline,Auvergne-Rhône-Alpes,Allier,3500,46.345,3.176,"Laféline (3500), Auvergne-Rhône-Alpes"
1323,Lalizolle,Auvergne-Rhône-Alpes,Allier,3450,46.165,3.008,"Lalizolle (3450), Auvergne-Rhône-Alpes"
1324,Lamaids,Auvergne-Rhône-Alpes,Allier,3380,46.304,2.438,"Lamaids (3380), Auvergne-Rhône-Alpes"
1325,Langy,Auvergne-Rhône-Alpes,Allier,3150,46.273,3.462,"Langy (3150), Auvergne-Rhône-Alpes"
1326,Lapalisse,Auvergne-Rhône-Alpes,Allier,3120,46.265,3.638,"Lapalisse (3120), Auvergne-Rhône-Alpes"
1327,Laprugne,Auvergne-Rhône-Alpes,Allier,3250,45.994,3.763,"Laprugne (3250), Auvergne-Rhône-Alpes"
1328,Lavault-Sainte-Anne,Auvergne-Rhône-Alpes,Allier,3100,46.309,2.602,"Lavault-Sainte-Anne (3100), Auvergne-Rhône-Alpes"
1329,Lavoine,Auvergne-Rhône-Alpes,Allier,3250,45.974,3.687,"Lavoine (3250), Auvergne-Rhône-Alpes"
1330,Lenax,Auvergne-Rhône-Alpes,Allier,3130,46.304,3.831,"Lenax (3130), Auvergne-Rhône-Alpes"
1331,Lételon,Auvergne-Rhône-Alpes,Allier,3360,46.656,2.595,"Lételon (3360), Auvergne-Rhône-Alpes"
1332,Liernolles,Auvergne-Rhône-Alpes,Allier,3130,46.399,3.768,"Liernolles (3130), Auvergne-Rhône-Alpes"
1333,Lignerolles,Auvergne-Rhône-Alpes,Allier,3410,46.282,2.567,"Lignerolles (3410), Auvergne-Rhône-Alpes"
1334,Limoise,Auvergne-Rhône-Alpes,Allier,3320,46.684,3.055,"Limoise (3320), Auvergne-Rhône-Alpes"
1335,Loddes,Auvergne-Rhône-Alpes,Allier,3130,46.295,3.761,"Loddes (3130), Auvergne-Rhône-Alpes"
1336,Loriges,Auvergne-Rhône-Alpes,Allier,3500,46.266,3.342,"Loriges (3500), Auvergne-Rhône-Alpes"
1337,Louchy-Montfand,Auvergne-Rhône-Alpes,Allier,3500,46.308,3.245,"Louchy-Montfand (3500), Auvergne-Rhône-Alpes"
1338,Louroux-Bourbonnais,Auvergne-Rhône-Alpes,Allier,3350,46.534,2.838,"Louroux-Bourbonnais (3350), Auvergne-Rhône-Alpes"
1339,Louroux-de-Beaune,Auvergne-Rhône-Alpes,Allier,3600,46.3,2.859,"Louroux-de-Beaune (3600), Auvergne-Rhône-Alpes"
1340,Louroux-de-Bouble,Auvergne-Rhône-Alpes,Allier,3330,46.23,2.973,"Louroux-de-Bouble (3330), Auvergne-Rhône-Alpes"
1341,Luneau,Auvergne-Rhône-Alpes,Allier,3130,46.366,3.953,"Luneau (3130), Auvergne-Rhône-Alpes"
1342,Lurcy-Lévis,Auvergne-Rhône-Alpes,Allier,3320,46.735,2.918,"Lurcy-Lévis (3320), Auvergne-Rhône-Alpes"
1343,Lusigny,Auvergne-Rhône-Alpes,Allier,3230,46.572,3.49,"Lusigny (3230), Auvergne-Rhône-Alpes"
1344,Magnet,Auvergne-Rhône-Alpes,Allier,3260,46.217,3.511,"Magnet (3260), Auvergne-Rhône-Alpes"
1345,Haut-Bocage,Auvergne-Rhône-Alpes,Allier,3190,46.493,2.658,"Haut-Bocage (3190), Auvergne-Rhône-Alpes"
1346,Malicorne,Auvergne-Rhône-Alpes,Allier,3600,46.307,2.77,"Malicorne (3600), Auvergne-Rhône-Alpes"
1347,Marcenat,Auvergne-Rhône-Alpes,Allier,3260,46.237,3.397,"Marcenat (3260), Auvergne-Rhône-Alpes"
1348,Marcillat-en-Combraille,Auvergne-Rhône-Alpes,Allier,3420,46.17,2.634,"Marcillat-en-Combraille (3420), Auvergne-Rhône-Alpes"
1349,Marigny,Auvergne-Rhône-Alpes,Allier,3210,46.58,3.21,"Marigny (3210), Auvergne-Rhône-Alpes"
1350,Mariol,Auvergne-Rhône-Alpes,Allier,3270,46.025,3.486,"Mariol (3270), Auvergne-Rhône-Alpes"
1351,Le Mayet-d'École,Auvergne-Rhône-Alpes,Allier,3800,46.165,3.241,"Le Mayet-d'École (3800), Auvergne-Rhône-Alpes"
1352,Le Mayet-de-Montagne,Auvergne-Rhône-Alpes,Allier,3250,46.06,3.656,"Le Mayet-de-Montagne (3250), Auvergne-Rhône-Alpes"
1353,Mazerier,Auvergne-Rhône-Alpes,Allier,3800,46.132,3.182,"Mazerier (3800), Auvergne-Rhône-Alpes"
1354,Mazirat,Auvergne-Rhône-Alpes,Allier,3420,46.218,2.554,"Mazirat (3420), Auvergne-Rhône-Alpes"
1355,Meaulne-Vitray,Auvergne-Rhône-Alpes,Allier,3360,46.596,2.62,"Meaulne-Vitray (3360), Auvergne-Rhône-Alpes"
1356,Meillard,Auvergne-Rhône-Alpes,Allier,3500,46.388,3.232,"Meillard (3500), Auvergne-Rhône-Alpes"
1357,Meillers,Auvergne-Rhône-Alpes,Allier,3210,46.513,3.103,"Meillers (3210), Auvergne-Rhône-Alpes"
1358,Mercy,Auvergne-Rhône-Alpes,Allier,3340,46.451,3.524,"Mercy (3340), Auvergne-Rhône-Alpes"
1359,Mesples,Auvergne-Rhône-Alpes,Allier,3370,46.427,2.364,"Mesples (3370), Auvergne-Rhône-Alpes"
1360,Molinet,Auvergne-Rhône-Alpes,Allier,3510,46.464,3.926,"Molinet (3510), Auvergne-Rhône-Alpes"
1361,Molles,Auvergne-Rhône-Alpes,Allier,3300,46.115,3.556,"Molles (3300), Auvergne-Rhône-Alpes"
1362,Monestier,Auvergne-Rhône-Alpes,Allier,3140,46.263,3.104,"Monestier (3140), Auvergne-Rhône-Alpes"
1363,Monétay-sur-Allier,Auvergne-Rhône-Alpes,Allier,3500,46.381,3.289,"Monétay-sur-Allier (3500), Auvergne-Rhône-Alpes"
1364,Monétay-sur-Loire,Auvergne-Rhône-Alpes,Allier,3470,46.435,3.825,"Monétay-sur-Loire (3470), Auvergne-Rhône-Alpes"
1365,Montaiguët-en-Forez,Auvergne-Rhône-Alpes,Allier,3130,46.267,3.822,"Montaiguët-en-Forez (3130), Auvergne-Rhône-Alpes"
1366,Montaigu-le-Blin,Auvergne-Rhône-Alpes,Allier,3150,46.291,3.516,"Montaigu-le-Blin (3150), Auvergne-Rhône-Alpes"
1367,Montbeugny,Auvergne-Rhône-Alpes,Allier,3340,46.528,3.474,"Montbeugny (3340), Auvergne-Rhône-Alpes"
1368,Montcombroux-les-Mines,Auvergne-Rhône-Alpes,Allier,3130,46.361,3.728,"Montcombroux-les-Mines (3130), Auvergne-Rhône-Alpes"
1369,Monteignet-sur-l'Andelot,Auvergne-Rhône-Alpes,Allier,3800,46.115,3.248,"Monteignet-sur-l'Andelot (3800), Auvergne-Rhône-Alpes"
1370,Le Montet,Auvergne-Rhône-Alpes,Allier,3240,46.406,3.054,"Le Montet (3240), Auvergne-Rhône-Alpes"
1371,Montilly,Auvergne-Rhône-Alpes,Allier,3000,46.61,3.24,"Montilly (3000), Auvergne-Rhône-Alpes"
1372,Montluçon,Auvergne-Rhône-Alpes,Allier,3100,46.339,2.604,"Montluçon (3100), Auvergne-Rhône-Alpes"
1373,Montmarault,Auvergne-Rhône-Alpes,Allier,3390,46.32,2.952,"Montmarault (3390), Auvergne-Rhône-Alpes"
1374,Montoldre,Auvergne-Rhône-Alpes,Allier,3150,46.338,3.451,"Montoldre (3150), Auvergne-Rhône-Alpes"
1375,Montord,Auvergne-Rhône-Alpes,Allier,3500,46.29,3.24,"Montord (3500), Auvergne-Rhône-Alpes"
1376,Montvicq,Auvergne-Rhône-Alpes,Allier,3170,46.316,2.822,"Montvicq (3170), Auvergne-Rhône-Alpes"
1377,Moulins,Auvergne-Rhône-Alpes,Allier,3000,46.562,3.327,"Moulins (3000), Auvergne-Rhône-Alpes"
1378,Murat,Auvergne-Rhône-Alpes,Allier,3390,46.411,2.904,"Murat (3390), Auvergne-Rhône-Alpes"
1379,Nades,Auvergne-Rhône-Alpes,Allier,3450,46.154,2.969,"Nades (3450), Auvergne-Rhône-Alpes"
1380,Nassigny,Auvergne-Rhône-Alpes,Allier,3190,46.498,2.594,"Nassigny (3190), Auvergne-Rhône-Alpes"
1381,Naves,Auvergne-Rhône-Alpes,Allier,3330,46.176,3.116,"Naves (3330), Auvergne-Rhône-Alpes"
1382,Néris-les-Bains,Auvergne-Rhône-Alpes,Allier,3310,46.299,2.676,"Néris-les-Bains (3310), Auvergne-Rhône-Alpes"
1383,Neuilly-en-Donjon,Auvergne-Rhône-Alpes,Allier,3130,46.343,3.885,"Neuilly-en-Donjon (3130), Auvergne-Rhône-Alpes"
1384,Neuilly-le-Réal,Auvergne-Rhône-Alpes,Allier,3340,46.467,3.437,"Neuilly-le-Réal (3340), Auvergne-Rhône-Alpes"
1385,Neure,Auvergne-Rhône-Alpes,Allier,3320,46.745,2.98,"Neure (3320), Auvergne-Rhône-Alpes"
1386,Neuvy,Auvergne-Rhône-Alpes,Allier,3000,46.571,3.283,"Neuvy (3000), Auvergne-Rhône-Alpes"
1387,Nizerolles,Auvergne-Rhône-Alpes,Allier,3250,46.107,3.644,"Nizerolles (3250), Auvergne-Rhône-Alpes"
1388,Noyant-d'Allier,Auvergne-Rhône-Alpes,Allier,3210,46.48,3.119,"Noyant-d'Allier (3210), Auvergne-Rhône-Alpes"
1389,Paray-le-Frésil,Auvergne-Rhône-Alpes,Allier,3230,46.66,3.604,"Paray-le-Frésil (3230), Auvergne-Rhône-Alpes"
1390,Paray-sous-Briailles,Auvergne-Rhône-Alpes,Allier,3500,46.29,3.37,"Paray-sous-Briailles (3500), Auvergne-Rhône-Alpes"
1391,Périgny,Auvergne-Rhône-Alpes,Allier,3120,46.247,3.56,"Périgny (3120), Auvergne-Rhône-Alpes"
1392,La Petite-Marche,Auvergne-Rhône-Alpes,Allier,3420,46.19,2.561,"La Petite-Marche (3420), Auvergne-Rhône-Alpes"
1393,Pierrefitte-sur-Loire,Auvergne-Rhône-Alpes,Allier,3470,46.504,3.81,"Pierrefitte-sur-Loire (3470), Auvergne-Rhône-Alpes"
1394,Le Pin,Auvergne-Rhône-Alpes,Allier,3130,46.422,3.89,"Le Pin (3130), Auvergne-Rhône-Alpes"
1395,Poëzat,Auvergne-Rhône-Alpes,Allier,3800,46.076,3.227,"Poëzat (3800), Auvergne-Rhône-Alpes"
1396,Pouzy-Mésangy,Auvergne-Rhône-Alpes,Allier,3320,46.705,3.007,"Pouzy-Mésangy (3320), Auvergne-Rhône-Alpes"
1397,Prémilhat,Auvergne-Rhône-Alpes,Allier,3410,46.31,2.547,"Prémilhat (3410), Auvergne-Rhône-Alpes"
1398,Quinssaines,Auvergne-Rhône-Alpes,Allier,3380,46.309,2.494,"Quinssaines (3380), Auvergne-Rhône-Alpes"
1399,Reugny,Auvergne-Rhône-Alpes,Allier,3190,46.458,2.613,"Reugny (3190), Auvergne-Rhône-Alpes"
1400,Rocles,Auvergne-Rhône-Alpes,Allier,3240,46.444,3.037,"Rocles (3240), Auvergne-Rhône-Alpes"
1401,Rongères,Auvergne-Rhône-Alpes,Allier,3150,46.298,3.452,"Rongères (3150), Auvergne-Rhône-Alpes"
1402,Ronnet,Auvergne-Rhône-Alpes,Allier,3420,46.202,2.701,"Ronnet (3420), Auvergne-Rhône-Alpes"
1403,Saint-Angel,Auvergne-Rhône-Alpes,Allier,3170,46.356,2.685,"Saint-Angel (3170), Auvergne-Rhône-Alpes"
1404,Saint-Aubin-le-Monial,Auvergne-Rhône-Alpes,Allier,3160,46.536,3.001,"Saint-Aubin-le-Monial (3160), Auvergne-Rhône-Alpes"
1405,Saint-Bonnet-de-Four,Auvergne-Rhône-Alpes,Allier,3390,46.315,2.905,"Saint-Bonnet-de-Four (3390), Auvergne-Rhône-Alpes"
1406,Saint-Bonnet-de-Rochefort,Auvergne-Rhône-Alpes,Allier,3800,46.15,3.141,"Saint-Bonnet-de-Rochefort (3800), Auvergne-Rhône-Alpes"
1407,Saint-Bonnet-Tronçais,Auvergne-Rhône-Alpes,Allier,3360,46.67,2.696,"Saint-Bonnet-Tronçais (3360), Auvergne-Rhône-Alpes"
1408,Saint-Caprais,Auvergne-Rhône-Alpes,Allier,3190,46.545,2.74,"Saint-Caprais (3190), Auvergne-Rhône-Alpes"
1409,Saint-Christophe-en-Bourbonnais,Auvergne-Rhône-Alpes,Allier,3120,46.166,3.578,"Saint-Christophe-en-Bourbonnais (3120), Auvergne-Rhône-Alpes"
1410,Saint-Clément,Auvergne-Rhône-Alpes,Allier,3250,46.058,3.722,"Saint-Clément (3250), Auvergne-Rhône-Alpes"
1411,Saint-Désiré,Auvergne-Rhône-Alpes,Allier,3370,46.507,2.45,"Saint-Désiré (3370), Auvergne-Rhône-Alpes"
1412,Saint-Didier-en-Donjon,Auvergne-Rhône-Alpes,Allier,3130,46.383,3.861,"Saint-Didier-en-Donjon (3130), Auvergne-Rhône-Alpes"
1413,Saint-Didier-la-Forêt,Auvergne-Rhône-Alpes,Allier,3110,46.229,3.336,"Saint-Didier-la-Forêt (3110), Auvergne-Rhône-Alpes"
1414,Saint-Éloy-d'Allier,Auvergne-Rhône-Alpes,Allier,3370,46.497,2.363,"Saint-Éloy-d'Allier (3370), Auvergne-Rhône-Alpes"
1415,Saint-Ennemond,Auvergne-Rhône-Alpes,Allier,3400,46.681,3.404,"Saint-Ennemond (3400), Auvergne-Rhône-Alpes"
1416,Saint-Étienne-de-Vicq,Auvergne-Rhône-Alpes,Allier,3300,46.173,3.536,"Saint-Étienne-de-Vicq (3300), Auvergne-Rhône-Alpes"
1417,Saint-Fargeol,Auvergne-Rhône-Alpes,Allier,3420,46.134,2.631,"Saint-Fargeol (3420), Auvergne-Rhône-Alpes"
1418,Saint-Félix,Auvergne-Rhône-Alpes,Allier,3260,46.229,3.475,"Saint-Félix (3260), Auvergne-Rhône-Alpes"
1419,Saint-Genest,Auvergne-Rhône-Alpes,Allier,3310,46.263,2.603,"Saint-Genest (3310), Auvergne-Rhône-Alpes"
1420,Saint-Gérand-de-Vaux,Auvergne-Rhône-Alpes,Allier,3340,46.384,3.407,"Saint-Gérand-de-Vaux (3340), Auvergne-Rhône-Alpes"
1421,Saint-Gérand-le-Puy,Auvergne-Rhône-Alpes,Allier,3150,46.264,3.512,"Saint-Gérand-le-Puy (3150), Auvergne-Rhône-Alpes"
1422,Saint-Germain-des-Fossés,Auvergne-Rhône-Alpes,Allier,3260,46.196,3.43,"Saint-Germain-des-Fossés (3260), Auvergne-Rhône-Alpes"
1423,Saint-Germain-de-Salles,Auvergne-Rhône-Alpes,Allier,3140,46.187,3.22,"Saint-Germain-de-Salles (3140), Auvergne-Rhône-Alpes"
1424,Saint-Hilaire,Auvergne-Rhône-Alpes,Allier,3440,46.487,3.015,"Saint-Hilaire (3440), Auvergne-Rhône-Alpes"
1425,Saint-Léger-sur-Vouzance,Auvergne-Rhône-Alpes,Allier,3130,46.409,3.937,"Saint-Léger-sur-Vouzance (3130), Auvergne-Rhône-Alpes"
1426,Saint-Léon,Auvergne-Rhône-Alpes,Allier,3220,46.411,3.688,"Saint-Léon (3220), Auvergne-Rhône-Alpes"
1427,Saint-Léopardin-d'Augy,Auvergne-Rhône-Alpes,Allier,3160,46.698,3.106,"Saint-Léopardin-d'Augy (3160), Auvergne-Rhône-Alpes"
1428,Saint-Loup,Auvergne-Rhône-Alpes,Allier,3150,46.355,3.376,"Saint-Loup (3150), Auvergne-Rhône-Alpes"
1429,Saint-Marcel-en-Murat,Auvergne-Rhône-Alpes,Allier,3390,46.322,3.005,"Saint-Marcel-en-Murat (3390), Auvergne-Rhône-Alpes"
1430,Saint-Marcel-en-Marcillat,Auvergne-Rhône-Alpes,Allier,3420,46.153,2.581,"Saint-Marcel-en-Marcillat (3420), Auvergne-Rhône-Alpes"
1431,Saint-Martin-des-Lais,Auvergne-Rhône-Alpes,Allier,3230,46.674,3.657,"Saint-Martin-des-Lais (3230), Auvergne-Rhône-Alpes"
1432,Saint-Martinien,Auvergne-Rhône-Alpes,Allier,3380,46.333,2.443,"Saint-Martinien (3380), Auvergne-Rhône-Alpes"
1433,Saint-Menoux,Auvergne-Rhône-Alpes,Allier,3210,46.582,3.145,"Saint-Menoux (3210), Auvergne-Rhône-Alpes"
1434,Saint-Nicolas-des-Biefs,Auvergne-Rhône-Alpes,Allier,3250,46.063,3.795,"Saint-Nicolas-des-Biefs (3250), Auvergne-Rhône-Alpes"
1435,Saint-Palais,Auvergne-Rhône-Alpes,Allier,3370,46.44,2.306,"Saint-Palais (3370), Auvergne-Rhône-Alpes"
1436,Saint-Pierre-Laval,Auvergne-Rhône-Alpes,Allier,42620,46.196,3.77,"Saint-Pierre-Laval (42620), Auvergne-Rhône-Alpes"
1437,Saint-Plaisir,Auvergne-Rhône-Alpes,Allier,3160,46.624,2.956,"Saint-Plaisir (3160), Auvergne-Rhône-Alpes"
1438,Saint-Pont,Auvergne-Rhône-Alpes,Allier,3110,46.159,3.299,"Saint-Pont (3110), Auvergne-Rhône-Alpes"
1439,Saint-Pourçain-sur-Besbre,Auvergne-Rhône-Alpes,Allier,3290,46.482,3.649,"Saint-Pourçain-sur-Besbre (3290), Auvergne-Rhône-Alpes"
1440,Saint-Pourçain-sur-Sioule,Auvergne-Rhône-Alpes,Allier,3500,46.304,3.305,"Saint-Pourçain-sur-Sioule (3500), Auvergne-Rhône-Alpes"
1441,Saint-Priest-d'Andelot,Auvergne-Rhône-Alpes,Allier,3800,46.077,3.154,"Saint-Priest-d'Andelot (3800), Auvergne-Rhône-Alpes"
1442,Saint-Priest-en-Murat,Auvergne-Rhône-Alpes,Allier,3390,46.356,2.903,"Saint-Priest-en-Murat (3390), Auvergne-Rhône-Alpes"
1443,Saint-Prix,Auvergne-Rhône-Alpes,Allier,3120,46.225,3.649,"Saint-Prix (3120), Auvergne-Rhône-Alpes"
1444,Saint-Rémy-en-Rollat,Auvergne-Rhône-Alpes,Allier,3110,46.192,3.383,"Saint-Rémy-en-Rollat (3110), Auvergne-Rhône-Alpes"
1445,Saint-Sauvier,Auvergne-Rhône-Alpes,Allier,3370,46.397,2.332,"Saint-Sauvier (3370), Auvergne-Rhône-Alpes"
1446,Saint-Sornin,Auvergne-Rhône-Alpes,Allier,3240,46.412,3.004,"Saint-Sornin (3240), Auvergne-Rhône-Alpes"
1447,Sainte-Thérence,Auvergne-Rhône-Alpes,Allier,3420,46.243,2.573,"Sainte-Thérence (3420), Auvergne-Rhône-Alpes"
1448,Saint-Victor,Auvergne-Rhône-Alpes,Allier,3410,46.388,2.609,"Saint-Victor (3410), Auvergne-Rhône-Alpes"
1449,Saint-Voir,Auvergne-Rhône-Alpes,Allier,3220,46.41,3.506,"Saint-Voir (3220), Auvergne-Rhône-Alpes"
1450,Saint-Yorre,Auvergne-Rhône-Alpes,Allier,3270,46.064,3.468,"Saint-Yorre (3270), Auvergne-Rhône-Alpes"
1451,Saligny-sur-Roudon,Auvergne-Rhône-Alpes,Allier,3470,46.463,3.751,"Saligny-sur-Roudon (3470), Auvergne-Rhône-Alpes"
1452,Sanssat,Auvergne-Rhône-Alpes,Allier,3150,46.25,3.468,"Sanssat (3150), Auvergne-Rhône-Alpes"
1453,Saulcet,Auvergne-Rhône-Alpes,Allier,3500,46.329,3.267,"Saulcet (3500), Auvergne-Rhône-Alpes"
1454,Saulzet,Auvergne-Rhône-Alpes,Allier,3800,46.138,3.221,"Saulzet (3800), Auvergne-Rhône-Alpes"
1455,Sauvagny,Auvergne-Rhône-Alpes,Allier,3430,46.434,2.8,"Sauvagny (3430), Auvergne-Rhône-Alpes"
1456,Sazeret,Auvergne-Rhône-Alpes,Allier,3390,46.347,2.97,"Sazeret (3390), Auvergne-Rhône-Alpes"
1457,Serbannes,Auvergne-Rhône-Alpes,Allier,3700,46.099,3.352,"Serbannes (3700), Auvergne-Rhône-Alpes"
1458,Servilly,Auvergne-Rhône-Alpes,Allier,3120,46.28,3.59,"Servilly (3120), Auvergne-Rhône-Alpes"
1459,Seuillet,Auvergne-Rhône-Alpes,Allier,3260,46.205,3.468,"Seuillet (3260), Auvergne-Rhône-Alpes"
1460,Sorbier,Auvergne-Rhône-Alpes,Allier,3220,46.361,3.658,"Sorbier (3220), Auvergne-Rhône-Alpes"
1461,Souvigny,Auvergne-Rhône-Alpes,Allier,3210,46.524,3.19,"Souvigny (3210), Auvergne-Rhône-Alpes"
1462,Sussat,Auvergne-Rhône-Alpes,Allier,3450,46.152,3.056,"Sussat (3450), Auvergne-Rhône-Alpes"
1463,Target,Auvergne-Rhône-Alpes,Allier,3140,46.285,3.048,"Target (3140), Auvergne-Rhône-Alpes"
1464,Taxat-Senat,Auvergne-Rhône-Alpes,Allier,3140,46.208,3.146,"Taxat-Senat (3140), Auvergne-Rhône-Alpes"
1465,Teillet-Argenty,Auvergne-Rhône-Alpes,Allier,3410,46.263,2.517,"Teillet-Argenty (3410), Auvergne-Rhône-Alpes"
1466,Terjat,Auvergne-Rhône-Alpes,Allier,3420,46.214,2.619,"Terjat (3420), Auvergne-Rhône-Alpes"
1467,Le Theil,Auvergne-Rhône-Alpes,Allier,3240,46.356,3.126,"Le Theil (3240), Auvergne-Rhône-Alpes"
1468,Theneuille,Auvergne-Rhône-Alpes,Allier,3350,46.588,2.88,"Theneuille (3350), Auvergne-Rhône-Alpes"
1469,Thiel-sur-Acolin,Auvergne-Rhône-Alpes,Allier,3230,46.531,3.578,"Thiel-sur-Acolin (3230), Auvergne-Rhône-Alpes"
1470,Thionne,Auvergne-Rhône-Alpes,Allier,3220,46.412,3.573,"Thionne (3220), Auvergne-Rhône-Alpes"
1471,Tortezais,Auvergne-Rhône-Alpes,Allier,3430,46.446,2.873,"Tortezais (3430), Auvergne-Rhône-Alpes"
1472,Toulon-sur-Allier,Auvergne-Rhône-Alpes,Allier,3400,46.511,3.377,"Toulon-sur-Allier (3400), Auvergne-Rhône-Alpes"
1473,Treban,Auvergne-Rhône-Alpes,Allier,3240,46.399,3.165,"Treban (3240), Auvergne-Rhône-Alpes"
1474,Treignat,Auvergne-Rhône-Alpes,Allier,3380,46.348,2.352,"Treignat (3380), Auvergne-Rhône-Alpes"
1475,Treteau,Auvergne-Rhône-Alpes,Allier,3220,46.368,3.52,"Treteau (3220), Auvergne-Rhône-Alpes"
1476,Trévol,Auvergne-Rhône-Alpes,Allier,3460,46.637,3.316,"Trévol (3460), Auvergne-Rhône-Alpes"
1477,Trézelles,Auvergne-Rhône-Alpes,Allier,3220,46.32,3.597,"Trézelles (3220), Auvergne-Rhône-Alpes"
1478,Tronget,Auvergne-Rhône-Alpes,Allier,3240,46.419,3.089,"Tronget (3240), Auvergne-Rhône-Alpes"
1479,Urçay,Auvergne-Rhône-Alpes,Allier,3360,46.634,2.614,"Urçay (3360), Auvergne-Rhône-Alpes"
1480,Ussel-d'Allier,Auvergne-Rhône-Alpes,Allier,3140,46.21,3.19,"Ussel-d'Allier (3140), Auvergne-Rhône-Alpes"
1481,Valignat,Auvergne-Rhône-Alpes,Allier,3330,46.174,3.078,"Valignat (3330), Auvergne-Rhône-Alpes"
1482,Valigny,Auvergne-Rhône-Alpes,Allier,3360,46.716,2.82,"Valigny (3360), Auvergne-Rhône-Alpes"
1483,Vallon-en-Sully,Auvergne-Rhône-Alpes,Allier,3190,46.54,2.617,"Vallon-en-Sully (3190), Auvergne-Rhône-Alpes"
1484,Varennes-sur-Allier,Auvergne-Rhône-Alpes,Allier,3150,46.317,3.4,"Varennes-sur-Allier (3150), Auvergne-Rhône-Alpes"
1485,Varennes-sur-Tèche,Auvergne-Rhône-Alpes,Allier,3220,46.318,3.637,"Varennes-sur-Tèche (3220), Auvergne-Rhône-Alpes"
1486,Vaumas,Auvergne-Rhône-Alpes,Allier,3220,46.448,3.624,"Vaumas (3220), Auvergne-Rhône-Alpes"
1487,Vaux,Auvergne-Rhône-Alpes,Allier,3190,46.421,2.574,"Vaux (3190), Auvergne-Rhône-Alpes"
1488,Veauce,Auvergne-Rhône-Alpes,Allier,3450,46.17,3.054,"Veauce (3450), Auvergne-Rhône-Alpes"
1489,Venas,Auvergne-Rhône-Alpes,Allier,3190,46.473,2.767,"Venas (3190), Auvergne-Rhône-Alpes"
1490,Vendat,Auvergne-Rhône-Alpes,Allier,3110,46.162,3.347,"Vendat (3110), Auvergne-Rhône-Alpes"
1491,Verneix,Auvergne-Rhône-Alpes,Allier,3190,46.408,2.675,"Verneix (3190), Auvergne-Rhône-Alpes"
1492,Le Vernet,Auvergne-Rhône-Alpes,Allier,3200,46.107,3.475,"Le Vernet (3200), Auvergne-Rhône-Alpes"
1493,Verneuil-en-Bourbonnais,Auvergne-Rhône-Alpes,Allier,3500,46.354,3.251,"Verneuil-en-Bourbonnais (3500), Auvergne-Rhône-Alpes"
1494,Vernusse,Auvergne-Rhône-Alpes,Allier,3390,46.26,2.972,"Vernusse (3390), Auvergne-Rhône-Alpes"
1495,Le Veurdre,Auvergne-Rhône-Alpes,Allier,3320,46.743,3.043,"Le Veurdre (3320), Auvergne-Rhône-Alpes"
1496,Vichy,Auvergne-Rhône-Alpes,Allier,3200,46.13,3.424,"Vichy (3200), Auvergne-Rhône-Alpes"
1497,Vicq,Auvergne-Rhône-Alpes,Allier,3450,46.147,3.096,"Vicq (3450), Auvergne-Rhône-Alpes"
1498,Vieure,Auvergne-Rhône-Alpes,Allier,3430,46.5,2.882,"Vieure (3430), Auvergne-Rhône-Alpes"
1499,Le Vilhain,Auvergne-Rhône-Alpes,Allier,3350,46.562,2.793,"Le Vilhain (3350), Auvergne-Rhône-Alpes"
1500,Villebret,Auvergne-Rhône-Alpes,Allier,3310,46.278,2.633,"Villebret (3310), Auvergne-Rhône-Alpes"
1501,Villefranche-d'Allier,Auvergne-Rhône-Alpes,Allier,3430,46.396,2.841,"Villefranche-d'Allier (3430), Auvergne-Rhône-Alpes"
1502,Villeneuve-sur-Allier,Auvergne-Rhône-Alpes,Allier,3460,46.674,3.25,"Villeneuve-sur-Allier (3460), Auvergne-Rhône-Alpes"
1503,Viplaix,Auvergne-Rhône-Alpes,Allier,3370,46.462,2.37,"Viplaix (3370), Auvergne-Rhône-Alpes"
1504,Voussac,Auvergne-Rhône-Alpes,Allier,3140,46.326,3.073,"Voussac (3140), Auvergne-Rhône-Alpes"
1505,Ygrande,Auvergne-Rhône-Alpes,Allier,3160,46.55,2.942,"Ygrande (3160), Auvergne-Rhône-Alpes"
1506,Yzeure,Auvergne-Rhône-Alpes,Allier,3400,46.564,3.38,"Yzeure (3400), Auvergne-Rhône-Alpes"
2030,Accons,Auvergne-Rhône-Alpes,Ardèche,7160,44.888,4.392,"Accons (7160), Auvergne-Rhône-Alpes"
2031,Ailhon,Auvergne-Rhône-Alpes,Ardèche,7200,44.599,4.333,"Ailhon (7200), Auvergne-Rhône-Alpes"
2032,Aizac,Auvergne-Rhône-Alpes,Ardèche,7530,44.72,4.331,"Aizac (7530), Auvergne-Rhône-Alpes"
2033,Ajoux,Auvergne-Rhône-Alpes,Ardèche,7000,44.755,4.486,"Ajoux (7000), Auvergne-Rhône-Alpes"
2034,Alba-la-Romaine,Auvergne-Rhône-Alpes,Ardèche,7400,44.554,4.596,"Alba-la-Romaine (7400), Auvergne-Rhône-Alpes"
2035,Albon-d'Ardèche,Auvergne-Rhône-Alpes,Ardèche,7190,44.815,4.425,"Albon-d'Ardèche (7190), Auvergne-Rhône-Alpes"
2036,Alboussière,Auvergne-Rhône-Alpes,Ardèche,7440,44.94,4.734,"Alboussière (7440), Auvergne-Rhône-Alpes"
2037,Alissas,Auvergne-Rhône-Alpes,Ardèche,7210,44.707,4.624,"Alissas (7210), Auvergne-Rhône-Alpes"
2038,Andance,Auvergne-Rhône-Alpes,Ardèche,7340,45.228,4.797,"Andance (7340), Auvergne-Rhône-Alpes"
2039,Annonay,Auvergne-Rhône-Alpes,Ardèche,7100,45.246,4.65,"Annonay (7100), Auvergne-Rhône-Alpes"
2040,Vallées-d'Antraigues-Asperjoc,Auvergne-Rhône-Alpes,Ardèche,7530,44.739,4.355,"Vallées-d'Antraigues-Asperjoc (7530), Auvergne-Rhône-Alpes"
2041,Arcens,Auvergne-Rhône-Alpes,Ardèche,7310,44.9,4.318,"Arcens (7310), Auvergne-Rhône-Alpes"
2042,Ardoix,Auvergne-Rhône-Alpes,Ardèche,7290,45.191,4.743,"Ardoix (7290), Auvergne-Rhône-Alpes"
2043,Arlebosc,Auvergne-Rhône-Alpes,Ardèche,7410,45.04,4.63,"Arlebosc (7410), Auvergne-Rhône-Alpes"
2044,Arras-sur-Rhône,Auvergne-Rhône-Alpes,Ardèche,7370,45.144,4.804,"Arras-sur-Rhône (7370), Auvergne-Rhône-Alpes"
2045,Les Assions,Auvergne-Rhône-Alpes,Ardèche,7140,44.426,4.185,"Les Assions (7140), Auvergne-Rhône-Alpes"
2046,Astet,Auvergne-Rhône-Alpes,Ardèche,7330,44.685,4.027,"Astet (7330), Auvergne-Rhône-Alpes"
2047,Aubenas,Auvergne-Rhône-Alpes,Ardèche,7200,44.61,4.396,"Aubenas (7200), Auvergne-Rhône-Alpes"
2048,Aubignas,Auvergne-Rhône-Alpes,Ardèche,7400,44.586,4.634,"Aubignas (7400), Auvergne-Rhône-Alpes"
2049,Baix,Auvergne-Rhône-Alpes,Ardèche,7210,44.706,4.751,"Baix (7210), Auvergne-Rhône-Alpes"
2050,Balazuc,Auvergne-Rhône-Alpes,Ardèche,7120,44.508,4.372,"Balazuc (7120), Auvergne-Rhône-Alpes"
2051,Banne,Auvergne-Rhône-Alpes,Ardèche,7460,44.361,4.151,"Banne (7460), Auvergne-Rhône-Alpes"
2052,Barnas,Auvergne-Rhône-Alpes,Ardèche,7330,44.669,4.159,"Barnas (7330), Auvergne-Rhône-Alpes"
2053,Le Béage,Auvergne-Rhône-Alpes,Ardèche,7630,44.856,4.13,"Le Béage (7630), Auvergne-Rhône-Alpes"
2054,Beauchastel,Auvergne-Rhône-Alpes,Ardèche,7800,44.83,4.797,"Beauchastel (7800), Auvergne-Rhône-Alpes"
2055,Beaulieu,Auvergne-Rhône-Alpes,Ardèche,7460,44.355,4.251,"Beaulieu (7460), Auvergne-Rhône-Alpes"
2056,Beaumont,Auvergne-Rhône-Alpes,Ardèche,7110,44.543,4.172,"Beaumont (7110), Auvergne-Rhône-Alpes"
2057,Beauvène,Auvergne-Rhône-Alpes,Ardèche,7190,44.87,4.512,"Beauvène (7190), Auvergne-Rhône-Alpes"
2058,Berrias-et-Casteljau,Auvergne-Rhône-Alpes,Ardèche,7460,44.383,4.208,"Berrias-et-Casteljau (7460), Auvergne-Rhône-Alpes"
2059,Berzème,Auvergne-Rhône-Alpes,Ardèche,7580,44.655,4.572,"Berzème (7580), Auvergne-Rhône-Alpes"
2060,Bessas,Auvergne-Rhône-Alpes,Ardèche,7150,44.338,4.298,"Bessas (7150), Auvergne-Rhône-Alpes"
2061,Bidon,Auvergne-Rhône-Alpes,Ardèche,7700,44.357,4.544,"Bidon (7700), Auvergne-Rhône-Alpes"
2062,Boffres,Auvergne-Rhône-Alpes,Ardèche,7440,44.919,4.696,"Boffres (7440), Auvergne-Rhône-Alpes"
2063,Bogy,Auvergne-Rhône-Alpes,Ardèche,7340,45.28,4.767,"Bogy (7340), Auvergne-Rhône-Alpes"
2064,Borée,Auvergne-Rhône-Alpes,Ardèche,7310,44.895,4.227,"Borée (7310), Auvergne-Rhône-Alpes"
2065,Borne,Auvergne-Rhône-Alpes,Ardèche,7590,44.617,4.042,"Borne (7590), Auvergne-Rhône-Alpes"
2066,Bozas,Auvergne-Rhône-Alpes,Ardèche,7410,45.059,4.648,"Bozas (7410), Auvergne-Rhône-Alpes"
2067,Boucieu-le-Roi,Auvergne-Rhône-Alpes,Ardèche,7270,45.029,4.688,"Boucieu-le-Roi (7270), Auvergne-Rhône-Alpes"
2068,Boulieu-lès-Annonay,Auvergne-Rhône-Alpes,Ardèche,7100,45.267,4.645,"Boulieu-lès-Annonay (7100), Auvergne-Rhône-Alpes"
2069,Bourg-Saint-Andéol,Auvergne-Rhône-Alpes,Ardèche,7700,44.383,4.614,"Bourg-Saint-Andéol (7700), Auvergne-Rhône-Alpes"
2070,Brossainc,Auvergne-Rhône-Alpes,Ardèche,7340,45.327,4.678,"Brossainc (7340), Auvergne-Rhône-Alpes"
2071,Burzet,Auvergne-Rhône-Alpes,Ardèche,7450,44.748,4.234,"Burzet (7450), Auvergne-Rhône-Alpes"
2072,Cellier-du-Luc,Auvergne-Rhône-Alpes,Ardèche,7590,44.674,3.902,"Cellier-du-Luc (7590), Auvergne-Rhône-Alpes"
2073,Chalencon,Auvergne-Rhône-Alpes,Ardèche,7240,44.88,4.558,"Chalencon (7240), Auvergne-Rhône-Alpes"
2074,Le Chambon,Auvergne-Rhône-Alpes,Ardèche,7160,44.83,4.299,"Le Chambon (7160), Auvergne-Rhône-Alpes"
2075,Chambonas,Auvergne-Rhône-Alpes,Ardèche,7140,44.426,4.129,"Chambonas (7140), Auvergne-Rhône-Alpes"
2076,Champagne,Auvergne-Rhône-Alpes,Ardèche,7340,45.277,4.798,"Champagne (7340), Auvergne-Rhône-Alpes"
2077,Champis,Auvergne-Rhône-Alpes,Ardèche,7440,44.956,4.752,"Champis (7440), Auvergne-Rhône-Alpes"
2078,Chandolas,Auvergne-Rhône-Alpes,Ardèche,7230,44.414,4.243,"Chandolas (7230), Auvergne-Rhône-Alpes"
2079,Chanéac,Auvergne-Rhône-Alpes,Ardèche,7310,44.93,4.307,"Chanéac (7310), Auvergne-Rhône-Alpes"
2080,Charmes-sur-Rhône,Auvergne-Rhône-Alpes,Ardèche,7800,44.867,4.833,"Charmes-sur-Rhône (7800), Auvergne-Rhône-Alpes"
2081,Charnas,Auvergne-Rhône-Alpes,Ardèche,7340,45.343,4.732,"Charnas (7340), Auvergne-Rhône-Alpes"
2082,Chassiers,Auvergne-Rhône-Alpes,Ardèche,7110,44.566,4.302,"Chassiers (7110), Auvergne-Rhône-Alpes"
2083,Châteaubourg,Auvergne-Rhône-Alpes,Ardèche,7130,44.987,4.838,"Châteaubourg (7130), Auvergne-Rhône-Alpes"
2084,Châteauneuf-de-Vernoux,Auvergne-Rhône-Alpes,Ardèche,7240,44.925,4.642,"Châteauneuf-de-Vernoux (7240), Auvergne-Rhône-Alpes"
2085,Chauzon,Auvergne-Rhône-Alpes,Ardèche,7120,44.491,4.344,"Chauzon (7120), Auvergne-Rhône-Alpes"
2086,Chazeaux,Auvergne-Rhône-Alpes,Ardèche,7110,44.595,4.298,"Chazeaux (7110), Auvergne-Rhône-Alpes"
2087,Cheminas,Auvergne-Rhône-Alpes,Ardèche,7300,45.131,4.741,"Cheminas (7300), Auvergne-Rhône-Alpes"
2088,Le Cheylard,Auvergne-Rhône-Alpes,Ardèche,7160,44.908,4.421,"Le Cheylard (7160), Auvergne-Rhône-Alpes"
2089,Chirols,Auvergne-Rhône-Alpes,Ardèche,7380,44.688,4.295,"Chirols (7380), Auvergne-Rhône-Alpes"
2090,Chomérac,Auvergne-Rhône-Alpes,Ardèche,7210,44.71,4.67,"Chomérac (7210), Auvergne-Rhône-Alpes"
2091,Colombier-le-Cardinal,Auvergne-Rhône-Alpes,Ardèche,7430,45.265,4.746,"Colombier-le-Cardinal (7430), Auvergne-Rhône-Alpes"
2092,Colombier-le-Jeune,Auvergne-Rhône-Alpes,Ardèche,7270,45.012,4.715,"Colombier-le-Jeune (7270), Auvergne-Rhône-Alpes"
2093,Colombier-le-Vieux,Auvergne-Rhône-Alpes,Ardèche,7410,45.059,4.699,"Colombier-le-Vieux (7410), Auvergne-Rhône-Alpes"
2094,Cornas,Auvergne-Rhône-Alpes,Ardèche,7130,44.966,4.841,"Cornas (7130), Auvergne-Rhône-Alpes"
2095,Coucouron,Auvergne-Rhône-Alpes,Ardèche,7470,44.795,3.962,"Coucouron (7470), Auvergne-Rhône-Alpes"
2096,Coux,Auvergne-Rhône-Alpes,Ardèche,7000,44.743,4.623,"Coux (7000), Auvergne-Rhône-Alpes"
2097,Le Crestet,Auvergne-Rhône-Alpes,Ardèche,7270,45.01,4.639,"Le Crestet (7270), Auvergne-Rhône-Alpes"
2098,Creysseilles,Auvergne-Rhône-Alpes,Ardèche,7000,44.76,4.53,"Creysseilles (7000), Auvergne-Rhône-Alpes"
2099,Cros-de-Géorand,Auvergne-Rhône-Alpes,Ardèche,7510,44.8,4.128,"Cros-de-Géorand (7510), Auvergne-Rhône-Alpes"
2100,Cruas,Auvergne-Rhône-Alpes,Ardèche,7350,44.657,4.757,"Cruas (7350), Auvergne-Rhône-Alpes"
2101,Darbres,Auvergne-Rhône-Alpes,Ardèche,7170,44.66,4.516,"Darbres (7170), Auvergne-Rhône-Alpes"
2102,Davézieux,Auvergne-Rhône-Alpes,Ardèche,7430,45.255,4.702,"Davézieux (7430), Auvergne-Rhône-Alpes"
2103,Désaignes,Auvergne-Rhône-Alpes,Ardèche,7570,44.992,4.501,"Désaignes (7570), Auvergne-Rhône-Alpes"
2104,Devesset,Auvergne-Rhône-Alpes,Ardèche,7320,45.066,4.393,"Devesset (7320), Auvergne-Rhône-Alpes"
2105,Dompnac,Auvergne-Rhône-Alpes,Ardèche,7260,44.563,4.107,"Dompnac (7260), Auvergne-Rhône-Alpes"
2106,Dornas,Auvergne-Rhône-Alpes,Ardèche,7160,44.852,4.358,"Dornas (7160), Auvergne-Rhône-Alpes"
2107,Dunière-sur-Eyrieux,Auvergne-Rhône-Alpes,Ardèche,7360,44.834,4.651,"Dunière-sur-Eyrieux (7360), Auvergne-Rhône-Alpes"
2108,Eclassan,Auvergne-Rhône-Alpes,Ardèche,7370,45.161,4.749,"Eclassan (7370), Auvergne-Rhône-Alpes"
2109,Empurany,Auvergne-Rhône-Alpes,Ardèche,7270,45.026,4.597,"Empurany (7270), Auvergne-Rhône-Alpes"
2110,Étables,Auvergne-Rhône-Alpes,Ardèche,7300,45.095,4.74,"Étables (7300), Auvergne-Rhône-Alpes"
2111,Fabras,Auvergne-Rhône-Alpes,Ardèche,7380,44.648,4.281,"Fabras (7380), Auvergne-Rhône-Alpes"
2112,Faugères,Auvergne-Rhône-Alpes,Ardèche,7230,44.479,4.14,"Faugères (7230), Auvergne-Rhône-Alpes"
2113,Félines,Auvergne-Rhône-Alpes,Ardèche,7340,45.316,4.727,"Félines (7340), Auvergne-Rhône-Alpes"
2114,Flaviac,Auvergne-Rhône-Alpes,Ardèche,7000,44.751,4.66,"Flaviac (7000), Auvergne-Rhône-Alpes"
2115,Fons,Auvergne-Rhône-Alpes,Ardèche,7200,44.581,4.347,"Fons (7200), Auvergne-Rhône-Alpes"
2116,Freyssenet,Auvergne-Rhône-Alpes,Ardèche,7000,44.689,4.547,"Freyssenet (7000), Auvergne-Rhône-Alpes"
2117,Genestelle,Auvergne-Rhône-Alpes,Ardèche,7530,44.737,4.385,"Genestelle (7530), Auvergne-Rhône-Alpes"
2118,Gilhac-et-Bruzac,Auvergne-Rhône-Alpes,Ardèche,7800,44.863,4.745,"Gilhac-et-Bruzac (7800), Auvergne-Rhône-Alpes"
2119,Gilhoc-sur-Ormèze,Auvergne-Rhône-Alpes,Ardèche,7270,44.986,4.677,"Gilhoc-sur-Ormèze (7270), Auvergne-Rhône-Alpes"
2120,Gluiras,Auvergne-Rhône-Alpes,Ardèche,7190,44.846,4.526,"Gluiras (7190), Auvergne-Rhône-Alpes"
2121,Glun,Auvergne-Rhône-Alpes,Ardèche,7300,45.007,4.825,"Glun (7300), Auvergne-Rhône-Alpes"
2122,Gourdon,Auvergne-Rhône-Alpes,Ardèche,7000,44.729,4.455,"Gourdon (7000), Auvergne-Rhône-Alpes"
2123,Gras,Auvergne-Rhône-Alpes,Ardèche,7700,44.445,4.534,"Gras (7700), Auvergne-Rhône-Alpes"
2124,Gravières,Auvergne-Rhône-Alpes,Ardèche,7140,44.421,4.072,"Gravières (7140), Auvergne-Rhône-Alpes"
2125,Grospierres,Auvergne-Rhône-Alpes,Ardèche,7120,44.393,4.287,"Grospierres (7120), Auvergne-Rhône-Alpes"
2126,Guilherand-Granges,Auvergne-Rhône-Alpes,Ardèche,7500,44.93,4.866,"Guilherand-Granges (7500), Auvergne-Rhône-Alpes"
2127,Saint-Julien-d'Intres,Auvergne-Rhône-Alpes,Ardèche,7310,44.986,4.344,"Saint-Julien-d'Intres (7310), Auvergne-Rhône-Alpes"
2128,Issamoulenc,Auvergne-Rhône-Alpes,Ardèche,7190,44.788,4.456,"Issamoulenc (7190), Auvergne-Rhône-Alpes"
2129,Issanlas,Auvergne-Rhône-Alpes,Ardèche,7660,44.767,4.015,"Issanlas (7660), Auvergne-Rhône-Alpes"
2130,Issarlès,Auvergne-Rhône-Alpes,Ardèche,7470,44.852,4.053,"Issarlès (7470), Auvergne-Rhône-Alpes"
2131,Jaujac,Auvergne-Rhône-Alpes,Ardèche,7380,44.63,4.238,"Jaujac (7380), Auvergne-Rhône-Alpes"
2132,Jaunac,Auvergne-Rhône-Alpes,Ardèche,7160,44.92,4.393,"Jaunac (7160), Auvergne-Rhône-Alpes"
2133,Joannas,Auvergne-Rhône-Alpes,Ardèche,7110,44.572,4.246,"Joannas (7110), Auvergne-Rhône-Alpes"
2134,Joyeuse,Auvergne-Rhône-Alpes,Ardèche,7260,44.47,4.248,"Joyeuse (7260), Auvergne-Rhône-Alpes"
2135,Juvinas,Auvergne-Rhône-Alpes,Ardèche,7600,44.704,4.307,"Juvinas (7600), Auvergne-Rhône-Alpes"
2136,Labastide-sur-Bésorgues,Auvergne-Rhône-Alpes,Ardèche,7600,44.749,4.298,"Labastide-sur-Bésorgues (7600), Auvergne-Rhône-Alpes"
2137,Labastide-de-Virac,Auvergne-Rhône-Alpes,Ardèche,7150,44.353,4.42,"Labastide-de-Virac (7150), Auvergne-Rhône-Alpes"
2138,Labatie-d'Andaure,Auvergne-Rhône-Alpes,Ardèche,7570,45.033,4.495,"Labatie-d'Andaure (7570), Auvergne-Rhône-Alpes"
2139,Labeaume,Auvergne-Rhône-Alpes,Ardèche,7120,44.468,4.311,"Labeaume (7120), Auvergne-Rhône-Alpes"
2140,Labégude,Auvergne-Rhône-Alpes,Ardèche,7200,44.642,4.357,"Labégude (7200), Auvergne-Rhône-Alpes"
2141,Lablachère,Auvergne-Rhône-Alpes,Ardèche,7230,44.46,4.214,"Lablachère (7230), Auvergne-Rhône-Alpes"
2142,Laboule,Auvergne-Rhône-Alpes,Ardèche,7110,44.596,4.17,"Laboule (7110), Auvergne-Rhône-Alpes"
2143,Le Lac-d'Issarlès,Auvergne-Rhône-Alpes,Ardèche,7470,44.823,4.075,"Le Lac-d'Issarlès (7470), Auvergne-Rhône-Alpes"
2144,Lachamp-Raphaël,Auvergne-Rhône-Alpes,Ardèche,7530,44.801,4.288,"Lachamp-Raphaël (7530), Auvergne-Rhône-Alpes"
2145,Lachapelle-Graillouse,Auvergne-Rhône-Alpes,Ardèche,7470,44.812,4.019,"Lachapelle-Graillouse (7470), Auvergne-Rhône-Alpes"
2146,Lachapelle-sous-Aubenas,Auvergne-Rhône-Alpes,Ardèche,7200,44.562,4.359,"Lachapelle-sous-Aubenas (7200), Auvergne-Rhône-Alpes"
2147,Lachapelle-sous-Chanéac,Auvergne-Rhône-Alpes,Ardèche,7310,44.954,4.319,"Lachapelle-sous-Chanéac (7310), Auvergne-Rhône-Alpes"
2148,Lafarre,Auvergne-Rhône-Alpes,Ardèche,7520,45.078,4.517,"Lafarre (7520), Auvergne-Rhône-Alpes"
2149,Lagorce,Auvergne-Rhône-Alpes,Ardèche,7150,44.445,4.431,"Lagorce (7150), Auvergne-Rhône-Alpes"
2150,Lalevade-d'Ardèche,Auvergne-Rhône-Alpes,Ardèche,7380,44.652,4.314,"Lalevade-d'Ardèche (7380), Auvergne-Rhône-Alpes"
2151,Lalouvesc,Auvergne-Rhône-Alpes,Ardèche,7520,45.116,4.526,"Lalouvesc (7520), Auvergne-Rhône-Alpes"
2152,Lamastre,Auvergne-Rhône-Alpes,Ardèche,7270,44.982,4.591,"Lamastre (7270), Auvergne-Rhône-Alpes"
2153,Lanarce,Auvergne-Rhône-Alpes,Ardèche,7660,44.729,3.997,"Lanarce (7660), Auvergne-Rhône-Alpes"
2154,Lanas,Auvergne-Rhône-Alpes,Ardèche,7200,44.537,4.384,"Lanas (7200), Auvergne-Rhône-Alpes"
2155,Largentière,Auvergne-Rhône-Alpes,Ardèche,7110,44.534,4.301,"Largentière (7110), Auvergne-Rhône-Alpes"
2156,Larnas,Auvergne-Rhône-Alpes,Ardèche,7220,44.454,4.596,"Larnas (7220), Auvergne-Rhône-Alpes"
2157,Laurac-en-Vivarais,Auvergne-Rhône-Alpes,Ardèche,7110,44.503,4.288,"Laurac-en-Vivarais (7110), Auvergne-Rhône-Alpes"
2158,Laveyrune,Auvergne-Rhône-Alpes,Ardèche,48250,44.621,3.919,"Laveyrune (48250), Auvergne-Rhône-Alpes"
2159,Lavillatte,Auvergne-Rhône-Alpes,Ardèche,7660,44.741,3.952,"Lavillatte (7660), Auvergne-Rhône-Alpes"
2160,Lavilledieu,Auvergne-Rhône-Alpes,Ardèche,7170,44.582,4.448,"Lavilledieu (7170), Auvergne-Rhône-Alpes"
2161,Laviolle,Auvergne-Rhône-Alpes,Ardèche,7530,44.762,4.334,"Laviolle (7530), Auvergne-Rhône-Alpes"
2162,Lemps,Auvergne-Rhône-Alpes,Ardèche,7610,45.097,4.779,"Lemps (7610), Auvergne-Rhône-Alpes"
2163,Lentillères,Auvergne-Rhône-Alpes,Ardèche,7200,44.609,4.298,"Lentillères (7200), Auvergne-Rhône-Alpes"
2164,Lespéron,Auvergne-Rhône-Alpes,Ardèche,7660,44.734,3.896,"Lespéron (7660), Auvergne-Rhône-Alpes"
2165,Limony,Auvergne-Rhône-Alpes,Ardèche,7340,45.353,4.75,"Limony (7340), Auvergne-Rhône-Alpes"
2166,Loubaresse,Auvergne-Rhône-Alpes,Ardèche,7110,44.591,4.051,"Loubaresse (7110), Auvergne-Rhône-Alpes"
2167,Lussas,Auvergne-Rhône-Alpes,Ardèche,7170,44.619,4.466,"Lussas (7170), Auvergne-Rhône-Alpes"
2168,Lyas,Auvergne-Rhône-Alpes,Ardèche,7000,44.757,4.597,"Lyas (7000), Auvergne-Rhône-Alpes"
2169,Malarce-sur-la-Thines,Auvergne-Rhône-Alpes,Ardèche,7140,44.478,4.05,"Malarce-sur-la-Thines (7140), Auvergne-Rhône-Alpes"
2170,Malbosc,Auvergne-Rhône-Alpes,Ardèche,7140,44.35,4.073,"Malbosc (7140), Auvergne-Rhône-Alpes"
2171,Marcols-les-Eaux,Auvergne-Rhône-Alpes,Ardèche,7190,44.806,4.389,"Marcols-les-Eaux (7190), Auvergne-Rhône-Alpes"
2172,Mariac,Auvergne-Rhône-Alpes,Ardèche,7160,44.886,4.353,"Mariac (7160), Auvergne-Rhône-Alpes"
2173,Mars,Auvergne-Rhône-Alpes,Ardèche,7320,45.01,4.329,"Mars (7320), Auvergne-Rhône-Alpes"
2174,Mauves,Auvergne-Rhône-Alpes,Ardèche,7300,45.029,4.82,"Mauves (7300), Auvergne-Rhône-Alpes"
2175,Mayres,Auvergne-Rhône-Alpes,Ardèche,7330,44.665,4.101,"Mayres (7330), Auvergne-Rhône-Alpes"
2176,Mazan-l'Abbaye,Auvergne-Rhône-Alpes,Ardèche,7510,44.725,4.081,"Mazan-l'Abbaye (7510), Auvergne-Rhône-Alpes"
2177,Mercuer,Auvergne-Rhône-Alpes,Ardèche,7200,44.626,4.351,"Mercuer (7200), Auvergne-Rhône-Alpes"
2178,Meyras,Auvergne-Rhône-Alpes,Ardèche,7380,44.678,4.26,"Meyras (7380), Auvergne-Rhône-Alpes"
2179,Meysse,Auvergne-Rhône-Alpes,Ardèche,7400,44.619,4.716,"Meysse (7400), Auvergne-Rhône-Alpes"
2180,Mézilhac,Auvergne-Rhône-Alpes,Ardèche,7530,44.807,4.342,"Mézilhac (7530), Auvergne-Rhône-Alpes"
2181,Mirabel,Auvergne-Rhône-Alpes,Ardèche,7170,44.596,4.496,"Mirabel (7170), Auvergne-Rhône-Alpes"
2182,Monestier,Auvergne-Rhône-Alpes,Ardèche,7690,45.2,4.505,"Monestier (7690), Auvergne-Rhône-Alpes"
2183,Montpezat-sous-Bauzon,Auvergne-Rhône-Alpes,Ardèche,7560,44.717,4.196,"Montpezat-sous-Bauzon (7560), Auvergne-Rhône-Alpes"
2184,Montréal,Auvergne-Rhône-Alpes,Ardèche,7110,44.518,4.294,"Montréal (7110), Auvergne-Rhône-Alpes"
2185,Montselgues,Auvergne-Rhône-Alpes,Ardèche,7140,44.533,4.004,"Montselgues (7140), Auvergne-Rhône-Alpes"
2186,Belsentes,Auvergne-Rhône-Alpes,Ardèche,7160,44.928,4.477,"Belsentes (7160), Auvergne-Rhône-Alpes"
2187,Nozières,Auvergne-Rhône-Alpes,Ardèche,7270,45.034,4.546,"Nozières (7270), Auvergne-Rhône-Alpes"
2188,Les Ollières-sur-Eyrieux,Auvergne-Rhône-Alpes,Ardèche,7360,44.81,4.62,"Les Ollières-sur-Eyrieux (7360), Auvergne-Rhône-Alpes"
2189,Orgnac-l'Aven,Auvergne-Rhône-Alpes,Ardèche,7150,44.31,4.424,"Orgnac-l'Aven (7150), Auvergne-Rhône-Alpes"
2190,Ozon,Auvergne-Rhône-Alpes,Ardèche,7370,45.163,4.797,"Ozon (7370), Auvergne-Rhône-Alpes"
2191,Pailharès,Auvergne-Rhône-Alpes,Ardèche,7410,45.08,4.557,"Pailharès (7410), Auvergne-Rhône-Alpes"
2192,Payzac,Auvergne-Rhône-Alpes,Ardèche,7230,44.455,4.149,"Payzac (7230), Auvergne-Rhône-Alpes"
2193,Peaugres,Auvergne-Rhône-Alpes,Ardèche,7340,45.286,4.728,"Peaugres (7340), Auvergne-Rhône-Alpes"
2194,Péreyres,Auvergne-Rhône-Alpes,Ardèche,7450,44.78,4.261,"Péreyres (7450), Auvergne-Rhône-Alpes"
2195,Peyraud,Auvergne-Rhône-Alpes,Ardèche,7340,45.296,4.784,"Peyraud (7340), Auvergne-Rhône-Alpes"
2196,Le Plagnal,Auvergne-Rhône-Alpes,Ardèche,7590,44.693,3.951,"Le Plagnal (7590), Auvergne-Rhône-Alpes"
2197,Planzolles,Auvergne-Rhône-Alpes,Ardèche,7230,44.486,4.158,"Planzolles (7230), Auvergne-Rhône-Alpes"
2198,Plats,Auvergne-Rhône-Alpes,Ardèche,7300,45.016,4.78,"Plats (7300), Auvergne-Rhône-Alpes"
2199,Pont-de-Labeaume,Auvergne-Rhône-Alpes,Ardèche,7380,44.666,4.297,"Pont-de-Labeaume (7380), Auvergne-Rhône-Alpes"
2200,Pourchères,Auvergne-Rhône-Alpes,Ardèche,7000,44.739,4.504,"Pourchères (7000), Auvergne-Rhône-Alpes"
2201,Le Pouzin,Auvergne-Rhône-Alpes,Ardèche,7250,44.752,4.749,"Le Pouzin (7250), Auvergne-Rhône-Alpes"
2202,Prades,Auvergne-Rhône-Alpes,Ardèche,7380,44.633,4.31,"Prades (7380), Auvergne-Rhône-Alpes"
2203,Pradons,Auvergne-Rhône-Alpes,Ardèche,7120,44.473,4.376,"Pradons (7120), Auvergne-Rhône-Alpes"
2204,Pranles,Auvergne-Rhône-Alpes,Ardèche,7000,44.781,4.575,"Pranles (7000), Auvergne-Rhône-Alpes"
2205,Préaux,Auvergne-Rhône-Alpes,Ardèche,7290,45.136,4.654,"Préaux (7290), Auvergne-Rhône-Alpes"
2206,Privas,Auvergne-Rhône-Alpes,Ardèche,7000,44.722,4.594,"Privas (7000), Auvergne-Rhône-Alpes"
2207,Prunet,Auvergne-Rhône-Alpes,Ardèche,7110,44.595,4.254,"Prunet (7110), Auvergne-Rhône-Alpes"
2208,Quintenas,Auvergne-Rhône-Alpes,Ardèche,7290,45.192,4.695,"Quintenas (7290), Auvergne-Rhône-Alpes"
2209,Ribes,Auvergne-Rhône-Alpes,Ardèche,7260,44.504,4.198,"Ribes (7260), Auvergne-Rhône-Alpes"
2210,Rochecolombe,Auvergne-Rhône-Alpes,Ardèche,7200,44.518,4.448,"Rochecolombe (7200), Auvergne-Rhône-Alpes"
2211,Rochemaure,Auvergne-Rhône-Alpes,Ardèche,7400,44.589,4.692,"Rochemaure (7400), Auvergne-Rhône-Alpes"
2212,Rochepaule,Auvergne-Rhône-Alpes,Ardèche,7320,45.086,4.459,"Rochepaule (7320), Auvergne-Rhône-Alpes"
2213,Rocher,Auvergne-Rhône-Alpes,Ardèche,7110,44.581,4.279,"Rocher (7110), Auvergne-Rhône-Alpes"
2214,Rochessauve,Auvergne-Rhône-Alpes,Ardèche,7210,44.681,4.611,"Rochessauve (7210), Auvergne-Rhône-Alpes"
2215,La Rochette,Auvergne-Rhône-Alpes,Ardèche,7310,44.922,4.232,"La Rochette (7310), Auvergne-Rhône-Alpes"
2216,Rocles,Auvergne-Rhône-Alpes,Ardèche,7110,44.568,4.208,"Rocles (7110), Auvergne-Rhône-Alpes"
2217,Roiffieux,Auvergne-Rhône-Alpes,Ardèche,7100,45.219,4.649,"Roiffieux (7100), Auvergne-Rhône-Alpes"
2218,Rompon,Auvergne-Rhône-Alpes,Ardèche,7250,44.779,4.73,"Rompon (7250), Auvergne-Rhône-Alpes"
2219,Rosières,Auvergne-Rhône-Alpes,Ardèche,7260,44.492,4.262,"Rosières (7260), Auvergne-Rhône-Alpes"
2220,Le Roux,Auvergne-Rhône-Alpes,Ardèche,7560,44.721,4.143,"Le Roux (7560), Auvergne-Rhône-Alpes"
2221,Ruoms,Auvergne-Rhône-Alpes,Ardèche,7120,44.448,4.348,"Ruoms (7120), Auvergne-Rhône-Alpes"
2222,Sablières,Auvergne-Rhône-Alpes,Ardèche,7260,44.544,4.063,"Sablières (7260), Auvergne-Rhône-Alpes"
2223,Sagnes-et-Goudoulet,Auvergne-Rhône-Alpes,Ardèche,7450,44.801,4.216,"Sagnes-et-Goudoulet (7450), Auvergne-Rhône-Alpes"
2224,Saint-Agrève,Auvergne-Rhône-Alpes,Ardèche,7320,45.005,4.413,"Saint-Agrève (7320), Auvergne-Rhône-Alpes"
2225,Saint-Alban-d'Ay,Auvergne-Rhône-Alpes,Ardèche,7790,45.186,4.632,"Saint-Alban-d'Ay (7790), Auvergne-Rhône-Alpes"
2226,Saint-Alban-en-Montagne,Auvergne-Rhône-Alpes,Ardèche,7590,44.71,3.918,"Saint-Alban-en-Montagne (7590), Auvergne-Rhône-Alpes"
2227,Saint-Alban-Auriolles,Auvergne-Rhône-Alpes,Ardèche,7120,44.434,4.295,"Saint-Alban-Auriolles (7120), Auvergne-Rhône-Alpes"
2228,Saint-Andéol-de-Berg,Auvergne-Rhône-Alpes,Ardèche,7170,44.53,4.537,"Saint-Andéol-de-Berg (7170), Auvergne-Rhône-Alpes"
2229,Saint-Andéol-de-Fourchades,Auvergne-Rhône-Alpes,Ardèche,7160,44.845,4.288,"Saint-Andéol-de-Fourchades (7160), Auvergne-Rhône-Alpes"
2230,Saint-Andéol-de-Vals,Auvergne-Rhône-Alpes,Ardèche,7600,44.693,4.401,"Saint-Andéol-de-Vals (7600), Auvergne-Rhône-Alpes"
2231,Saint-André-de-Cruzières,Auvergne-Rhône-Alpes,Ardèche,7460,44.315,4.212,"Saint-André-de-Cruzières (7460), Auvergne-Rhône-Alpes"
2232,Saint-André-en-Vivarais,Auvergne-Rhône-Alpes,Ardèche,7690,45.116,4.41,"Saint-André-en-Vivarais (7690), Auvergne-Rhône-Alpes"
2233,Saint-André-Lachamp,Auvergne-Rhône-Alpes,Ardèche,7230,44.508,4.152,"Saint-André-Lachamp (7230), Auvergne-Rhône-Alpes"
2234,Saint-Apollinaire-de-Rias,Auvergne-Rhône-Alpes,Ardèche,7240,44.92,4.59,"Saint-Apollinaire-de-Rias (7240), Auvergne-Rhône-Alpes"
2235,Saint-Barthélemy-le-Meil,Auvergne-Rhône-Alpes,Ardèche,7160,44.885,4.479,"Saint-Barthélemy-le-Meil (7160), Auvergne-Rhône-Alpes"
2236,Saint-Barthélemy-Grozon,Auvergne-Rhône-Alpes,Ardèche,7270,44.96,4.65,"Saint-Barthélemy-Grozon (7270), Auvergne-Rhône-Alpes"
2237,Saint-Barthélemy-le-Plain,Auvergne-Rhône-Alpes,Ardèche,7300,45.046,4.744,"Saint-Barthélemy-le-Plain (7300), Auvergne-Rhône-Alpes"
2238,Saint-Basile,Auvergne-Rhône-Alpes,Ardèche,7270,44.949,4.562,"Saint-Basile (7270), Auvergne-Rhône-Alpes"
2239,Saint-Bauzile,Auvergne-Rhône-Alpes,Ardèche,7210,44.673,4.669,"Saint-Bauzile (7210), Auvergne-Rhône-Alpes"
2240,Saint-Christol,Auvergne-Rhône-Alpes,Ardèche,7160,44.87,4.438,"Saint-Christol (7160), Auvergne-Rhône-Alpes"
2241,Saint-Cierge-la-Serre,Auvergne-Rhône-Alpes,Ardèche,7800,44.794,4.68,"Saint-Cierge-la-Serre (7800), Auvergne-Rhône-Alpes"
2242,Saint-Cierge-sous-le-Cheylard,Auvergne-Rhône-Alpes,Ardèche,7160,44.926,4.454,"Saint-Cierge-sous-le-Cheylard (7160), Auvergne-Rhône-Alpes"
2243,Saint-Cirgues-de-Prades,Auvergne-Rhône-Alpes,Ardèche,7380,44.62,4.274,"Saint-Cirgues-de-Prades (7380), Auvergne-Rhône-Alpes"
2244,Saint-Cirgues-en-Montagne,Auvergne-Rhône-Alpes,Ardèche,7510,44.768,4.089,"Saint-Cirgues-en-Montagne (7510), Auvergne-Rhône-Alpes"
2245,Saint-Clair,Auvergne-Rhône-Alpes,Ardèche,7430,45.276,4.687,"Saint-Clair (7430), Auvergne-Rhône-Alpes"
2246,Saint-Clément,Auvergne-Rhône-Alpes,Ardèche,7310,44.95,4.26,"Saint-Clément (7310), Auvergne-Rhône-Alpes"
2247,Saint-Cyr,Auvergne-Rhône-Alpes,Ardèche,7430,45.249,4.736,"Saint-Cyr (7430), Auvergne-Rhône-Alpes"
2248,Saint-Désirat,Auvergne-Rhône-Alpes,Ardèche,7340,45.259,4.779,"Saint-Désirat (7340), Auvergne-Rhône-Alpes"
2249,Saint-Didier-sous-Aubenas,Auvergne-Rhône-Alpes,Ardèche,7200,44.612,4.42,"Saint-Didier-sous-Aubenas (7200), Auvergne-Rhône-Alpes"
2250,Saint-Étienne-de-Boulogne,Auvergne-Rhône-Alpes,Ardèche,7200,44.7,4.473,"Saint-Étienne-de-Boulogne (7200), Auvergne-Rhône-Alpes"
2251,Saint-Étienne-de-Fontbellon,Auvergne-Rhône-Alpes,Ardèche,7200,44.599,4.374,"Saint-Étienne-de-Fontbellon (7200), Auvergne-Rhône-Alpes"
2252,Saint-Étienne-de-Lugdarès,Auvergne-Rhône-Alpes,Ardèche,7590,44.647,3.973,"Saint-Étienne-de-Lugdarès (7590), Auvergne-Rhône-Alpes"
2253,Saint-Étienne-de-Serre,Auvergne-Rhône-Alpes,Ardèche,7190,44.801,4.524,"Saint-Étienne-de-Serre (7190), Auvergne-Rhône-Alpes"
2254,Saint-Étienne-de-Valoux,Auvergne-Rhône-Alpes,Ardèche,7340,45.243,4.777,"Saint-Étienne-de-Valoux (7340), Auvergne-Rhône-Alpes"
2255,Sainte-Eulalie,Auvergne-Rhône-Alpes,Ardèche,7510,44.829,4.186,"Sainte-Eulalie (7510), Auvergne-Rhône-Alpes"
2256,Saint-Félicien,Auvergne-Rhône-Alpes,Ardèche,7410,45.077,4.61,"Saint-Félicien (7410), Auvergne-Rhône-Alpes"
2257,Saint-Fortunat-sur-Eyrieux,Auvergne-Rhône-Alpes,Ardèche,7360,44.835,4.689,"Saint-Fortunat-sur-Eyrieux (7360), Auvergne-Rhône-Alpes"
2258,Saint-Genest-de-Beauzon,Auvergne-Rhône-Alpes,Ardèche,7230,44.445,4.187,"Saint-Genest-de-Beauzon (7230), Auvergne-Rhône-Alpes"
2259,Saint-Genest-Lachamp,Auvergne-Rhône-Alpes,Ardèche,7160,44.844,4.424,"Saint-Genest-Lachamp (7160), Auvergne-Rhône-Alpes"
2260,Saint-Georges-les-Bains,Auvergne-Rhône-Alpes,Ardèche,7800,44.859,4.81,"Saint-Georges-les-Bains (7800), Auvergne-Rhône-Alpes"
2261,Saint-Germain,Auvergne-Rhône-Alpes,Ardèche,7170,44.553,4.448,"Saint-Germain (7170), Auvergne-Rhône-Alpes"
2262,Saint-Gineys-en-Coiron,Auvergne-Rhône-Alpes,Ardèche,7580,44.634,4.539,"Saint-Gineys-en-Coiron (7580), Auvergne-Rhône-Alpes"
2263,Saint-Jacques-d'Atticieux,Auvergne-Rhône-Alpes,Ardèche,7340,45.332,4.663,"Saint-Jacques-d'Atticieux (7340), Auvergne-Rhône-Alpes"
2264,Saint-Jean-Chambre,Auvergne-Rhône-Alpes,Ardèche,7240,44.908,4.562,"Saint-Jean-Chambre (7240), Auvergne-Rhône-Alpes"
2265,Saint-Jean-de-Muzols,Auvergne-Rhône-Alpes,Ardèche,7300,45.079,4.8,"Saint-Jean-de-Muzols (7300), Auvergne-Rhône-Alpes"
2266,Saint-Jean-le-Centenier,Auvergne-Rhône-Alpes,Ardèche,7580,44.587,4.538,"Saint-Jean-le-Centenier (7580), Auvergne-Rhône-Alpes"
2267,Saint-Jean-Roure,Auvergne-Rhône-Alpes,Ardèche,7160,44.955,4.419,"Saint-Jean-Roure (7160), Auvergne-Rhône-Alpes"
2268,Saint-Jeure-d'Andaure,Auvergne-Rhône-Alpes,Ardèche,7320,45.048,4.464,"Saint-Jeure-d'Andaure (7320), Auvergne-Rhône-Alpes"
2269,Saint-Jeure-d'Ay,Auvergne-Rhône-Alpes,Ardèche,7290,45.145,4.71,"Saint-Jeure-d'Ay (7290), Auvergne-Rhône-Alpes"
2270,Saint-Joseph-des-Bancs,Auvergne-Rhône-Alpes,Ardèche,7530,44.748,4.414,"Saint-Joseph-des-Bancs (7530), Auvergne-Rhône-Alpes"
2271,Saint-Julien-du-Gua,Auvergne-Rhône-Alpes,Ardèche,7190,44.771,4.44,"Saint-Julien-du-Gua (7190), Auvergne-Rhône-Alpes"
2272,Saint-Julien-du-Serre,Auvergne-Rhône-Alpes,Ardèche,7200,44.66,4.404,"Saint-Julien-du-Serre (7200), Auvergne-Rhône-Alpes"
2273,Saint-Julien-en-Saint-Alban,Auvergne-Rhône-Alpes,Ardèche,7000,44.759,4.693,"Saint-Julien-en-Saint-Alban (7000), Auvergne-Rhône-Alpes"
2274,Saint-Julien-le-Roux,Auvergne-Rhône-Alpes,Ardèche,7240,44.868,4.676,"Saint-Julien-le-Roux (7240), Auvergne-Rhône-Alpes"
2275,Saint-Julien-Vocance,Auvergne-Rhône-Alpes,Ardèche,7690,45.167,4.488,"Saint-Julien-Vocance (7690), Auvergne-Rhône-Alpes"
2276,Saint-Just-d'Ardèche,Auvergne-Rhône-Alpes,Ardèche,7700,44.293,4.624,"Saint-Just-d'Ardèche (7700), Auvergne-Rhône-Alpes"
2277,Saint-Lager-Bressac,Auvergne-Rhône-Alpes,Ardèche,7210,44.692,4.716,"Saint-Lager-Bressac (7210), Auvergne-Rhône-Alpes"
2278,Saint-Laurent-du-Pape,Auvergne-Rhône-Alpes,Ardèche,7800,44.823,4.745,"Saint-Laurent-du-Pape (7800), Auvergne-Rhône-Alpes"
2279,Saint-Laurent-les-Bains-Laval-d'Aurelle,Auvergne-Rhône-Alpes,Ardèche,7590,44.597,3.958,"Saint-Laurent-les-Bains-Laval-d'Aurelle (7590), Auvergne-Rhône-Alpes"
2280,Saint-Laurent-sous-Coiron,Auvergne-Rhône-Alpes,Ardèche,7170,44.664,4.485,"Saint-Laurent-sous-Coiron (7170), Auvergne-Rhône-Alpes"
2281,Saint-Marcel-d'Ardèche,Auvergne-Rhône-Alpes,Ardèche,7700,44.33,4.607,"Saint-Marcel-d'Ardèche (7700), Auvergne-Rhône-Alpes"
2282,Saint-Marcel-lès-Annonay,Auvergne-Rhône-Alpes,Ardèche,7100,45.289,4.63,"Saint-Marcel-lès-Annonay (7100), Auvergne-Rhône-Alpes"
2283,Sainte-Marguerite-Lafigère,Auvergne-Rhône-Alpes,Ardèche,7140,44.485,3.998,"Sainte-Marguerite-Lafigère (7140), Auvergne-Rhône-Alpes"
2284,Saint-Martial,Auvergne-Rhône-Alpes,Ardèche,7310,44.863,4.251,"Saint-Martial (7310), Auvergne-Rhône-Alpes"
2285,Saint-Martin-d'Ardèche,Auvergne-Rhône-Alpes,Ardèche,7700,44.307,4.573,"Saint-Martin-d'Ardèche (7700), Auvergne-Rhône-Alpes"
2286,Saint-Martin-de-Valamas,Auvergne-Rhône-Alpes,Ardèche,7310,44.937,4.371,"Saint-Martin-de-Valamas (7310), Auvergne-Rhône-Alpes"
2287,Saint-Martin-sur-Lavezon,Auvergne-Rhône-Alpes,Ardèche,7400,44.635,4.656,"Saint-Martin-sur-Lavezon (7400), Auvergne-Rhône-Alpes"
2288,Saint-Maurice-d'Ardèche,Auvergne-Rhône-Alpes,Ardèche,7200,44.519,4.405,"Saint-Maurice-d'Ardèche (7200), Auvergne-Rhône-Alpes"
2289,Saint-Maurice-d'Ibie,Auvergne-Rhône-Alpes,Ardèche,7170,44.484,4.482,"Saint-Maurice-d'Ibie (7170), Auvergne-Rhône-Alpes"
2290,Saint-Maurice-en-Chalencon,Auvergne-Rhône-Alpes,Ardèche,7190,44.855,4.582,"Saint-Maurice-en-Chalencon (7190), Auvergne-Rhône-Alpes"
2291,Saint-Mélany,Auvergne-Rhône-Alpes,Ardèche,7260,44.539,4.129,"Saint-Mélany (7260), Auvergne-Rhône-Alpes"
2292,Saint-Michel-d'Aurance,Auvergne-Rhône-Alpes,Ardèche,7160,44.899,4.457,"Saint-Michel-d'Aurance (7160), Auvergne-Rhône-Alpes"
2293,Saint-Michel-de-Boulogne,Auvergne-Rhône-Alpes,Ardèche,7200,44.699,4.433,"Saint-Michel-de-Boulogne (7200), Auvergne-Rhône-Alpes"
2294,Saint-Michel-de-Chabrillanoux,Auvergne-Rhône-Alpes,Ardèche,7360,44.837,4.612,"Saint-Michel-de-Chabrillanoux (7360), Auvergne-Rhône-Alpes"
2295,Saint-Montan,Auvergne-Rhône-Alpes,Ardèche,7220,44.434,4.633,"Saint-Montan (7220), Auvergne-Rhône-Alpes"
2296,Saint-Paul-le-Jeune,Auvergne-Rhône-Alpes,Ardèche,7460,44.332,4.155,"Saint-Paul-le-Jeune (7460), Auvergne-Rhône-Alpes"
2297,Saint-Péray,Auvergne-Rhône-Alpes,Ardèche,7130,44.941,4.825,"Saint-Péray (7130), Auvergne-Rhône-Alpes"
2298,Saint-Pierre-de-Colombier,Auvergne-Rhône-Alpes,Ardèche,7450,44.71,4.266,"Saint-Pierre-de-Colombier (7450), Auvergne-Rhône-Alpes"
2299,Saint-Pierre-la-Roche,Auvergne-Rhône-Alpes,Ardèche,7400,44.654,4.622,"Saint-Pierre-la-Roche (7400), Auvergne-Rhône-Alpes"
2300,Saint-Pierre-Saint-Jean,Auvergne-Rhône-Alpes,Ardèche,7140,44.483,4.102,"Saint-Pierre-Saint-Jean (7140), Auvergne-Rhône-Alpes"
2301,Saint-Pierre-sur-Doux,Auvergne-Rhône-Alpes,Ardèche,7520,45.129,4.485,"Saint-Pierre-sur-Doux (7520), Auvergne-Rhône-Alpes"
2302,Saint-Pierreville,Auvergne-Rhône-Alpes,Ardèche,7190,44.819,4.481,"Saint-Pierreville (7190), Auvergne-Rhône-Alpes"
2303,Saint-Pons,Auvergne-Rhône-Alpes,Ardèche,7580,44.599,4.572,"Saint-Pons (7580), Auvergne-Rhône-Alpes"
2304,Saint-Priest,Auvergne-Rhône-Alpes,Ardèche,7000,44.713,4.536,"Saint-Priest (7000), Auvergne-Rhône-Alpes"
2305,Saint-Privat,Auvergne-Rhône-Alpes,Ardèche,7200,44.629,4.423,"Saint-Privat (7200), Auvergne-Rhône-Alpes"
2306,Saint-Prix,Auvergne-Rhône-Alpes,Ardèche,7270,44.947,4.501,"Saint-Prix (7270), Auvergne-Rhône-Alpes"
2307,Saint-Remèze,Auvergne-Rhône-Alpes,Ardèche,7700,44.378,4.496,"Saint-Remèze (7700), Auvergne-Rhône-Alpes"
2308,Saint-Romain-d'Ay,Auvergne-Rhône-Alpes,Ardèche,7290,45.166,4.682,"Saint-Romain-d'Ay (7290), Auvergne-Rhône-Alpes"
2309,Saint-Romain-de-Lerps,Auvergne-Rhône-Alpes,Ardèche,7130,44.976,4.796,"Saint-Romain-de-Lerps (7130), Auvergne-Rhône-Alpes"
2310,Saint-Sauveur-de-Cruzières,Auvergne-Rhône-Alpes,Ardèche,7460,44.295,4.258,"Saint-Sauveur-de-Cruzières (7460), Auvergne-Rhône-Alpes"
2311,Saint-Sauveur-de-Montagut,Auvergne-Rhône-Alpes,Ardèche,7190,44.82,4.573,"Saint-Sauveur-de-Montagut (7190), Auvergne-Rhône-Alpes"
2312,Saint-Sernin,Auvergne-Rhône-Alpes,Ardèche,7200,44.576,4.382,"Saint-Sernin (7200), Auvergne-Rhône-Alpes"
2313,Saint-Sylvestre,Auvergne-Rhône-Alpes,Ardèche,7440,44.988,4.75,"Saint-Sylvestre (7440), Auvergne-Rhône-Alpes"
2314,Saint-Symphorien-sous-Chomérac,Auvergne-Rhône-Alpes,Ardèche,7210,44.728,4.706,"Saint-Symphorien-sous-Chomérac (7210), Auvergne-Rhône-Alpes"
2315,Saint-Symphorien-de-Mahun,Auvergne-Rhône-Alpes,Ardèche,7290,45.156,4.55,"Saint-Symphorien-de-Mahun (7290), Auvergne-Rhône-Alpes"
2316,Saint-Thomé,Auvergne-Rhône-Alpes,Ardèche,7220,44.502,4.619,"Saint-Thomé (7220), Auvergne-Rhône-Alpes"
2317,Saint-Victor,Auvergne-Rhône-Alpes,Ardèche,7410,45.099,4.688,"Saint-Victor (7410), Auvergne-Rhône-Alpes"
2318,Saint-Vincent-de-Barrès,Auvergne-Rhône-Alpes,Ardèche,7210,44.657,4.708,"Saint-Vincent-de-Barrès (7210), Auvergne-Rhône-Alpes"
2319,Saint-Vincent-de-Durfort,Auvergne-Rhône-Alpes,Ardèche,7360,44.792,4.638,"Saint-Vincent-de-Durfort (7360), Auvergne-Rhône-Alpes"
2320,Salavas,Auvergne-Rhône-Alpes,Ardèche,7150,44.388,4.367,"Salavas (7150), Auvergne-Rhône-Alpes"
2321,Les Salelles,Auvergne-Rhône-Alpes,Ardèche,7140,44.436,4.098,"Les Salelles (7140), Auvergne-Rhône-Alpes"
2322,Sampzon,Auvergne-Rhône-Alpes,Ardèche,7120,44.412,4.332,"Sampzon (7120), Auvergne-Rhône-Alpes"
2323,Sanilhac,Auvergne-Rhône-Alpes,Ardèche,7110,44.533,4.232,"Sanilhac (7110), Auvergne-Rhône-Alpes"
2324,Sarras,Auvergne-Rhône-Alpes,Ardèche,7370,45.187,4.784,"Sarras (7370), Auvergne-Rhône-Alpes"
2325,Satillieu,Auvergne-Rhône-Alpes,Ardèche,7290,45.142,4.588,"Satillieu (7290), Auvergne-Rhône-Alpes"
2326,Savas,Auvergne-Rhône-Alpes,Ardèche,7430,45.301,4.673,"Savas (7430), Auvergne-Rhône-Alpes"
2327,Sceautres,Auvergne-Rhône-Alpes,Ardèche,7400,44.617,4.608,"Sceautres (7400), Auvergne-Rhône-Alpes"
2328,Sécheras,Auvergne-Rhône-Alpes,Ardèche,7610,45.129,4.777,"Sécheras (7610), Auvergne-Rhône-Alpes"
2329,Serrières,Auvergne-Rhône-Alpes,Ardèche,7340,45.314,4.763,"Serrières (7340), Auvergne-Rhône-Alpes"
2330,Silhac,Auvergne-Rhône-Alpes,Ardèche,7240,44.874,4.613,"Silhac (7240), Auvergne-Rhône-Alpes"
2331,La Souche,Auvergne-Rhône-Alpes,Ardèche,7380,44.628,4.162,"La Souche (7380), Auvergne-Rhône-Alpes"
2332,Soyons,Auvergne-Rhône-Alpes,Ardèche,7130,44.892,4.851,"Soyons (7130), Auvergne-Rhône-Alpes"
2333,Talencieux,Auvergne-Rhône-Alpes,Ardèche,7340,45.219,4.774,"Talencieux (7340), Auvergne-Rhône-Alpes"
2334,Tauriers,Auvergne-Rhône-Alpes,Ardèche,7110,44.552,4.273,"Tauriers (7110), Auvergne-Rhône-Alpes"
2335,Le Teil,Auvergne-Rhône-Alpes,Ardèche,7400,44.543,4.665,"Le Teil (7400), Auvergne-Rhône-Alpes"
2336,Thorrenc,Auvergne-Rhône-Alpes,Ardèche,7340,45.234,4.76,"Thorrenc (7340), Auvergne-Rhône-Alpes"
2337,Thueyts,Auvergne-Rhône-Alpes,Ardèche,7330,44.674,4.212,"Thueyts (7330), Auvergne-Rhône-Alpes"
2338,Toulaud,Auvergne-Rhône-Alpes,Ardèche,7130,44.902,4.793,"Toulaud (7130), Auvergne-Rhône-Alpes"
2339,Tournon-sur-Rhône,Auvergne-Rhône-Alpes,Ardèche,7300,45.054,4.815,"Tournon-sur-Rhône (7300), Auvergne-Rhône-Alpes"
2340,Ucel,Auvergne-Rhône-Alpes,Ardèche,7200,44.643,4.388,"Ucel (7200), Auvergne-Rhône-Alpes"
2341,Usclades-et-Rieutord,Auvergne-Rhône-Alpes,Ardèche,7510,44.771,4.169,"Usclades-et-Rieutord (7510), Auvergne-Rhône-Alpes"
2342,Uzer,Auvergne-Rhône-Alpes,Ardèche,7110,44.518,4.327,"Uzer (7110), Auvergne-Rhône-Alpes"
2343,Vagnas,Auvergne-Rhône-Alpes,Ardèche,7150,44.36,4.344,"Vagnas (7150), Auvergne-Rhône-Alpes"
2344,Valgorge,Auvergne-Rhône-Alpes,Ardèche,7110,44.594,4.113,"Valgorge (7110), Auvergne-Rhône-Alpes"
2345,Vallon-Pont-d'Arc,Auvergne-Rhône-Alpes,Ardèche,7150,44.4,4.405,"Vallon-Pont-d'Arc (7150), Auvergne-Rhône-Alpes"
2346,Vals-les-Bains,Auvergne-Rhône-Alpes,Ardèche,7600,44.667,4.343,"Vals-les-Bains (7600), Auvergne-Rhône-Alpes"
2347,Valvignères,Auvergne-Rhône-Alpes,Ardèche,7400,44.5,4.561,"Valvignères (7400), Auvergne-Rhône-Alpes"
2348,Vanosc,Auvergne-Rhône-Alpes,Ardèche,7690,45.224,4.534,"Vanosc (7690), Auvergne-Rhône-Alpes"
2349,Les Vans,Auvergne-Rhône-Alpes,Ardèche,7140,44.392,4.115,"Les Vans (7140), Auvergne-Rhône-Alpes"
2350,Vaudevant,Auvergne-Rhône-Alpes,Ardèche,7410,45.108,4.607,"Vaudevant (7410), Auvergne-Rhône-Alpes"
2351,Vernon,Auvergne-Rhône-Alpes,Ardèche,7260,44.506,4.226,"Vernon (7260), Auvergne-Rhône-Alpes"
2352,Vernosc-lès-Annonay,Auvergne-Rhône-Alpes,Ardèche,7430,45.222,4.724,"Vernosc-lès-Annonay (7430), Auvergne-Rhône-Alpes"
2353,Vernoux-en-Vivarais,Auvergne-Rhône-Alpes,Ardèche,7240,44.905,4.644,"Vernoux-en-Vivarais (7240), Auvergne-Rhône-Alpes"
2354,Vesseaux,Auvergne-Rhône-Alpes,Ardèche,7200,44.658,4.444,"Vesseaux (7200), Auvergne-Rhône-Alpes"
2355,Veyras,Auvergne-Rhône-Alpes,Ardèche,7000,44.735,4.556,"Veyras (7000), Auvergne-Rhône-Alpes"
2356,Villeneuve-de-Berg,Auvergne-Rhône-Alpes,Ardèche,7170,44.549,4.503,"Villeneuve-de-Berg (7170), Auvergne-Rhône-Alpes"
2357,Villevocance,Auvergne-Rhône-Alpes,Ardèche,7690,45.226,4.595,"Villevocance (7690), Auvergne-Rhône-Alpes"
2358,Vinezac,Auvergne-Rhône-Alpes,Ardèche,7110,44.546,4.333,"Vinezac (7110), Auvergne-Rhône-Alpes"
2359,Vinzieux,Auvergne-Rhône-Alpes,Ardèche,7340,45.331,4.702,"Vinzieux (7340), Auvergne-Rhône-Alpes"
2360,Vion,Auvergne-Rhône-Alpes,Ardèche,7610,45.112,4.798,"Vion (7610), Auvergne-Rhône-Alpes"
2361,Viviers,Auvergne-Rhône-Alpes,Ardèche,7220,44.484,4.67,"Viviers (7220), Auvergne-Rhône-Alpes"
2362,Vocance,Auvergne-Rhône-Alpes,Ardèche,7690,45.195,4.564,"Vocance (7690), Auvergne-Rhône-Alpes"
2363,Vogüé,Auvergne-Rhône-Alpes,Ardèche,7200,44.558,4.411,"Vogüé (7200), Auvergne-Rhône-Alpes"
2364,La Voulte-sur-Rhône,Auvergne-Rhône-Alpes,Ardèche,7800,44.802,4.78,"La Voulte-sur-Rhône (7800), Auvergne-Rhône-Alpes"
4935,Allanche,Auvergne-Rhône-Alpes,Cantal,15160,45.231,2.953,"Allanche (15160), Auvergne-Rhône-Alpes"
4936,Alleuze,Auvergne-Rhône-Alpes,Cantal,15100,44.96,3.098,"Alleuze (15100), Auvergne-Rhône-Alpes"
4937,Ally,Auvergne-Rhône-Alpes,Cantal,15700,45.164,2.326,"Ally (15700), Auvergne-Rhône-Alpes"
4938,Andelat,Auvergne-Rhône-Alpes,Cantal,15100,45.07,3.059,"Andelat (15100), Auvergne-Rhône-Alpes"
4939,Anglards-de-Saint-Flour,Auvergne-Rhône-Alpes,Cantal,15100,44.989,3.158,"Anglards-de-Saint-Flour (15100), Auvergne-Rhône-Alpes"
4940,Anglards-de-Salers,Auvergne-Rhône-Alpes,Cantal,15380,45.197,2.466,"Anglards-de-Salers (15380), Auvergne-Rhône-Alpes"
4941,Anterrieux,Auvergne-Rhône-Alpes,Cantal,15110,44.831,3.057,"Anterrieux (15110), Auvergne-Rhône-Alpes"
4942,Antignac,Auvergne-Rhône-Alpes,Cantal,15240,45.351,2.562,"Antignac (15240), Auvergne-Rhône-Alpes"
4943,Apchon,Auvergne-Rhône-Alpes,Cantal,15400,45.245,2.698,"Apchon (15400), Auvergne-Rhône-Alpes"
4944,Arches,Auvergne-Rhône-Alpes,Cantal,15200,45.298,2.318,"Arches (15200), Auvergne-Rhône-Alpes"
4945,Arnac,Auvergne-Rhône-Alpes,Cantal,15150,45.063,2.226,"Arnac (15150), Auvergne-Rhône-Alpes"
4946,Arpajon-sur-Cère,Auvergne-Rhône-Alpes,Cantal,15130,44.876,2.464,"Arpajon-sur-Cère (15130), Auvergne-Rhône-Alpes"
4947,Auriac-l'Église,Auvergne-Rhône-Alpes,Cantal,15500,45.264,3.126,"Auriac-l'Église (15500), Auvergne-Rhône-Alpes"
4948,Aurillac,Auvergne-Rhône-Alpes,Cantal,15000,44.924,2.442,"Aurillac (15000), Auvergne-Rhône-Alpes"
4949,Auzers,Auvergne-Rhône-Alpes,Cantal,15240,45.276,2.465,"Auzers (15240), Auvergne-Rhône-Alpes"
4950,Ayrens,Auvergne-Rhône-Alpes,Cantal,15250,44.991,2.324,"Ayrens (15250), Auvergne-Rhône-Alpes"
4951,Badailhac,Auvergne-Rhône-Alpes,Cantal,15800,44.914,2.628,"Badailhac (15800), Auvergne-Rhône-Alpes"
4952,Barriac-les-Bosquets,Auvergne-Rhône-Alpes,Cantal,15700,45.148,2.265,"Barriac-les-Bosquets (15700), Auvergne-Rhône-Alpes"
4953,Bassignac,Auvergne-Rhône-Alpes,Cantal,15240,45.315,2.4,"Bassignac (15240), Auvergne-Rhône-Alpes"
4954,Beaulieu,Auvergne-Rhône-Alpes,Cantal,15270,45.465,2.521,"Beaulieu (15270), Auvergne-Rhône-Alpes"
4955,Boisset,Auvergne-Rhône-Alpes,Cantal,15600,44.786,2.255,"Boisset (15600), Auvergne-Rhône-Alpes"
4956,Bonnac,Auvergne-Rhône-Alpes,Cantal,15500,45.21,3.147,"Bonnac (15500), Auvergne-Rhône-Alpes"
4957,Brageac,Auvergne-Rhône-Alpes,Cantal,15700,45.204,2.266,"Brageac (15700), Auvergne-Rhône-Alpes"
4958,Albepierre-Bredons,Auvergne-Rhône-Alpes,Cantal,15300,45.077,2.82,"Albepierre-Bredons (15300), Auvergne-Rhône-Alpes"
4959,Brezons,Auvergne-Rhône-Alpes,Cantal,15230,45.01,2.792,"Brezons (15230), Auvergne-Rhône-Alpes"
4960,Puycapel,Auvergne-Rhône-Alpes,Cantal,15340,44.721,2.362,"Puycapel (15340), Auvergne-Rhône-Alpes"
4961,Carlat,Auvergne-Rhône-Alpes,Cantal,15130,44.883,2.572,"Carlat (15130), Auvergne-Rhône-Alpes"
4962,Cassaniouze,Auvergne-Rhône-Alpes,Cantal,15340,44.674,2.381,"Cassaniouze (15340), Auvergne-Rhône-Alpes"
4963,Cayrols,Auvergne-Rhône-Alpes,Cantal,15290,44.829,2.227,"Cayrols (15290), Auvergne-Rhône-Alpes"
4964,Celoux,Auvergne-Rhône-Alpes,Cantal,15500,45.138,3.261,"Celoux (15500), Auvergne-Rhône-Alpes"
4965,Cézens,Auvergne-Rhône-Alpes,Cantal,15230,44.985,2.859,"Cézens (15230), Auvergne-Rhône-Alpes"
4966,Chaliers,Auvergne-Rhône-Alpes,Cantal,15320,44.97,3.238,"Chaliers (15320), Auvergne-Rhône-Alpes"
4967,Chalvignac,Auvergne-Rhône-Alpes,Cantal,15200,45.248,2.265,"Chalvignac (15200), Auvergne-Rhône-Alpes"
4968,Champagnac,Auvergne-Rhône-Alpes,Cantal,15350,45.363,2.403,"Champagnac (15350), Auvergne-Rhône-Alpes"
4969,Champs-sur-Tarentaine-Marchal,Auvergne-Rhône-Alpes,Cantal,15270,45.404,2.604,"Champs-sur-Tarentaine-Marchal (15270), Auvergne-Rhône-Alpes"
4970,Chanterelle,Auvergne-Rhône-Alpes,Cantal,15190,45.377,2.833,"Chanterelle (15190), Auvergne-Rhône-Alpes"
4971,La Chapelle-d'Alagnon,Auvergne-Rhône-Alpes,Cantal,15300,45.105,2.908,"La Chapelle-d'Alagnon (15300), Auvergne-Rhône-Alpes"
4972,La Chapelle-Laurent,Auvergne-Rhône-Alpes,Cantal,15500,45.184,3.242,"La Chapelle-Laurent (15500), Auvergne-Rhône-Alpes"
4973,Charmensac,Auvergne-Rhône-Alpes,Cantal,15500,45.226,3.075,"Charmensac (15500), Auvergne-Rhône-Alpes"
4974,Chaudes-Aigues,Auvergne-Rhône-Alpes,Cantal,15110,44.849,2.998,"Chaudes-Aigues (15110), Auvergne-Rhône-Alpes"
4975,Chaussenac,Auvergne-Rhône-Alpes,Cantal,15700,45.176,2.273,"Chaussenac (15700), Auvergne-Rhône-Alpes"
4976,Chazelles,Auvergne-Rhône-Alpes,Cantal,15500,45.106,3.327,"Chazelles (15500), Auvergne-Rhône-Alpes"
4977,Cheylade,Auvergne-Rhône-Alpes,Cantal,15400,45.199,2.72,"Cheylade (15400), Auvergne-Rhône-Alpes"
4978,Le Claux,Auvergne-Rhône-Alpes,Cantal,15400,45.15,2.7,"Le Claux (15400), Auvergne-Rhône-Alpes"
4979,Clavières,Auvergne-Rhône-Alpes,Cantal,15320,44.993,3.31,"Clavières (15320), Auvergne-Rhône-Alpes"
4980,Collandres,Auvergne-Rhône-Alpes,Cantal,15400,45.216,2.641,"Collandres (15400), Auvergne-Rhône-Alpes"
4981,Coltines,Auvergne-Rhône-Alpes,Cantal,15170,45.093,2.997,"Coltines (15170), Auvergne-Rhône-Alpes"
4982,Condat,Auvergne-Rhône-Alpes,Cantal,15190,45.349,2.792,"Condat (15190), Auvergne-Rhône-Alpes"
4983,Coren,Auvergne-Rhône-Alpes,Cantal,15100,45.088,3.108,"Coren (15100), Auvergne-Rhône-Alpes"
4984,Crandelles,Auvergne-Rhône-Alpes,Cantal,15250,44.957,2.36,"Crandelles (15250), Auvergne-Rhône-Alpes"
4985,Cros-de-Montvert,Auvergne-Rhône-Alpes,Cantal,15150,45.059,2.159,"Cros-de-Montvert (15150), Auvergne-Rhône-Alpes"
4986,Cros-de-Ronesque,Auvergne-Rhône-Alpes,Cantal,15130,44.862,2.607,"Cros-de-Ronesque (15130), Auvergne-Rhône-Alpes"
4987,Cussac,Auvergne-Rhône-Alpes,Cantal,15430,44.981,2.936,"Cussac (15430), Auvergne-Rhône-Alpes"
4988,Deux-Verges,Auvergne-Rhône-Alpes,Cantal,15110,44.8,3.018,"Deux-Verges (15110), Auvergne-Rhône-Alpes"
4989,Dienne,Auvergne-Rhône-Alpes,Cantal,15300,45.165,2.807,"Dienne (15300), Auvergne-Rhône-Alpes"
4990,Drugeac,Auvergne-Rhône-Alpes,Cantal,15140,45.162,2.389,"Drugeac (15140), Auvergne-Rhône-Alpes"
4991,Escorailles,Auvergne-Rhône-Alpes,Cantal,15700,45.169,2.332,"Escorailles (15700), Auvergne-Rhône-Alpes"
4992,Espinasse,Auvergne-Rhône-Alpes,Cantal,15110,44.87,2.93,"Espinasse (15110), Auvergne-Rhône-Alpes"
4993,Le Falgoux,Auvergne-Rhône-Alpes,Cantal,15380,45.145,2.639,"Le Falgoux (15380), Auvergne-Rhône-Alpes"
4994,Le Fau,Auvergne-Rhône-Alpes,Cantal,15140,45.109,2.6,"Le Fau (15140), Auvergne-Rhône-Alpes"
4995,Ferrières-Saint-Mary,Auvergne-Rhône-Alpes,Cantal,15170,45.172,3.082,"Ferrières-Saint-Mary (15170), Auvergne-Rhône-Alpes"
4996,Fontanges,Auvergne-Rhône-Alpes,Cantal,15140,45.109,2.517,"Fontanges (15140), Auvergne-Rhône-Alpes"
4997,Freix-Anglards,Auvergne-Rhône-Alpes,Cantal,15310,45.018,2.377,"Freix-Anglards (15310), Auvergne-Rhône-Alpes"
4998,Fridefont,Auvergne-Rhône-Alpes,Cantal,15110,44.906,3.095,"Fridefont (15110), Auvergne-Rhône-Alpes"
4999,Giou-de-Mamou,Auvergne-Rhône-Alpes,Cantal,15130,44.935,2.508,"Giou-de-Mamou (15130), Auvergne-Rhône-Alpes"
5000,Girgols,Auvergne-Rhône-Alpes,Cantal,15310,45.049,2.522,"Girgols (15310), Auvergne-Rhône-Alpes"
5001,Glénat,Auvergne-Rhône-Alpes,Cantal,15150,44.904,2.172,"Glénat (15150), Auvergne-Rhône-Alpes"
5002,Gourdièges,Auvergne-Rhône-Alpes,Cantal,15230,44.946,2.882,"Gourdièges (15230), Auvergne-Rhône-Alpes"
5003,Jabrun,Auvergne-Rhône-Alpes,Cantal,15110,44.794,2.963,"Jabrun (15110), Auvergne-Rhône-Alpes"
5004,Jaleyrac,Auvergne-Rhône-Alpes,Cantal,15200,45.27,2.368,"Jaleyrac (15200), Auvergne-Rhône-Alpes"
5005,Joursac,Auvergne-Rhône-Alpes,Cantal,15170,45.165,3.014,"Joursac (15170), Auvergne-Rhône-Alpes"
5006,Jou-sous-Monjou,Auvergne-Rhône-Alpes,Cantal,15800,44.94,2.662,"Jou-sous-Monjou (15800), Auvergne-Rhône-Alpes"
5007,Junhac,Auvergne-Rhône-Alpes,Cantal,15120,44.696,2.452,"Junhac (15120), Auvergne-Rhône-Alpes"
5008,Jussac,Auvergne-Rhône-Alpes,Cantal,15250,44.995,2.418,"Jussac (15250), Auvergne-Rhône-Alpes"
5009,Labesserette,Auvergne-Rhône-Alpes,Cantal,15120,44.741,2.48,"Labesserette (15120), Auvergne-Rhône-Alpes"
5010,Labrousse,Auvergne-Rhône-Alpes,Cantal,15130,44.852,2.549,"Labrousse (15130), Auvergne-Rhône-Alpes"
5011,Lacapelle-Barrès,Auvergne-Rhône-Alpes,Cantal,15230,44.95,2.724,"Lacapelle-Barrès (15230), Auvergne-Rhône-Alpes"
5012,Lacapelle-del-Fraisse,Auvergne-Rhône-Alpes,Cantal,15120,44.773,2.43,"Lacapelle-del-Fraisse (15120), Auvergne-Rhône-Alpes"
5013,Lacapelle-Viescamp,Auvergne-Rhône-Alpes,Cantal,15150,44.926,2.274,"Lacapelle-Viescamp (15150), Auvergne-Rhône-Alpes"
5014,Ladinhac,Auvergne-Rhône-Alpes,Cantal,15120,44.767,2.51,"Ladinhac (15120), Auvergne-Rhône-Alpes"
5015,Lafeuillade-en-Vézie,Auvergne-Rhône-Alpes,Cantal,15130,44.793,2.448,"Lafeuillade-en-Vézie (15130), Auvergne-Rhône-Alpes"
5016,Landeyrat,Auvergne-Rhône-Alpes,Cantal,15160,45.273,2.872,"Landeyrat (15160), Auvergne-Rhône-Alpes"
5017,Lanobre,Auvergne-Rhône-Alpes,Cantal,15270,45.434,2.55,"Lanobre (15270), Auvergne-Rhône-Alpes"
5018,Lapeyrugue,Auvergne-Rhône-Alpes,Cantal,15120,44.73,2.534,"Lapeyrugue (15120), Auvergne-Rhône-Alpes"
5019,Laroquebrou,Auvergne-Rhône-Alpes,Cantal,15150,44.975,2.193,"Laroquebrou (15150), Auvergne-Rhône-Alpes"
5020,Laroquevieille,Auvergne-Rhône-Alpes,Cantal,15250,45.024,2.528,"Laroquevieille (15250), Auvergne-Rhône-Alpes"
5021,Lascelle,Auvergne-Rhône-Alpes,Cantal,15590,45.034,2.575,"Lascelle (15590), Auvergne-Rhône-Alpes"
5022,Lastic,Auvergne-Rhône-Alpes,Cantal,15500,45.112,3.219,"Lastic (15500), Auvergne-Rhône-Alpes"
5023,Laurie,Auvergne-Rhône-Alpes,Cantal,15500,45.285,3.082,"Laurie (15500), Auvergne-Rhône-Alpes"
5024,Laveissenet,Auvergne-Rhône-Alpes,Cantal,15300,45.077,2.878,"Laveissenet (15300), Auvergne-Rhône-Alpes"
5025,Laveissière,Auvergne-Rhône-Alpes,Cantal,15300,45.104,2.783,"Laveissière (15300), Auvergne-Rhône-Alpes"
5026,Lavigerie,Auvergne-Rhône-Alpes,Cantal,15300,45.126,2.732,"Lavigerie (15300), Auvergne-Rhône-Alpes"
5027,Leucamp,Auvergne-Rhône-Alpes,Cantal,15120,44.785,2.54,"Leucamp (15120), Auvergne-Rhône-Alpes"
5028,Leynhac,Auvergne-Rhône-Alpes,Cantal,15600,44.741,2.281,"Leynhac (15600), Auvergne-Rhône-Alpes"
5029,Leyvaux,Auvergne-Rhône-Alpes,Cantal,43450,45.325,3.089,"Leyvaux (43450), Auvergne-Rhône-Alpes"
5030,Lieutadès,Auvergne-Rhône-Alpes,Cantal,15110,44.831,2.898,"Lieutadès (15110), Auvergne-Rhône-Alpes"
5031,Lorcières,Auvergne-Rhône-Alpes,Cantal,15320,44.953,3.291,"Lorcières (15320), Auvergne-Rhône-Alpes"
5032,Val d'Arcomie,Auvergne-Rhône-Alpes,Cantal,15320,44.938,3.206,"Val d'Arcomie (15320), Auvergne-Rhône-Alpes"
5033,Lugarde,Auvergne-Rhône-Alpes,Cantal,15190,45.288,2.758,"Lugarde (15190), Auvergne-Rhône-Alpes"
5034,Madic,Auvergne-Rhône-Alpes,Cantal,15210,45.372,2.459,"Madic (15210), Auvergne-Rhône-Alpes"
5035,Malbo,Auvergne-Rhône-Alpes,Cantal,15230,44.981,2.753,"Malbo (15230), Auvergne-Rhône-Alpes"
5036,Mandailles-Saint-Julien,Auvergne-Rhône-Alpes,Cantal,15590,45.078,2.664,"Mandailles-Saint-Julien (15590), Auvergne-Rhône-Alpes"
5037,Marcenat,Auvergne-Rhône-Alpes,Cantal,15190,45.316,2.856,"Marcenat (15190), Auvergne-Rhône-Alpes"
5038,Marchastel,Auvergne-Rhône-Alpes,Cantal,15400,45.274,2.729,"Marchastel (15400), Auvergne-Rhône-Alpes"
5039,Marcolès,Auvergne-Rhône-Alpes,Cantal,15220,44.782,2.357,"Marcolès (15220), Auvergne-Rhône-Alpes"
5040,Marmanhac,Auvergne-Rhône-Alpes,Cantal,15250,45.008,2.478,"Marmanhac (15250), Auvergne-Rhône-Alpes"
5041,Massiac,Auvergne-Rhône-Alpes,Cantal,15500,45.245,3.2,"Massiac (15500), Auvergne-Rhône-Alpes"
5042,Mauriac,Auvergne-Rhône-Alpes,Cantal,15200,45.218,2.317,"Mauriac (15200), Auvergne-Rhône-Alpes"
5043,Maurines,Auvergne-Rhône-Alpes,Cantal,15110,44.87,3.082,"Maurines (15110), Auvergne-Rhône-Alpes"
5044,Maurs,Auvergne-Rhône-Alpes,Cantal,15600,44.712,2.173,"Maurs (15600), Auvergne-Rhône-Alpes"
5045,Méallet,Auvergne-Rhône-Alpes,Cantal,15200,45.263,2.415,"Méallet (15200), Auvergne-Rhône-Alpes"
5046,Menet,Auvergne-Rhône-Alpes,Cantal,15400,45.298,2.579,"Menet (15400), Auvergne-Rhône-Alpes"
5047,Mentières,Auvergne-Rhône-Alpes,Cantal,15100,45.079,3.142,"Mentières (15100), Auvergne-Rhône-Alpes"
5048,Molèdes,Auvergne-Rhône-Alpes,Cantal,15500,45.267,3.043,"Molèdes (15500), Auvergne-Rhône-Alpes"
5049,Molompize,Auvergne-Rhône-Alpes,Cantal,15500,45.233,3.126,"Molompize (15500), Auvergne-Rhône-Alpes"
5050,La Monselie,Auvergne-Rhône-Alpes,Cantal,15240,45.321,2.551,"La Monselie (15240), Auvergne-Rhône-Alpes"
5051,Montboudif,Auvergne-Rhône-Alpes,Cantal,15190,45.37,2.732,"Montboudif (15190), Auvergne-Rhône-Alpes"
5052,Montchamp,Auvergne-Rhône-Alpes,Cantal,15100,45.069,3.215,"Montchamp (15100), Auvergne-Rhône-Alpes"
5053,Le Monteil,Auvergne-Rhône-Alpes,Cantal,15240,45.299,2.508,"Le Monteil (15240), Auvergne-Rhône-Alpes"
5054,Montgreleix,Auvergne-Rhône-Alpes,Cantal,15190,45.356,2.889,"Montgreleix (15190), Auvergne-Rhône-Alpes"
5055,Montmurat,Auvergne-Rhône-Alpes,Cantal,15600,44.631,2.201,"Montmurat (15600), Auvergne-Rhône-Alpes"
5056,Montsalvy,Auvergne-Rhône-Alpes,Cantal,15120,44.696,2.494,"Montsalvy (15120), Auvergne-Rhône-Alpes"
5057,Montvert,Auvergne-Rhône-Alpes,Cantal,15150,44.996,2.163,"Montvert (15150), Auvergne-Rhône-Alpes"
5058,Moussages,Auvergne-Rhône-Alpes,Cantal,15380,45.234,2.473,"Moussages (15380), Auvergne-Rhône-Alpes"
5059,Murat,Auvergne-Rhône-Alpes,Cantal,15300,45.111,2.861,"Murat (15300), Auvergne-Rhône-Alpes"
5060,Narnhac,Auvergne-Rhône-Alpes,Cantal,15230,44.935,2.766,"Narnhac (15230), Auvergne-Rhône-Alpes"
5061,Naucelles,Auvergne-Rhône-Alpes,Cantal,15250,44.952,2.421,"Naucelles (15250), Auvergne-Rhône-Alpes"
5062,Neussargues en Pinatelle,Auvergne-Rhône-Alpes,Cantal,15170,45.132,2.985,"Neussargues en Pinatelle (15170), Auvergne-Rhône-Alpes"
5063,Neuvéglise-sur-Truyère,Auvergne-Rhône-Alpes,Cantal,15260,44.931,2.979,"Neuvéglise-sur-Truyère (15260), Auvergne-Rhône-Alpes"
5064,Nieudan,Auvergne-Rhône-Alpes,Cantal,15150,44.983,2.246,"Nieudan (15150), Auvergne-Rhône-Alpes"
5065,Omps,Auvergne-Rhône-Alpes,Cantal,15290,44.88,2.268,"Omps (15290), Auvergne-Rhône-Alpes"
5066,Pailherols,Auvergne-Rhône-Alpes,Cantal,15800,44.957,2.704,"Pailherols (15800), Auvergne-Rhône-Alpes"
5067,Parlan,Auvergne-Rhône-Alpes,Cantal,15290,44.828,2.173,"Parlan (15290), Auvergne-Rhône-Alpes"
5068,Paulhac,Auvergne-Rhône-Alpes,Cantal,15430,45.02,2.887,"Paulhac (15430), Auvergne-Rhône-Alpes"
5069,Paulhenc,Auvergne-Rhône-Alpes,Cantal,15230,44.885,2.816,"Paulhenc (15230), Auvergne-Rhône-Alpes"
5070,Peyrusse,Auvergne-Rhône-Alpes,Cantal,15170,45.211,3.03,"Peyrusse (15170), Auvergne-Rhône-Alpes"
5071,Pierrefort,Auvergne-Rhône-Alpes,Cantal,15230,44.929,2.838,"Pierrefort (15230), Auvergne-Rhône-Alpes"
5072,Pleaux,Auvergne-Rhône-Alpes,Cantal,15700,45.13,2.249,"Pleaux (15700), Auvergne-Rhône-Alpes"
5073,Polminhac,Auvergne-Rhône-Alpes,Cantal,15800,44.952,2.576,"Polminhac (15800), Auvergne-Rhône-Alpes"
5074,Pradiers,Auvergne-Rhône-Alpes,Cantal,15160,45.284,2.921,"Pradiers (15160), Auvergne-Rhône-Alpes"
5075,Prunet,Auvergne-Rhône-Alpes,Cantal,15130,44.823,2.475,"Prunet (15130), Auvergne-Rhône-Alpes"
5076,Quézac,Auvergne-Rhône-Alpes,Cantal,15600,44.758,2.184,"Quézac (15600), Auvergne-Rhône-Alpes"
5077,Rageade,Auvergne-Rhône-Alpes,Cantal,15500,45.115,3.268,"Rageade (15500), Auvergne-Rhône-Alpes"
5078,Raulhac,Auvergne-Rhône-Alpes,Cantal,15800,44.902,2.657,"Raulhac (15800), Auvergne-Rhône-Alpes"
5079,Reilhac,Auvergne-Rhône-Alpes,Cantal,15250,44.97,2.423,"Reilhac (15250), Auvergne-Rhône-Alpes"
5080,Rézentières,Auvergne-Rhône-Alpes,Cantal,15170,45.134,3.106,"Rézentières (15170), Auvergne-Rhône-Alpes"
5081,Riom-ès-Montagnes,Auvergne-Rhône-Alpes,Cantal,15400,45.29,2.657,"Riom-ès-Montagnes (15400), Auvergne-Rhône-Alpes"
5082,Roannes-Saint-Mary,Auvergne-Rhône-Alpes,Cantal,15220,44.845,2.399,"Roannes-Saint-Mary (15220), Auvergne-Rhône-Alpes"
5083,Roffiac,Auvergne-Rhône-Alpes,Cantal,15100,45.048,3.016,"Roffiac (15100), Auvergne-Rhône-Alpes"
5084,Rouffiac,Auvergne-Rhône-Alpes,Cantal,15150,45.029,2.144,"Rouffiac (15150), Auvergne-Rhône-Alpes"
5085,Roumégoux,Auvergne-Rhône-Alpes,Cantal,15290,44.86,2.188,"Roumégoux (15290), Auvergne-Rhône-Alpes"
5086,Rouziers,Auvergne-Rhône-Alpes,Cantal,15600,44.796,2.21,"Rouziers (15600), Auvergne-Rhône-Alpes"
5087,Ruynes-en-Margeride,Auvergne-Rhône-Alpes,Cantal,15320,45.005,3.224,"Ruynes-en-Margeride (15320), Auvergne-Rhône-Alpes"
5088,Saignes,Auvergne-Rhône-Alpes,Cantal,15240,45.331,2.482,"Saignes (15240), Auvergne-Rhône-Alpes"
5089,Saint-Amandin,Auvergne-Rhône-Alpes,Cantal,15190,45.328,2.708,"Saint-Amandin (15190), Auvergne-Rhône-Alpes"
5090,Saint-Antoine,Auvergne-Rhône-Alpes,Cantal,15220,44.749,2.336,"Saint-Antoine (15220), Auvergne-Rhône-Alpes"
5091,Saint-Bonnet-de-Condat,Auvergne-Rhône-Alpes,Cantal,15190,45.281,2.804,"Saint-Bonnet-de-Condat (15190), Auvergne-Rhône-Alpes"
5092,Saint-Bonnet-de-Salers,Auvergne-Rhône-Alpes,Cantal,15140,45.16,2.48,"Saint-Bonnet-de-Salers (15140), Auvergne-Rhône-Alpes"
5093,Saint-Cernin,Auvergne-Rhône-Alpes,Cantal,15310,45.053,2.426,"Saint-Cernin (15310), Auvergne-Rhône-Alpes"
5094,Saint-Chamant,Auvergne-Rhône-Alpes,Cantal,15140,45.092,2.446,"Saint-Chamant (15140), Auvergne-Rhône-Alpes"
5095,Saint-Cirgues-de-Jordanne,Auvergne-Rhône-Alpes,Cantal,15590,45.041,2.605,"Saint-Cirgues-de-Jordanne (15590), Auvergne-Rhône-Alpes"
5096,Saint-Cirgues-de-Malbert,Auvergne-Rhône-Alpes,Cantal,15140,45.086,2.38,"Saint-Cirgues-de-Malbert (15140), Auvergne-Rhône-Alpes"
5097,Saint-Clément,Auvergne-Rhône-Alpes,Cantal,15800,44.975,2.676,"Saint-Clément (15800), Auvergne-Rhône-Alpes"
5098,Saint-Constant-Fournoulès,Auvergne-Rhône-Alpes,Cantal,15600,44.688,2.246,"Saint-Constant-Fournoulès (15600), Auvergne-Rhône-Alpes"
5099,Saint-Étienne-Cantalès,Auvergne-Rhône-Alpes,Cantal,15150,44.95,2.244,"Saint-Étienne-Cantalès (15150), Auvergne-Rhône-Alpes"
5100,Saint-Étienne-de-Carlat,Auvergne-Rhône-Alpes,Cantal,15130,44.913,2.585,"Saint-Étienne-de-Carlat (15130), Auvergne-Rhône-Alpes"
5101,Saint-Étienne-de-Maurs,Auvergne-Rhône-Alpes,Cantal,15600,44.722,2.229,"Saint-Étienne-de-Maurs (15600), Auvergne-Rhône-Alpes"
5102,Saint-Étienne-de-Chomeil,Auvergne-Rhône-Alpes,Cantal,15400,45.344,2.619,"Saint-Étienne-de-Chomeil (15400), Auvergne-Rhône-Alpes"
5103,Sainte-Eulalie,Auvergne-Rhône-Alpes,Cantal,15140,45.125,2.381,"Sainte-Eulalie (15140), Auvergne-Rhône-Alpes"
5104,Saint-Flour,Auvergne-Rhône-Alpes,Cantal,15100,45.028,3.083,"Saint-Flour (15100), Auvergne-Rhône-Alpes"
5105,Saint-Georges,Auvergne-Rhône-Alpes,Cantal,15100,45.02,3.138,"Saint-Georges (15100), Auvergne-Rhône-Alpes"
5106,Saint-Gérons,Auvergne-Rhône-Alpes,Cantal,15150,44.942,2.205,"Saint-Gérons (15150), Auvergne-Rhône-Alpes"
5107,Saint-Hippolyte,Auvergne-Rhône-Alpes,Cantal,15400,45.219,2.703,"Saint-Hippolyte (15400), Auvergne-Rhône-Alpes"
5108,Saint-Illide,Auvergne-Rhône-Alpes,Cantal,15310,45.051,2.321,"Saint-Illide (15310), Auvergne-Rhône-Alpes"
5109,Saint-Jacques-des-Blats,Auvergne-Rhône-Alpes,Cantal,15800,45.056,2.721,"Saint-Jacques-des-Blats (15800), Auvergne-Rhône-Alpes"
5110,Saint-Julien-de-Toursac,Auvergne-Rhône-Alpes,Cantal,15600,44.775,2.202,"Saint-Julien-de-Toursac (15600), Auvergne-Rhône-Alpes"
5111,Saint-Mamet-la-Salvetat,Auvergne-Rhône-Alpes,Cantal,15220,44.856,2.305,"Saint-Mamet-la-Salvetat (15220), Auvergne-Rhône-Alpes"
5112,Sainte-Marie,Auvergne-Rhône-Alpes,Cantal,15230,44.892,2.883,"Sainte-Marie (15230), Auvergne-Rhône-Alpes"
5113,Saint-Martial,Auvergne-Rhône-Alpes,Cantal,15110,44.887,3.044,"Saint-Martial (15110), Auvergne-Rhône-Alpes"
5114,Saint-Martin-Cantalès,Auvergne-Rhône-Alpes,Cantal,15140,45.089,2.305,"Saint-Martin-Cantalès (15140), Auvergne-Rhône-Alpes"
5115,Saint-Martin-sous-Vigouroux,Auvergne-Rhône-Alpes,Cantal,15230,44.935,2.794,"Saint-Martin-sous-Vigouroux (15230), Auvergne-Rhône-Alpes"
5116,Saint-Martin-Valmeroux,Auvergne-Rhône-Alpes,Cantal,15140,45.12,2.443,"Saint-Martin-Valmeroux (15140), Auvergne-Rhône-Alpes"
5117,Saint-Mary-le-Plain,Auvergne-Rhône-Alpes,Cantal,15500,45.176,3.144,"Saint-Mary-le-Plain (15500), Auvergne-Rhône-Alpes"
5118,Saint-Paul-des-Landes,Auvergne-Rhône-Alpes,Cantal,15250,44.951,2.3,"Saint-Paul-des-Landes (15250), Auvergne-Rhône-Alpes"
5119,Saint-Paul-de-Salers,Auvergne-Rhône-Alpes,Cantal,15140,45.137,2.558,"Saint-Paul-de-Salers (15140), Auvergne-Rhône-Alpes"
5120,Saint-Pierre,Auvergne-Rhône-Alpes,Cantal,15350,45.395,2.382,"Saint-Pierre (15350), Auvergne-Rhône-Alpes"
5121,Saint-Poncy,Auvergne-Rhône-Alpes,Cantal,15500,45.16,3.195,"Saint-Poncy (15500), Auvergne-Rhône-Alpes"
5122,Saint-Projet-de-Salers,Auvergne-Rhône-Alpes,Cantal,15140,45.082,2.559,"Saint-Projet-de-Salers (15140), Auvergne-Rhône-Alpes"
5123,Saint-Rémy-de-Chaudes-Aigues,Auvergne-Rhône-Alpes,Cantal,15110,44.767,3.027,"Saint-Rémy-de-Chaudes-Aigues (15110), Auvergne-Rhône-Alpes"
5124,Saint-Santin-Cantalès,Auvergne-Rhône-Alpes,Cantal,15150,45.021,2.235,"Saint-Santin-Cantalès (15150), Auvergne-Rhône-Alpes"
5125,Saint-Santin-de-Maurs,Auvergne-Rhône-Alpes,Cantal,15600,44.656,2.211,"Saint-Santin-de-Maurs (15600), Auvergne-Rhône-Alpes"
5126,Saint-Saturnin,Auvergne-Rhône-Alpes,Cantal,15190,45.234,2.794,"Saint-Saturnin (15190), Auvergne-Rhône-Alpes"
5127,Saint-Saury,Auvergne-Rhône-Alpes,Cantal,15290,44.879,2.124,"Saint-Saury (15290), Auvergne-Rhône-Alpes"
5128,Saint-Simon,Auvergne-Rhône-Alpes,Cantal,15130,44.97,2.497,"Saint-Simon (15130), Auvergne-Rhône-Alpes"
5129,Saint-Urcize,Auvergne-Rhône-Alpes,Cantal,15110,44.706,2.979,"Saint-Urcize (15110), Auvergne-Rhône-Alpes"
5130,Saint-Victor,Auvergne-Rhône-Alpes,Cantal,15150,45.01,2.288,"Saint-Victor (15150), Auvergne-Rhône-Alpes"
5131,Saint-Vincent-de-Salers,Auvergne-Rhône-Alpes,Cantal,15380,45.208,2.539,"Saint-Vincent-de-Salers (15380), Auvergne-Rhône-Alpes"
5132,Salers,Auvergne-Rhône-Alpes,Cantal,15140,45.145,2.496,"Salers (15140), Auvergne-Rhône-Alpes"
5133,Salins,Auvergne-Rhône-Alpes,Cantal,15200,45.188,2.401,"Salins (15200), Auvergne-Rhône-Alpes"
5134,Sansac-de-Marmiesse,Auvergne-Rhône-Alpes,Cantal,15130,44.89,2.343,"Sansac-de-Marmiesse (15130), Auvergne-Rhône-Alpes"
5135,Sansac-Veinazès,Auvergne-Rhône-Alpes,Cantal,15120,44.745,2.427,"Sansac-Veinazès (15120), Auvergne-Rhône-Alpes"
5136,Sauvat,Auvergne-Rhône-Alpes,Cantal,15240,45.308,2.442,"Sauvat (15240), Auvergne-Rhône-Alpes"
5137,La Ségalassière,Auvergne-Rhône-Alpes,Cantal,15290,44.893,2.209,"La Ségalassière (15290), Auvergne-Rhône-Alpes"
5138,Ségur-les-Villas,Auvergne-Rhône-Alpes,Cantal,15300,45.208,2.823,"Ségur-les-Villas (15300), Auvergne-Rhône-Alpes"
5139,Sénezergues,Auvergne-Rhône-Alpes,Cantal,15340,44.719,2.407,"Sénezergues (15340), Auvergne-Rhône-Alpes"
5140,Siran,Auvergne-Rhône-Alpes,Cantal,15150,44.951,2.12,"Siran (15150), Auvergne-Rhône-Alpes"
5141,Soulages,Auvergne-Rhône-Alpes,Cantal,15100,45.09,3.262,"Soulages (15100), Auvergne-Rhône-Alpes"
5142,Sourniac,Auvergne-Rhône-Alpes,Cantal,15200,45.275,2.335,"Sourniac (15200), Auvergne-Rhône-Alpes"
5143,Talizat,Auvergne-Rhône-Alpes,Cantal,15170,45.124,3.053,"Talizat (15170), Auvergne-Rhône-Alpes"
5144,Tanavelle,Auvergne-Rhône-Alpes,Cantal,15100,45.026,2.984,"Tanavelle (15100), Auvergne-Rhône-Alpes"
5145,Teissières-de-Cornet,Auvergne-Rhône-Alpes,Cantal,15250,44.976,2.362,"Teissières-de-Cornet (15250), Auvergne-Rhône-Alpes"
5146,Teissières-lès-Bouliès,Auvergne-Rhône-Alpes,Cantal,15130,44.821,2.538,"Teissières-lès-Bouliès (15130), Auvergne-Rhône-Alpes"
5147,Les Ternes,Auvergne-Rhône-Alpes,Cantal,15100,44.996,2.994,"Les Ternes (15100), Auvergne-Rhône-Alpes"
5148,Thiézac,Auvergne-Rhône-Alpes,Cantal,15800,45.018,2.662,"Thiézac (15800), Auvergne-Rhône-Alpes"
5149,Tiviers,Auvergne-Rhône-Alpes,Cantal,15100,45.074,3.176,"Tiviers (15100), Auvergne-Rhône-Alpes"
5150,Tournemire,Auvergne-Rhône-Alpes,Cantal,15310,45.055,2.49,"Tournemire (15310), Auvergne-Rhône-Alpes"
5151,Trémouille,Auvergne-Rhône-Alpes,Cantal,15270,45.385,2.67,"Trémouille (15270), Auvergne-Rhône-Alpes"
5152,La Trinitat,Auvergne-Rhône-Alpes,Cantal,15110,44.752,2.946,"La Trinitat (15110), Auvergne-Rhône-Alpes"
5153,Le Trioulou,Auvergne-Rhône-Alpes,Cantal,15600,44.671,2.191,"Le Trioulou (15600), Auvergne-Rhône-Alpes"
5154,Trizac,Auvergne-Rhône-Alpes,Cantal,15400,45.244,2.544,"Trizac (15400), Auvergne-Rhône-Alpes"
5155,Ussel,Auvergne-Rhône-Alpes,Cantal,15300,45.074,2.952,"Ussel (15300), Auvergne-Rhône-Alpes"
5156,Vabres,Auvergne-Rhône-Alpes,Cantal,15100,45.038,3.196,"Vabres (15100), Auvergne-Rhône-Alpes"
5157,Valette,Auvergne-Rhône-Alpes,Cantal,15400,45.264,2.601,"Valette (15400), Auvergne-Rhône-Alpes"
5158,Valjouze,Auvergne-Rhône-Alpes,Cantal,15170,45.164,3.061,"Valjouze (15170), Auvergne-Rhône-Alpes"
5159,Valuéjols,Auvergne-Rhône-Alpes,Cantal,15300,45.053,2.907,"Valuéjols (15300), Auvergne-Rhône-Alpes"
5160,Le Vaulmier,Auvergne-Rhône-Alpes,Cantal,15380,45.184,2.586,"Le Vaulmier (15380), Auvergne-Rhône-Alpes"
5161,Vebret,Auvergne-Rhône-Alpes,Cantal,15240,45.356,2.515,"Vebret (15240), Auvergne-Rhône-Alpes"
5162,Védrines-Saint-Loup,Auvergne-Rhône-Alpes,Cantal,15100,45.053,3.272,"Védrines-Saint-Loup (15100), Auvergne-Rhône-Alpes"
5163,Velzic,Auvergne-Rhône-Alpes,Cantal,15590,44.996,2.556,"Velzic (15590), Auvergne-Rhône-Alpes"
5164,Vernols,Auvergne-Rhône-Alpes,Cantal,15160,45.219,2.883,"Vernols (15160), Auvergne-Rhône-Alpes"
5165,Veyrières,Auvergne-Rhône-Alpes,Cantal,15350,45.32,2.368,"Veyrières (15350), Auvergne-Rhône-Alpes"
5166,Vézac,Auvergne-Rhône-Alpes,Cantal,15130,44.895,2.522,"Vézac (15130), Auvergne-Rhône-Alpes"
5167,Vèze,Auvergne-Rhône-Alpes,Cantal,15160,45.278,2.978,"Vèze (15160), Auvergne-Rhône-Alpes"
5168,Vezels-Roussy,Auvergne-Rhône-Alpes,Cantal,15130,44.806,2.582,"Vezels-Roussy (15130), Auvergne-Rhône-Alpes"
5169,Vic-sur-Cère,Auvergne-Rhône-Alpes,Cantal,15800,44.972,2.62,"Vic-sur-Cère (15800), Auvergne-Rhône-Alpes"
5170,Vieillespesse,Auvergne-Rhône-Alpes,Cantal,15500,45.117,3.159,"Vieillespesse (15500), Auvergne-Rhône-Alpes"
5171,Vieillevie,Auvergne-Rhône-Alpes,Cantal,15120,44.652,2.435,"Vieillevie (15120), Auvergne-Rhône-Alpes"
5172,Le Vigean,Auvergne-Rhône-Alpes,Cantal,15200,45.223,2.367,"Le Vigean (15200), Auvergne-Rhône-Alpes"
5173,Villedieu,Auvergne-Rhône-Alpes,Cantal,15100,44.997,3.055,"Villedieu (15100), Auvergne-Rhône-Alpes"
5174,Virargues,Auvergne-Rhône-Alpes,Cantal,15300,45.129,2.898,"Virargues (15300), Auvergne-Rhône-Alpes"
5175,Vitrac,Auvergne-Rhône-Alpes,Cantal,15220,44.81,2.314,"Vitrac (15220), Auvergne-Rhône-Alpes"
5176,Ydes,Auvergne-Rhône-Alpes,Cantal,15210,45.343,2.45,"Ydes (15210), Auvergne-Rhône-Alpes"
5177,Yolet,Auvergne-Rhône-Alpes,Cantal,15130,44.931,2.538,"Yolet (15130), Auvergne-Rhône-Alpes"
5178,Ytrac,Auvergne-Rhône-Alpes,Cantal,15130,44.916,2.366,"Ytrac (15130), Auvergne-Rhône-Alpes"
5179,Le Rouget-Pers,Auvergne-Rhône-Alpes,Cantal,15290,44.857,2.234,"Le Rouget-Pers (15290), Auvergne-Rhône-Alpes"
5180,Besse,Auvergne-Rhône-Alpes,Cantal,15140,45.101,2.355,"Besse (15140), Auvergne-Rhône-Alpes"
7269,Allineuc,Bretagne,Côtes-d'Armor,22460,48.311,-2.867,"Allineuc (22460), Bretagne"
7270,Andel,Bretagne,Côtes-d'Armor,22400,48.494,-2.551,"Andel (22400), Bretagne"
7271,Aucaleuc,Bretagne,Côtes-d'Armor,22100,48.451,-2.127,"Aucaleuc (22100), Bretagne"
7272,Bégard,Bretagne,Côtes-d'Armor,22140,48.635,-3.292,"Bégard (22140), Bretagne"
7273,Belle-Isle-en-Terre,Bretagne,Côtes-d'Armor,22810,48.531,-3.382,"Belle-Isle-en-Terre (22810), Bretagne"
7274,Berhet,Bretagne,Côtes-d'Armor,22140,48.698,-3.309,"Berhet (22140), Bretagne"
7275,Bobital,Bretagne,Côtes-d'Armor,22100,48.414,-2.097,"Bobital (22100), Bretagne"
7276,Le Bodéo,Bretagne,Côtes-d'Armor,22320,48.326,-2.922,"Le Bodéo (22320), Bretagne"
7277,Boqueho,Bretagne,Côtes-d'Armor,22170,48.468,-2.985,"Boqueho (22170), Bretagne"
7278,La Bouillie,Bretagne,Côtes-d'Armor,22240,48.584,-2.442,"La Bouillie (22240), Bretagne"
7279,Bourbriac,Bretagne,Côtes-d'Armor,22390,48.466,-3.2,"Bourbriac (22390), Bretagne"
7280,Bourseul,Bretagne,Côtes-d'Armor,22130,48.467,-2.265,"Bourseul (22130), Bretagne"
7281,Bréhand,Bretagne,Côtes-d'Armor,22510,48.394,-2.589,"Bréhand (22510), Bretagne"
7282,Île-de-Bréhat,Bretagne,Côtes-d'Armor,22870,48.851,-3.001,"Île-de-Bréhat (22870), Bretagne"
7283,Brélidy,Bretagne,Côtes-d'Armor,22140,48.649,-3.228,"Brélidy (22140), Bretagne"
7284,Bringolo,Bretagne,Côtes-d'Armor,22170,48.577,-3.006,"Bringolo (22170), Bretagne"
7285,Broons,Bretagne,Côtes-d'Armor,22250,48.311,-2.241,"Broons (22250), Bretagne"
7286,Brusvily,Bretagne,Côtes-d'Armor,22100,48.394,-2.117,"Brusvily (22100), Bretagne"
7287,Bulat-Pestivien,Bretagne,Côtes-d'Armor,22160,48.435,-3.333,"Bulat-Pestivien (22160), Bretagne"
7288,Calanhel,Bretagne,Côtes-d'Armor,22160,48.441,-3.476,"Calanhel (22160), Bretagne"
7289,Callac,Bretagne,Côtes-d'Armor,22160,48.422,-3.416,"Callac (22160), Bretagne"
7290,Calorguen,Bretagne,Côtes-d'Armor,22100,48.405,-2.026,"Calorguen (22100), Bretagne"
7291,Le Cambout,Bretagne,Côtes-d'Armor,22210,48.059,-2.621,"Le Cambout (22210), Bretagne"
7292,Camlez,Bretagne,Côtes-d'Armor,22450,48.783,-3.316,"Camlez (22450), Bretagne"
7293,Canihuel,Bretagne,Côtes-d'Armor,22480,48.337,-3.096,"Canihuel (22480), Bretagne"
7294,Caouënnec-Lanvézéac,Bretagne,Côtes-d'Armor,22300,48.706,-3.368,"Caouënnec-Lanvézéac (22300), Bretagne"
7295,Carnoët,Bretagne,Côtes-d'Armor,22160,48.36,-3.532,"Carnoët (22160), Bretagne"
7296,Caulnes,Bretagne,Côtes-d'Armor,22350,48.302,-2.161,"Caulnes (22350), Bretagne"
7297,Caurel,Bretagne,Côtes-d'Armor,22530,48.218,-3.039,"Caurel (22530), Bretagne"
7298,Cavan,Bretagne,Côtes-d'Armor,22140,48.683,-3.353,"Cavan (22140), Bretagne"
7299,Les Champs-Géraux,Bretagne,Côtes-d'Armor,22630,48.426,-1.978,"Les Champs-Géraux (22630), Bretagne"
7300,La Chapelle-Blanche,Bretagne,Côtes-d'Armor,22350,48.268,-2.129,"La Chapelle-Blanche (22350), Bretagne"
7301,La Chapelle-Neuve,Bretagne,Côtes-d'Armor,22160,48.466,-3.441,"La Chapelle-Neuve (22160), Bretagne"
7302,La Chèze,Bretagne,Côtes-d'Armor,22210,48.135,-2.663,"La Chèze (22210), Bretagne"
7303,Coadout,Bretagne,Côtes-d'Armor,22970,48.515,-3.179,"Coadout (22970), Bretagne"
7304,Coatascorn,Bretagne,Côtes-d'Armor,22140,48.67,-3.256,"Coatascorn (22140), Bretagne"
7305,Coatréven,Bretagne,Côtes-d'Armor,22450,48.763,-3.326,"Coatréven (22450), Bretagne"
7306,Coëtlogon,Bretagne,Côtes-d'Armor,22210,48.133,-2.544,"Coëtlogon (22210), Bretagne"
7307,Coëtmieux,Bretagne,Côtes-d'Armor,22400,48.487,-2.592,"Coëtmieux (22400), Bretagne"
7308,Cohiniac,Bretagne,Côtes-d'Armor,22800,48.452,-2.947,"Cohiniac (22800), Bretagne"
7309,Le Mené,Bretagne,Côtes-d'Armor,22330,48.294,-2.522,"Le Mené (22330), Bretagne"
7310,Corlay,Bretagne,Côtes-d'Armor,22320,48.31,-3.038,"Corlay (22320), Bretagne"
7311,Corseul,Bretagne,Côtes-d'Armor,22130,48.483,-2.166,"Corseul (22130), Bretagne"
7312,Créhen,Bretagne,Côtes-d'Armor,22130,48.54,-2.191,"Créhen (22130), Bretagne"
7313,Dinan,Bretagne,Côtes-d'Armor,22100,48.456,-2.048,"Dinan (22100), Bretagne"
7314,Duault,Bretagne,Côtes-d'Armor,22160,48.365,-3.436,"Duault (22160), Bretagne"
7315,Éréac,Bretagne,Côtes-d'Armor,22250,48.274,-2.344,"Éréac (22250), Bretagne"
7316,Erquy,Bretagne,Côtes-d'Armor,22430,48.619,-2.459,"Erquy (22430), Bretagne"
7317,Binic-Étables-sur-Mer,Bretagne,Côtes-d'Armor,22520,48.626,-2.841,"Binic-Étables-sur-Mer (22520), Bretagne"
7318,Évran,Bretagne,Côtes-d'Armor,22630,48.385,-1.98,"Évran (22630), Bretagne"
7319,Le Faouët,Bretagne,Côtes-d'Armor,22290,48.679,-3.073,"Le Faouët (22290), Bretagne"
7320,Le Fœil,Bretagne,Côtes-d'Armor,22800,48.418,-2.914,"Le Fœil (22800), Bretagne"
7321,Gausson,Bretagne,Côtes-d'Armor,22150,48.293,-2.761,"Gausson (22150), Bretagne"
7322,Glomel,Bretagne,Côtes-d'Armor,22110,48.206,-3.388,"Glomel (22110), Bretagne"
7323,Gomené,Bretagne,Côtes-d'Armor,22230,48.18,-2.492,"Gomené (22230), Bretagne"
7324,Gommenec'h,Bretagne,Côtes-d'Armor,22290,48.638,-3.048,"Gommenec'h (22290), Bretagne"
7325,Gouarec,Bretagne,Côtes-d'Armor,22570,48.236,-3.195,"Gouarec (22570), Bretagne"
7326,Goudelin,Bretagne,Côtes-d'Armor,22290,48.603,-3.023,"Goudelin (22290), Bretagne"
7327,Grâces,Bretagne,Côtes-d'Armor,22200,48.545,-3.182,"Grâces (22200), Bretagne"
7328,Grâce-Uzel,Bretagne,Côtes-d'Armor,22460,48.25,-2.794,"Grâce-Uzel (22460), Bretagne"
7329,Guenroc,Bretagne,Côtes-d'Armor,22350,48.314,-2.081,"Guenroc (22350), Bretagne"
7330,Guingamp,Bretagne,Côtes-d'Armor,22200,48.561,-3.153,"Guingamp (22200), Bretagne"
7331,Guitté,Bretagne,Côtes-d'Armor,22350,48.291,-2.103,"Guitté (22350), Bretagne"
7332,Gurunhuel,Bretagne,Côtes-d'Armor,22390,48.508,-3.289,"Gurunhuel (22390), Bretagne"
7333,La Harmoye,Bretagne,Côtes-d'Armor,22320,48.346,-2.969,"La Harmoye (22320), Bretagne"
7334,Le Haut-Corlay,Bretagne,Côtes-d'Armor,22320,48.341,-3.032,"Le Haut-Corlay (22320), Bretagne"
7335,Hémonstoir,Bretagne,Côtes-d'Armor,22600,48.157,-2.85,"Hémonstoir (22600), Bretagne"
7336,Hénanbihen,Bretagne,Côtes-d'Armor,22550,48.558,-2.382,"Hénanbihen (22550), Bretagne"
7337,Hénansal,Bretagne,Côtes-d'Armor,22400,48.538,-2.448,"Hénansal (22400), Bretagne"
7338,Hénon,Bretagne,Côtes-d'Armor,22150,48.387,-2.683,"Hénon (22150), Bretagne"
7339,Hillion,Bretagne,Côtes-d'Armor,22120,48.503,-2.646,"Hillion (22120), Bretagne"
7340,Le Hinglé,Bretagne,Côtes-d'Armor,22100,48.398,-2.083,"Le Hinglé (22100), Bretagne"
7341,Illifaut,Bretagne,Côtes-d'Armor,22230,48.144,-2.336,"Illifaut (22230), Bretagne"
7342,Jugon-les-Lacs,Bretagne,Côtes-d'Armor,22270,48.417,-2.325,"Jugon-les-Lacs (22270), Bretagne"
7343,Kerbors,Bretagne,Côtes-d'Armor,22610,48.824,-3.182,"Kerbors (22610), Bretagne"
7344,Kerfot,Bretagne,Côtes-d'Armor,22500,48.737,-3.031,"Kerfot (22500), Bretagne"
7345,Kergrist-Moëlou,Bretagne,Côtes-d'Armor,22110,48.295,-3.325,"Kergrist-Moëlou (22110), Bretagne"
7346,Kerien,Bretagne,Côtes-d'Armor,22480,48.409,-3.23,"Kerien (22480), Bretagne"
7347,Kermaria-Sulard,Bretagne,Côtes-d'Armor,22450,48.774,-3.372,"Kermaria-Sulard (22450), Bretagne"
7348,Kermoroc'h,Bretagne,Côtes-d'Armor,22140,48.614,-3.203,"Kermoroc'h (22140), Bretagne"
7349,Kerpert,Bretagne,Côtes-d'Armor,22480,48.39,-3.137,"Kerpert (22480), Bretagne"
7350,Lamballe-Armor,Bretagne,Côtes-d'Armor,22400,48.468,-2.495,"Lamballe-Armor (22400), Bretagne"
7351,Lancieux,Bretagne,Côtes-d'Armor,22770,48.601,-2.147,"Lancieux (22770), Bretagne"
7352,Landebaëron,Bretagne,Côtes-d'Armor,22140,48.638,-3.205,"Landebaëron (22140), Bretagne"
7353,Landébia,Bretagne,Côtes-d'Armor,22130,48.515,-2.337,"Landébia (22130), Bretagne"
7354,La Landec,Bretagne,Côtes-d'Armor,22980,48.426,-2.183,"La Landec (22980), Bretagne"
7355,Landéhen,Bretagne,Côtes-d'Armor,22400,48.422,-2.542,"Landéhen (22400), Bretagne"
7356,Lanfains,Bretagne,Côtes-d'Armor,22800,48.365,-2.912,"Lanfains (22800), Bretagne"
7357,Langoat,Bretagne,Côtes-d'Armor,22450,48.735,-3.298,"Langoat (22450), Bretagne"
7358,Langrolay-sur-Rance,Bretagne,Côtes-d'Armor,22490,48.553,-2.014,"Langrolay-sur-Rance (22490), Bretagne"
7359,Languédias,Bretagne,Côtes-d'Armor,22980,48.393,-2.206,"Languédias (22980), Bretagne"
7360,Languenan,Bretagne,Côtes-d'Armor,22130,48.512,-2.133,"Languenan (22130), Bretagne"
7361,Langueux,Bretagne,Côtes-d'Armor,22360,48.5,-2.71,"Langueux (22360), Bretagne"
7362,Bon Repos sur Blavet,Bretagne,Côtes-d'Armor,22570,48.24,-3.137,"Bon Repos sur Blavet (22570), Bretagne"
7363,Lanleff,Bretagne,Côtes-d'Armor,22290,48.693,-3.045,"Lanleff (22290), Bretagne"
7364,Lanloup,Bretagne,Côtes-d'Armor,22580,48.71,-2.969,"Lanloup (22580), Bretagne"
7365,Lanmérin,Bretagne,Côtes-d'Armor,22300,48.74,-3.356,"Lanmérin (22300), Bretagne"
7366,Lanmodez,Bretagne,Côtes-d'Armor,22610,48.845,-3.099,"Lanmodez (22610), Bretagne"
7367,Lannebert,Bretagne,Côtes-d'Armor,22290,48.651,-3.009,"Lannebert (22290), Bretagne"
7368,Lannion,Bretagne,Côtes-d'Armor,22300,48.743,-3.462,"Lannion (22300), Bretagne"
7369,Lanrelas,Bretagne,Côtes-d'Armor,22250,48.246,-2.296,"Lanrelas (22250), Bretagne"
7370,Lanrivain,Bretagne,Côtes-d'Armor,22480,48.359,-3.215,"Lanrivain (22480), Bretagne"
7371,Lanrodec,Bretagne,Côtes-d'Armor,22170,48.5,-3.043,"Lanrodec (22170), Bretagne"
7372,Lantic,Bretagne,Côtes-d'Armor,22410,48.604,-2.899,"Lantic (22410), Bretagne"
7373,Lanvallay,Bretagne,Côtes-d'Armor,22100,48.452,-2.01,"Lanvallay (22100), Bretagne"
7374,Lanvellec,Bretagne,Côtes-d'Armor,22420,48.607,-3.528,"Lanvellec (22420), Bretagne"
7375,Lanvollon,Bretagne,Côtes-d'Armor,22290,48.633,-2.99,"Lanvollon (22290), Bretagne"
7376,Laurenan,Bretagne,Côtes-d'Armor,22230,48.215,-2.518,"Laurenan (22230), Bretagne"
7377,Lescouët-Gouarec,Bretagne,Côtes-d'Armor,22570,48.169,-3.207,"Lescouët-Gouarec (22570), Bretagne"
7378,Le Leslay,Bretagne,Côtes-d'Armor,22800,48.424,-2.965,"Le Leslay (22800), Bretagne"
7379,Lézardrieux,Bretagne,Côtes-d'Armor,22740,48.804,-3.109,"Lézardrieux (22740), Bretagne"
7380,Locarn,Bretagne,Côtes-d'Armor,22340,48.333,-3.411,"Locarn (22340), Bretagne"
7381,Loc-Envel,Bretagne,Côtes-d'Armor,22810,48.51,-3.41,"Loc-Envel (22810), Bretagne"
7382,Loguivy-Plougras,Bretagne,Côtes-d'Armor,22780,48.511,-3.491,"Loguivy-Plougras (22780), Bretagne"
7383,Lohuec,Bretagne,Côtes-d'Armor,22160,48.462,-3.527,"Lohuec (22160), Bretagne"
7384,Loscouët-sur-Meu,Bretagne,Côtes-d'Armor,22230,48.176,-2.251,"Loscouët-sur-Meu (22230), Bretagne"
7385,Louannec,Bretagne,Côtes-d'Armor,22700,48.784,-3.412,"Louannec (22700), Bretagne"
7386,Louargat,Bretagne,Côtes-d'Armor,22540,48.561,-3.341,"Louargat (22540), Bretagne"
7387,Loudéac,Bretagne,Côtes-d'Armor,22600,48.174,-2.751,"Loudéac (22600), Bretagne"
7388,Maël-Carhaix,Bretagne,Côtes-d'Armor,22340,48.288,-3.411,"Maël-Carhaix (22340), Bretagne"
7389,Maël-Pestivien,Bretagne,Côtes-d'Armor,22160,48.404,-3.29,"Maël-Pestivien (22160), Bretagne"
7390,Magoar,Bretagne,Côtes-d'Armor,22480,48.402,-3.177,"Magoar (22480), Bretagne"
7391,La Malhoure,Bretagne,Côtes-d'Armor,22640,48.396,-2.494,"La Malhoure (22640), Bretagne"
7392,Mantallot,Bretagne,Côtes-d'Armor,22450,48.71,-3.292,"Mantallot (22450), Bretagne"
7393,Matignon,Bretagne,Côtes-d'Armor,22550,48.602,-2.29,"Matignon (22550), Bretagne"
7394,La Méaugon,Bretagne,Côtes-d'Armor,22440,48.504,-2.847,"La Méaugon (22440), Bretagne"
7395,Mégrit,Bretagne,Côtes-d'Armor,22270,48.39,-2.267,"Mégrit (22270), Bretagne"
7396,Mellionnec,Bretagne,Côtes-d'Armor,22110,48.169,-3.29,"Mellionnec (22110), Bretagne"
7397,Merdrignac,Bretagne,Côtes-d'Armor,22230,48.194,-2.396,"Merdrignac (22230), Bretagne"
7398,Mérillac,Bretagne,Côtes-d'Armor,22230,48.249,-2.391,"Mérillac (22230), Bretagne"
7399,Merléac,Bretagne,Côtes-d'Armor,22460,48.273,-2.911,"Merléac (22460), Bretagne"
7400,Le Merzer,Bretagne,Côtes-d'Armor,22200,48.582,-3.075,"Le Merzer (22200), Bretagne"
7401,Minihy-Tréguier,Bretagne,Côtes-d'Armor,22220,48.768,-3.258,"Minihy-Tréguier (22220), Bretagne"
7402,Moncontour,Bretagne,Côtes-d'Armor,22510,48.358,-2.632,"Moncontour (22510), Bretagne"
7403,La Motte,Bretagne,Côtes-d'Armor,22600,48.231,-2.705,"La Motte (22600), Bretagne"
7404,Moustéru,Bretagne,Côtes-d'Armor,22200,48.528,-3.235,"Moustéru (22200), Bretagne"
7405,Le Moustoir,Bretagne,Côtes-d'Armor,22340,48.274,-3.492,"Le Moustoir (22340), Bretagne"
7406,Guerlédan,Bretagne,Côtes-d'Armor,22530,48.196,-2.984,"Guerlédan (22530), Bretagne"
7407,Noyal,Bretagne,Côtes-d'Armor,22400,48.451,-2.463,"Noyal (22400), Bretagne"
7408,Pabu,Bretagne,Côtes-d'Armor,22200,48.583,-3.143,"Pabu (22200), Bretagne"
7409,Paimpol,Bretagne,Côtes-d'Armor,22500,48.773,-3.055,"Paimpol (22500), Bretagne"
7410,Paule,Bretagne,Côtes-d'Armor,22340,48.227,-3.461,"Paule (22340), Bretagne"
7411,Pédernec,Bretagne,Côtes-d'Armor,22540,48.588,-3.277,"Pédernec (22540), Bretagne"
7412,Penguily,Bretagne,Côtes-d'Armor,22510,48.372,-2.494,"Penguily (22510), Bretagne"
7413,Penvénan,Bretagne,Côtes-d'Armor,22710,48.816,-3.302,"Penvénan (22710), Bretagne"
7414,Perros-Guirec,Bretagne,Côtes-d'Armor,22700,48.809,-3.468,"Perros-Guirec (22700), Bretagne"
7415,Peumerit-Quintin,Bretagne,Côtes-d'Armor,22480,48.364,-3.283,"Peumerit-Quintin (22480), Bretagne"
7416,Plaine-Haute,Bretagne,Côtes-d'Armor,22800,48.444,-2.859,"Plaine-Haute (22800), Bretagne"
7417,Plaintel,Bretagne,Côtes-d'Armor,22940,48.411,-2.81,"Plaintel (22940), Bretagne"
7418,Plancoët,Bretagne,Côtes-d'Armor,22130,48.515,-2.219,"Plancoët (22130), Bretagne"
7419,Pléboulle,Bretagne,Côtes-d'Armor,22550,48.595,-2.334,"Pléboulle (22550), Bretagne"
7420,Plédéliac,Bretagne,Côtes-d'Armor,22270,48.469,-2.372,"Plédéliac (22270), Bretagne"
7421,Plédran,Bretagne,Côtes-d'Armor,22960,48.443,-2.745,"Plédran (22960), Bretagne"
7422,Pléguien,Bretagne,Côtes-d'Armor,22290,48.635,-2.948,"Pléguien (22290), Bretagne"
7423,Pléhédel,Bretagne,Côtes-d'Armor,22290,48.695,-3.006,"Pléhédel (22290), Bretagne"
7424,Fréhel,Bretagne,Côtes-d'Armor,22240,48.635,-2.362,"Fréhel (22240), Bretagne"
7425,Plélan-le-Petit,Bretagne,Côtes-d'Armor,22980,48.427,-2.224,"Plélan-le-Petit (22980), Bretagne"
7426,Plélauff,Bretagne,Côtes-d'Armor,22570,48.198,-3.203,"Plélauff (22570), Bretagne"
7427,Plélo,Bretagne,Côtes-d'Armor,22170,48.554,-2.927,"Plélo (22170), Bretagne"
7428,Plémet,Bretagne,Côtes-d'Armor,22210,48.186,-2.586,"Plémet (22210), Bretagne"
7429,Plémy,Bretagne,Côtes-d'Armor,22150,48.338,-2.676,"Plémy (22150), Bretagne"
7430,Plénée-Jugon,Bretagne,Côtes-d'Armor,22640,48.356,-2.416,"Plénée-Jugon (22640), Bretagne"
7431,Pléneuf-Val-André,Bretagne,Côtes-d'Armor,22370,48.584,-2.53,"Pléneuf-Val-André (22370), Bretagne"
7432,Plérin,Bretagne,Côtes-d'Armor,22190,48.544,-2.77,"Plérin (22190), Bretagne"
7433,Plerneuf,Bretagne,Côtes-d'Armor,22170,48.506,-2.88,"Plerneuf (22170), Bretagne"
7434,Plésidy,Bretagne,Côtes-d'Armor,22720,48.442,-3.126,"Plésidy (22720), Bretagne"
7435,Pleslin-Trigavou,Bretagne,Côtes-d'Armor,22490,48.528,-2.071,"Pleslin-Trigavou (22490), Bretagne"
7436,Plestan,Bretagne,Côtes-d'Armor,22640,48.415,-2.441,"Plestan (22640), Bretagne"
7437,Plestin-les-Grèves,Bretagne,Côtes-d'Armor,22310,48.648,-3.62,"Plestin-les-Grèves (22310), Bretagne"
7438,Pleubian,Bretagne,Côtes-d'Armor,22610,48.844,-3.133,"Pleubian (22610), Bretagne"
7439,Pleudaniel,Bretagne,Côtes-d'Armor,22740,48.761,-3.154,"Pleudaniel (22740), Bretagne"
7440,Pleudihen-sur-Rance,Bretagne,Côtes-d'Armor,22690,48.509,-1.942,"Pleudihen-sur-Rance (22690), Bretagne"
7441,Pleumeur-Bodou,Bretagne,Côtes-d'Armor,22560,48.785,-3.517,"Pleumeur-Bodou (22560), Bretagne"
7442,Pleumeur-Gautier,Bretagne,Côtes-d'Armor,22740,48.8,-3.152,"Pleumeur-Gautier (22740), Bretagne"
7443,Pléven,Bretagne,Côtes-d'Armor,22130,48.491,-2.321,"Pléven (22130), Bretagne"
7444,Plévenon,Bretagne,Côtes-d'Armor,22240,48.658,-2.32,"Plévenon (22240), Bretagne"
7445,Plévin,Bretagne,Côtes-d'Armor,22340,48.224,-3.516,"Plévin (22340), Bretagne"
7446,Plœuc-L'Hermitage,Bretagne,Côtes-d'Armor,22150,48.344,-2.766,"Plœuc-L'Hermitage (22150), Bretagne"
7447,Ploëzal,Bretagne,Côtes-d'Armor,22260,48.717,-3.18,"Ploëzal (22260), Bretagne"
7448,Plorec-sur-Arguenon,Bretagne,Côtes-d'Armor,22130,48.463,-2.301,"Plorec-sur-Arguenon (22130), Bretagne"
7449,Châtelaudren-Plouagat,Bretagne,Côtes-d'Armor,22170,48.53,-2.99,"Châtelaudren-Plouagat (22170), Bretagne"
7450,Plouaret,Bretagne,Côtes-d'Armor,22420,48.619,-3.483,"Plouaret (22420), Bretagne"
7451,Plouasne,Bretagne,Côtes-d'Armor,22830,48.312,-2.009,"Plouasne (22830), Bretagne"
7452,Beaussais-sur-Mer,Bretagne,Côtes-d'Armor,22650,48.56,-2.128,"Beaussais-sur-Mer (22650), Bretagne"
7453,Ploubazlanec,Bretagne,Côtes-d'Armor,22620,48.805,-3.045,"Ploubazlanec (22620), Bretagne"
7454,Ploubezre,Bretagne,Côtes-d'Armor,22300,48.686,-3.448,"Ploubezre (22300), Bretagne"
7455,Plouëc-du-Trieux,Bretagne,Côtes-d'Armor,22260,48.672,-3.188,"Plouëc-du-Trieux (22260), Bretagne"
7456,Plouër-sur-Rance,Bretagne,Côtes-d'Armor,22490,48.525,-2.007,"Plouër-sur-Rance (22490), Bretagne"
7457,Plouézec,Bretagne,Côtes-d'Armor,22470,48.739,-2.979,"Plouézec (22470), Bretagne"
7458,Ploufragan,Bretagne,Côtes-d'Armor,22440,48.488,-2.808,"Ploufragan (22440), Bretagne"
7459,Plougonver,Bretagne,Côtes-d'Armor,22810,48.485,-3.375,"Plougonver (22810), Bretagne"
7460,Plougras,Bretagne,Côtes-d'Armor,22780,48.496,-3.565,"Plougras (22780), Bretagne"
7461,Plougrescant,Bretagne,Côtes-d'Armor,22820,48.839,-3.242,"Plougrescant (22820), Bretagne"
7462,Plouguenast-Langast,Bretagne,Côtes-d'Armor,22150,48.277,-2.71,"Plouguenast-Langast (22150), Bretagne"
7463,Plouguernével,Bretagne,Côtes-d'Armor,22110,48.234,-3.247,"Plouguernével (22110), Bretagne"
7464,Plouguiel,Bretagne,Côtes-d'Armor,22220,48.805,-3.246,"Plouguiel (22220), Bretagne"
7465,Plouha,Bretagne,Côtes-d'Armor,22580,48.682,-2.932,"Plouha (22580), Bretagne"
7466,Plouisy,Bretagne,Côtes-d'Armor,22200,48.584,-3.192,"Plouisy (22200), Bretagne"
7467,Ploulec'h,Bretagne,Côtes-d'Armor,22300,48.719,-3.502,"Ploulec'h (22300), Bretagne"
7468,Ploumagoar,Bretagne,Côtes-d'Armor,22970,48.53,-3.11,"Ploumagoar (22970), Bretagne"
7469,Ploumilliau,Bretagne,Côtes-d'Armor,22300,48.684,-3.514,"Ploumilliau (22300), Bretagne"
7470,Plounérin,Bretagne,Côtes-d'Armor,22780,48.567,-3.548,"Plounérin (22780), Bretagne"
7471,Plounévez-Moëdec,Bretagne,Côtes-d'Armor,22810,48.552,-3.444,"Plounévez-Moëdec (22810), Bretagne"
7472,Plounévez-Quintin,Bretagne,Côtes-d'Armor,22110,48.285,-3.241,"Plounévez-Quintin (22110), Bretagne"
7473,Plourac'h,Bretagne,Côtes-d'Armor,22160,48.418,-3.552,"Plourac'h (22160), Bretagne"
7474,Plourhan,Bretagne,Côtes-d'Armor,22410,48.631,-2.882,"Plourhan (22410), Bretagne"
7475,Plourivo,Bretagne,Côtes-d'Armor,22860,48.742,-3.093,"Plourivo (22860), Bretagne"
7476,Plouvara,Bretagne,Côtes-d'Armor,22170,48.497,-2.926,"Plouvara (22170), Bretagne"
7477,Plouzélambre,Bretagne,Côtes-d'Armor,22420,48.648,-3.537,"Plouzélambre (22420), Bretagne"
7478,Pludual,Bretagne,Côtes-d'Armor,22290,48.667,-2.987,"Pludual (22290), Bretagne"
7479,Pluduno,Bretagne,Côtes-d'Armor,22130,48.523,-2.281,"Pluduno (22130), Bretagne"
7480,Plufur,Bretagne,Côtes-d'Armor,22310,48.611,-3.573,"Plufur (22310), Bretagne"
7481,Plumaudan,Bretagne,Côtes-d'Armor,22350,48.356,-2.115,"Plumaudan (22350), Bretagne"
7482,Plumaugat,Bretagne,Côtes-d'Armor,22250,48.245,-2.231,"Plumaugat (22250), Bretagne"
7483,Plumieux,Bretagne,Côtes-d'Armor,22210,48.106,-2.592,"Plumieux (22210), Bretagne"
7484,Plurien,Bretagne,Côtes-d'Armor,22240,48.61,-2.4,"Plurien (22240), Bretagne"
7485,Plusquellec,Bretagne,Côtes-d'Armor,22160,48.399,-3.484,"Plusquellec (22160), Bretagne"
7486,Plussulien,Bretagne,Côtes-d'Armor,22320,48.278,-3.066,"Plussulien (22320), Bretagne"
7487,Pluzunet,Bretagne,Côtes-d'Armor,22140,48.636,-3.371,"Pluzunet (22140), Bretagne"
7488,Pommeret,Bretagne,Côtes-d'Armor,22120,48.459,-2.622,"Pommeret (22120), Bretagne"
7489,Pommerit-le-Vicomte,Bretagne,Côtes-d'Armor,22200,48.618,-3.103,"Pommerit-le-Vicomte (22200), Bretagne"
7490,Pont-Melvez,Bretagne,Côtes-d'Armor,22390,48.474,-3.285,"Pont-Melvez (22390), Bretagne"
7491,Pontrieux,Bretagne,Côtes-d'Armor,22260,48.7,-3.159,"Pontrieux (22260), Bretagne"
7492,Pordic,Bretagne,Côtes-d'Armor,22590,48.57,-2.825,"Pordic (22590), Bretagne"
7493,Prat,Bretagne,Côtes-d'Armor,22140,48.682,-3.298,"Prat (22140), Bretagne"
7494,La Prénessaye,Bretagne,Côtes-d'Armor,22210,48.186,-2.648,"La Prénessaye (22210), Bretagne"
7495,Quemper-Guézennec,Bretagne,Côtes-d'Armor,22260,48.701,-3.108,"Quemper-Guézennec (22260), Bretagne"
7496,Quemperven,Bretagne,Côtes-d'Armor,22450,48.725,-3.337,"Quemperven (22450), Bretagne"
7497,Quessoy,Bretagne,Côtes-d'Armor,22120,48.427,-2.657,"Quessoy (22120), Bretagne"
7498,Quévert,Bretagne,Côtes-d'Armor,22100,48.463,-2.086,"Quévert (22100), Bretagne"
7499,Le Quillio,Bretagne,Côtes-d'Armor,22460,48.24,-2.898,"Le Quillio (22460), Bretagne"
7500,Quintenic,Bretagne,Côtes-d'Armor,22400,48.51,-2.422,"Quintenic (22400), Bretagne"
7501,Quintin,Bretagne,Côtes-d'Armor,22800,48.403,-2.912,"Quintin (22800), Bretagne"
7502,Le Quiou,Bretagne,Côtes-d'Armor,22630,48.346,-1.998,"Le Quiou (22630), Bretagne"
7503,La Roche-Jaudy,Bretagne,Côtes-d'Armor,22450,48.746,-3.258,"La Roche-Jaudy (22450), Bretagne"
7504,Rospez,Bretagne,Côtes-d'Armor,22300,48.736,-3.386,"Rospez (22300), Bretagne"
7505,Rostrenen,Bretagne,Côtes-d'Armor,22110,48.222,-3.312,"Rostrenen (22110), Bretagne"
7506,Rouillac,Bretagne,Côtes-d'Armor,22250,48.307,-2.369,"Rouillac (22250), Bretagne"
7507,Ruca,Bretagne,Côtes-d'Armor,22550,48.561,-2.335,"Ruca (22550), Bretagne"
7508,Runan,Bretagne,Côtes-d'Armor,22260,48.687,-3.227,"Runan (22260), Bretagne"
7509,Saint-Adrien,Bretagne,Côtes-d'Armor,22390,48.49,-3.133,"Saint-Adrien (22390), Bretagne"
7510,Saint-Agathon,Bretagne,Côtes-d'Armor,22200,48.563,-3.101,"Saint-Agathon (22200), Bretagne"
7511,Saint-Alban,Bretagne,Côtes-d'Armor,22400,48.555,-2.509,"Saint-Alban (22400), Bretagne"
7512,Saint-André-des-Eaux,Bretagne,Côtes-d'Armor,22630,48.373,-2.014,"Saint-André-des-Eaux (22630), Bretagne"
7513,Saint-Barnabé,Bretagne,Côtes-d'Armor,22600,48.138,-2.702,"Saint-Barnabé (22600), Bretagne"
7514,Saint-Bihy,Bretagne,Côtes-d'Armor,22800,48.376,-2.967,"Saint-Bihy (22800), Bretagne"
7515,Saint-Brandan,Bretagne,Côtes-d'Armor,22800,48.39,-2.864,"Saint-Brandan (22800), Bretagne"
7516,Saint-Brieuc,Bretagne,Côtes-d'Armor,22000,48.515,-2.762,"Saint-Brieuc (22000), Bretagne"
7517,Saint-Caradec,Bretagne,Côtes-d'Armor,22600,48.192,-2.868,"Saint-Caradec (22600), Bretagne"
7518,Saint-Carné,Bretagne,Côtes-d'Armor,22100,48.42,-2.055,"Saint-Carné (22100), Bretagne"
7519,Saint-Carreuc,Bretagne,Côtes-d'Armor,22150,48.404,-2.75,"Saint-Carreuc (22150), Bretagne"
7520,Saint-Cast-le-Guildo,Bretagne,Côtes-d'Armor,22380,48.604,-2.249,"Saint-Cast-le-Guildo (22380), Bretagne"
7521,Saint-Clet,Bretagne,Côtes-d'Armor,22260,48.67,-3.137,"Saint-Clet (22260), Bretagne"
7522,Saint-Connan,Bretagne,Côtes-d'Armor,22480,48.412,-3.076,"Saint-Connan (22480), Bretagne"
7523,Saint-Connec,Bretagne,Côtes-d'Armor,22530,48.18,-2.926,"Saint-Connec (22530), Bretagne"
7524,Saint-Denoual,Bretagne,Côtes-d'Armor,22400,48.519,-2.384,"Saint-Denoual (22400), Bretagne"
7525,Saint-Donan,Bretagne,Côtes-d'Armor,22800,48.466,-2.887,"Saint-Donan (22800), Bretagne"
7526,Saint-Étienne-du-Gué-de-l'Isle,Bretagne,Côtes-d'Armor,22210,48.086,-2.644,"Saint-Étienne-du-Gué-de-l'Isle (22210), Bretagne"
7527,Saint-Fiacre,Bretagne,Côtes-d'Armor,22720,48.455,-3.052,"Saint-Fiacre (22720), Bretagne"
7528,Saint-Gildas,Bretagne,Côtes-d'Armor,22800,48.422,-3.007,"Saint-Gildas (22800), Bretagne"
7529,Saint-Gilles-les-Bois,Bretagne,Côtes-d'Armor,22290,48.657,-3.091,"Saint-Gilles-les-Bois (22290), Bretagne"
7530,Saint-Gilles-Pligeaux,Bretagne,Côtes-d'Armor,22480,48.38,-3.087,"Saint-Gilles-Pligeaux (22480), Bretagne"
7531,Saint-Gilles-Vieux-Marché,Bretagne,Côtes-d'Armor,22530,48.25,-2.97,"Saint-Gilles-Vieux-Marché (22530), Bretagne"
7532,Saint-Glen,Bretagne,Côtes-d'Armor,22510,48.352,-2.522,"Saint-Glen (22510), Bretagne"
7533,Saint-Hélen,Bretagne,Côtes-d'Armor,22100,48.466,-1.959,"Saint-Hélen (22100), Bretagne"
7534,Saint-Hervé,Bretagne,Côtes-d'Armor,22460,48.274,-2.812,"Saint-Hervé (22460), Bretagne"
7535,Saint-Jacut-de-la-Mer,Bretagne,Côtes-d'Armor,22750,48.588,-2.193,"Saint-Jacut-de-la-Mer (22750), Bretagne"
7536,Saint-Jean-Kerdaniel,Bretagne,Côtes-d'Armor,22170,48.553,-3.034,"Saint-Jean-Kerdaniel (22170), Bretagne"
7537,Saint-Jouan-de-l'Isle,Bretagne,Côtes-d'Armor,22350,48.266,-2.178,"Saint-Jouan-de-l'Isle (22350), Bretagne"
7538,Saint-Judoce,Bretagne,Côtes-d'Armor,22630,48.362,-1.954,"Saint-Judoce (22630), Bretagne"
7539,Saint-Julien,Bretagne,Côtes-d'Armor,22940,48.448,-2.817,"Saint-Julien (22940), Bretagne"
7540,Saint-Juvat,Bretagne,Côtes-d'Armor,22630,48.362,-2.055,"Saint-Juvat (22630), Bretagne"
7541,Saint-Launeuc,Bretagne,Côtes-d'Armor,22230,48.232,-2.354,"Saint-Launeuc (22230), Bretagne"
7542,Saint-Laurent,Bretagne,Côtes-d'Armor,22140,48.615,-3.242,"Saint-Laurent (22140), Bretagne"
7543,Saint-Lormel,Bretagne,Côtes-d'Armor,22130,48.552,-2.235,"Saint-Lormel (22130), Bretagne"
7544,Saint-Maden,Bretagne,Côtes-d'Armor,22350,48.337,-2.069,"Saint-Maden (22350), Bretagne"
7545,Saint-Martin-des-Prés,Bretagne,Côtes-d'Armor,22320,48.306,-2.965,"Saint-Martin-des-Prés (22320), Bretagne"
7546,Saint-Maudan,Bretagne,Côtes-d'Armor,22600,48.111,-2.768,"Saint-Maudan (22600), Bretagne"
7547,Saint-Maudez,Bretagne,Côtes-d'Armor,22980,48.455,-2.183,"Saint-Maudez (22980), Bretagne"
7548,Saint-Mayeux,Bretagne,Côtes-d'Armor,22320,48.265,-3.016,"Saint-Mayeux (22320), Bretagne"
7549,Saint-Méloir-des-Bois,Bretagne,Côtes-d'Armor,22980,48.442,-2.257,"Saint-Méloir-des-Bois (22980), Bretagne"
7550,Saint-Michel-de-Plélan,Bretagne,Côtes-d'Armor,22980,48.463,-2.222,"Saint-Michel-de-Plélan (22980), Bretagne"
7551,Saint-Michel-en-Grève,Bretagne,Côtes-d'Armor,22300,48.674,-3.557,"Saint-Michel-en-Grève (22300), Bretagne"
7552,Saint-Nicodème,Bretagne,Côtes-d'Armor,22160,48.354,-3.339,"Saint-Nicodème (22160), Bretagne"
7553,Saint-Nicolas-du-Pélem,Bretagne,Côtes-d'Armor,22480,48.323,-3.164,"Saint-Nicolas-du-Pélem (22480), Bretagne"
7554,Saint-Péver,Bretagne,Côtes-d'Armor,22720,48.482,-3.091,"Saint-Péver (22720), Bretagne"
7555,Saint-Pôtan,Bretagne,Côtes-d'Armor,22550,48.557,-2.293,"Saint-Pôtan (22550), Bretagne"
7556,Saint-Quay-Perros,Bretagne,Côtes-d'Armor,22700,48.782,-3.449,"Saint-Quay-Perros (22700), Bretagne"
7557,Saint-Quay-Portrieux,Bretagne,Côtes-d'Armor,22410,48.654,-2.844,"Saint-Quay-Portrieux (22410), Bretagne"
7558,Saint-Rieul,Bretagne,Côtes-d'Armor,22270,48.443,-2.422,"Saint-Rieul (22270), Bretagne"
7559,Saint-Samson-sur-Rance,Bretagne,Côtes-d'Armor,22100,48.492,-2.018,"Saint-Samson-sur-Rance (22100), Bretagne"
7560,Saint-Servais,Bretagne,Côtes-d'Armor,22160,48.387,-3.374,"Saint-Servais (22160), Bretagne"
7561,Saint-Thélo,Bretagne,Côtes-d'Armor,22460,48.246,-2.841,"Saint-Thélo (22460), Bretagne"
7562,Sainte-Tréphine,Bretagne,Côtes-d'Armor,22480,48.267,-3.169,"Sainte-Tréphine (22480), Bretagne"
7563,Saint-Trimoël,Bretagne,Côtes-d'Armor,22510,48.393,-2.541,"Saint-Trimoël (22510), Bretagne"
7564,Saint-Vran,Bretagne,Côtes-d'Armor,22230,48.243,-2.457,"Saint-Vran (22230), Bretagne"
7565,Saint-Igeaux,Bretagne,Côtes-d'Armor,22570,48.278,-3.115,"Saint-Igeaux (22570), Bretagne"
7566,Senven-Léhart,Bretagne,Côtes-d'Armor,22720,48.435,-3.064,"Senven-Léhart (22720), Bretagne"
7567,Sévignac,Bretagne,Côtes-d'Armor,22250,48.332,-2.32,"Sévignac (22250), Bretagne"
7568,Squiffiec,Bretagne,Côtes-d'Armor,22200,48.638,-3.167,"Squiffiec (22200), Bretagne"
7569,Taden,Bretagne,Côtes-d'Armor,22100,48.488,-2.054,"Taden (22100), Bretagne"
7570,Tonquédec,Bretagne,Côtes-d'Armor,22140,48.675,-3.4,"Tonquédec (22140), Bretagne"
7571,Tramain,Bretagne,Côtes-d'Armor,22640,48.4,-2.389,"Tramain (22640), Bretagne"
7572,Trébédan,Bretagne,Côtes-d'Armor,22980,48.406,-2.163,"Trébédan (22980), Bretagne"
7573,Trébeurden,Bretagne,Côtes-d'Armor,22560,48.771,-3.558,"Trébeurden (22560), Bretagne"
7574,Trébrivan,Bretagne,Côtes-d'Armor,22340,48.31,-3.482,"Trébrivan (22340), Bretagne"
7575,Trébry,Bretagne,Côtes-d'Armor,22510,48.346,-2.558,"Trébry (22510), Bretagne"
7576,Trédaniel,Bretagne,Côtes-d'Armor,22510,48.347,-2.606,"Trédaniel (22510), Bretagne"
7577,Trédarzec,Bretagne,Côtes-d'Armor,22220,48.791,-3.202,"Trédarzec (22220), Bretagne"
7578,Trédias,Bretagne,Côtes-d'Armor,22250,48.365,-2.223,"Trédias (22250), Bretagne"
7579,Trédrez-Locquémeau,Bretagne,Côtes-d'Armor,22300,48.708,-3.564,"Trédrez-Locquémeau (22300), Bretagne"
7580,Tréduder,Bretagne,Côtes-d'Armor,22310,48.654,-3.566,"Tréduder (22310), Bretagne"
7581,Treffrin,Bretagne,Côtes-d'Armor,22340,48.298,-3.527,"Treffrin (22340), Bretagne"
7582,Tréfumel,Bretagne,Côtes-d'Armor,22630,48.337,-2.024,"Tréfumel (22630), Bretagne"
7583,Trégastel,Bretagne,Côtes-d'Armor,22730,48.817,-3.506,"Trégastel (22730), Bretagne"
7584,Tréglamus,Bretagne,Côtes-d'Armor,22540,48.557,-3.255,"Tréglamus (22540), Bretagne"
7585,Trégomeur,Bretagne,Côtes-d'Armor,22590,48.568,-2.883,"Trégomeur (22590), Bretagne"
7586,Trégonneau,Bretagne,Côtes-d'Armor,22200,48.614,-3.163,"Trégonneau (22200), Bretagne"
7587,Trégrom,Bretagne,Côtes-d'Armor,22420,48.595,-3.403,"Trégrom (22420), Bretagne"
7588,Trégueux,Bretagne,Côtes-d'Armor,22950,48.48,-2.745,"Trégueux (22950), Bretagne"
7589,Tréguidel,Bretagne,Côtes-d'Armor,22290,48.6,-2.943,"Tréguidel (22290), Bretagne"
7590,Tréguier,Bretagne,Côtes-d'Armor,22220,48.785,-3.232,"Tréguier (22220), Bretagne"
7591,Trélévern,Bretagne,Côtes-d'Armor,22660,48.802,-3.37,"Trélévern (22660), Bretagne"
7592,Trélivan,Bretagne,Côtes-d'Armor,22100,48.43,-2.106,"Trélivan (22100), Bretagne"
7593,Trémargat,Bretagne,Côtes-d'Armor,22110,48.33,-3.267,"Trémargat (22110), Bretagne"
7594,Trémel,Bretagne,Côtes-d'Armor,22310,48.605,-3.618,"Trémel (22310), Bretagne"
7595,Tréméreuc,Bretagne,Côtes-d'Armor,22490,48.561,-2.064,"Tréméreuc (22490), Bretagne"
7596,Trémeur,Bretagne,Côtes-d'Armor,22250,48.351,-2.268,"Trémeur (22250), Bretagne"
7597,Tréméven,Bretagne,Côtes-d'Armor,22290,48.671,-3.032,"Tréméven (22290), Bretagne"
7598,Trémorel,Bretagne,Côtes-d'Armor,22230,48.191,-2.302,"Trémorel (22230), Bretagne"
7599,Trémuson,Bretagne,Côtes-d'Armor,22440,48.525,-2.848,"Trémuson (22440), Bretagne"
7600,Tréogan,Bretagne,Côtes-d'Armor,22340,48.187,-3.53,"Tréogan (22340), Bretagne"
7601,Tressignaux,Bretagne,Côtes-d'Armor,22290,48.61,-2.975,"Tressignaux (22290), Bretagne"
7602,Trévé,Bretagne,Côtes-d'Armor,22600,48.216,-2.807,"Trévé (22600), Bretagne"
7603,Tréveneuc,Bretagne,Côtes-d'Armor,22410,48.66,-2.874,"Tréveneuc (22410), Bretagne"
7604,Trévérec,Bretagne,Côtes-d'Armor,22290,48.66,-3.055,"Trévérec (22290), Bretagne"
7605,Trévou-Tréguignec,Bretagne,Côtes-d'Armor,22660,48.812,-3.345,"Trévou-Tréguignec (22660), Bretagne"
7606,Trévron,Bretagne,Côtes-d'Armor,22100,48.389,-2.068,"Trévron (22100), Bretagne"
7607,Trézény,Bretagne,Côtes-d'Armor,22450,48.755,-3.36,"Trézény (22450), Bretagne"
7608,Troguéry,Bretagne,Côtes-d'Armor,22450,48.761,-3.225,"Troguéry (22450), Bretagne"
7609,Uzel,Bretagne,Côtes-d'Armor,22460,48.281,-2.848,"Uzel (22460), Bretagne"
7610,La Vicomté-sur-Rance,Bretagne,Côtes-d'Armor,22690,48.488,-1.983,"La Vicomté-sur-Rance (22690), Bretagne"
7611,Le Vieux-Bourg,Bretagne,Côtes-d'Armor,22800,48.391,-3.004,"Le Vieux-Bourg (22800), Bretagne"
7612,Le Vieux-Marché,Bretagne,Côtes-d'Armor,22420,48.614,-3.438,"Le Vieux-Marché (22420), Bretagne"
7613,Vildé-Guingalan,Bretagne,Côtes-d'Armor,22980,48.436,-2.152,"Vildé-Guingalan (22980), Bretagne"
7614,Yffiniac,Bretagne,Côtes-d'Armor,22120,48.468,-2.681,"Yffiniac (22120), Bretagne"
7615,Yvias,Bretagne,Côtes-d'Armor,22930,48.715,-3.046,"Yvias (22930), Bretagne"
7616,Yvignac-la-Tour,Bretagne,Côtes-d'Armor,22350,48.349,-2.171,"Yvignac-la-Tour (22350), Bretagne"
8945,Solaure en Diois,Auvergne-Rhône-Alpes,Drôme,26150,44.702,5.383,"Solaure en Diois (26150), Auvergne-Rhône-Alpes"
8946,Albon,Auvergne-Rhône-Alpes,Drôme,26140,45.239,4.862,"Albon (26140), Auvergne-Rhône-Alpes"
8947,Aleyrac,Auvergne-Rhône-Alpes,Drôme,26770,44.499,4.946,"Aleyrac (26770), Auvergne-Rhône-Alpes"
8948,Alixan,Auvergne-Rhône-Alpes,Drôme,26300,44.982,5.017,"Alixan (26300), Auvergne-Rhône-Alpes"
8949,Allan,Auvergne-Rhône-Alpes,Drôme,26780,44.494,4.798,"Allan (26780), Auvergne-Rhône-Alpes"
8950,Allex,Auvergne-Rhône-Alpes,Drôme,26400,44.767,4.915,"Allex (26400), Auvergne-Rhône-Alpes"
8951,Ambonil,Auvergne-Rhône-Alpes,Drôme,26800,44.792,4.909,"Ambonil (26800), Auvergne-Rhône-Alpes"
8952,Ancône,Auvergne-Rhône-Alpes,Drôme,26200,44.58,4.72,"Ancône (26200), Auvergne-Rhône-Alpes"
8953,Andancette,Auvergne-Rhône-Alpes,Drôme,26140,45.246,4.812,"Andancette (26140), Auvergne-Rhône-Alpes"
8954,Anneyron,Auvergne-Rhône-Alpes,Drôme,26140,45.272,4.892,"Anneyron (26140), Auvergne-Rhône-Alpes"
8955,Aouste-sur-Sye,Auvergne-Rhône-Alpes,Drôme,26400,44.707,5.057,"Aouste-sur-Sye (26400), Auvergne-Rhône-Alpes"
8956,Arnayon,Auvergne-Rhône-Alpes,Drôme,26470,44.494,5.312,"Arnayon (26470), Auvergne-Rhône-Alpes"
8957,Arpavon,Auvergne-Rhône-Alpes,Drôme,26110,44.371,5.274,"Arpavon (26110), Auvergne-Rhône-Alpes"
8958,Arthémonay,Auvergne-Rhône-Alpes,Drôme,26260,45.141,5.061,"Arthémonay (26260), Auvergne-Rhône-Alpes"
8959,Aubenasson,Auvergne-Rhône-Alpes,Drôme,26340,44.678,5.145,"Aubenasson (26340), Auvergne-Rhône-Alpes"
8960,Aubres,Auvergne-Rhône-Alpes,Drôme,26110,44.389,5.154,"Aubres (26110), Auvergne-Rhône-Alpes"
8961,Aucelon,Auvergne-Rhône-Alpes,Drôme,26340,44.617,5.354,"Aucelon (26340), Auvergne-Rhône-Alpes"
8962,Aulan,Auvergne-Rhône-Alpes,Drôme,26570,44.23,5.422,"Aulan (26570), Auvergne-Rhône-Alpes"
8963,Aurel,Auvergne-Rhône-Alpes,Drôme,26340,44.693,5.298,"Aurel (26340), Auvergne-Rhône-Alpes"
8964,La Répara-Auriples,Auvergne-Rhône-Alpes,Drôme,26400,44.662,4.994,"La Répara-Auriples (26400), Auvergne-Rhône-Alpes"
8965,Autichamp,Auvergne-Rhône-Alpes,Drôme,26400,44.683,4.973,"Autichamp (26400), Auvergne-Rhône-Alpes"
8966,Ballons,Auvergne-Rhône-Alpes,Drôme,26560,44.252,5.644,"Ballons (26560), Auvergne-Rhône-Alpes"
8967,Barbières,Auvergne-Rhône-Alpes,Drôme,26300,44.941,5.162,"Barbières (26300), Auvergne-Rhône-Alpes"
8968,Barcelonne,Auvergne-Rhône-Alpes,Drôme,26120,44.867,5.055,"Barcelonne (26120), Auvergne-Rhône-Alpes"
8969,Barnave,Auvergne-Rhône-Alpes,Drôme,26310,44.657,5.367,"Barnave (26310), Auvergne-Rhône-Alpes"
8970,Barret-de-Lioure,Auvergne-Rhône-Alpes,Drôme,26570,44.175,5.516,"Barret-de-Lioure (26570), Auvergne-Rhône-Alpes"
8971,Barsac,Auvergne-Rhône-Alpes,Drôme,26150,44.726,5.304,"Barsac (26150), Auvergne-Rhône-Alpes"
8972,Bathernay,Auvergne-Rhône-Alpes,Drôme,26260,45.183,4.998,"Bathernay (26260), Auvergne-Rhône-Alpes"
8973,La Bâtie-des-Fonds,Auvergne-Rhône-Alpes,Drôme,26310,44.515,5.63,"La Bâtie-des-Fonds (26310), Auvergne-Rhône-Alpes"
8974,La Bâtie-Rolland,Auvergne-Rhône-Alpes,Drôme,26160,44.558,4.867,"La Bâtie-Rolland (26160), Auvergne-Rhône-Alpes"
8975,La Baume-Cornillane,Auvergne-Rhône-Alpes,Drôme,26120,44.83,5.048,"La Baume-Cornillane (26120), Auvergne-Rhône-Alpes"
8976,La Baume-de-Transit,Auvergne-Rhône-Alpes,Drôme,26790,44.328,4.869,"La Baume-de-Transit (26790), Auvergne-Rhône-Alpes"
8977,La Baume-d'Hostun,Auvergne-Rhône-Alpes,Drôme,26730,45.062,5.22,"La Baume-d'Hostun (26730), Auvergne-Rhône-Alpes"
8978,Beaufort-sur-Gervanne,Auvergne-Rhône-Alpes,Drôme,26400,44.778,5.149,"Beaufort-sur-Gervanne (26400), Auvergne-Rhône-Alpes"
8979,Beaumont-en-Diois,Auvergne-Rhône-Alpes,Drôme,26310,44.564,5.47,"Beaumont-en-Diois (26310), Auvergne-Rhône-Alpes"
8980,Beaumont-lès-Valence,Auvergne-Rhône-Alpes,Drôme,26760,44.874,4.947,"Beaumont-lès-Valence (26760), Auvergne-Rhône-Alpes"
8981,Beaumont-Monteux,Auvergne-Rhône-Alpes,Drôme,26600,45.033,4.922,"Beaumont-Monteux (26600), Auvergne-Rhône-Alpes"
8982,Beauregard-Baret,Auvergne-Rhône-Alpes,Drôme,26300,45.006,5.177,"Beauregard-Baret (26300), Auvergne-Rhône-Alpes"
8983,Beaurières,Auvergne-Rhône-Alpes,Drôme,26310,44.56,5.554,"Beaurières (26310), Auvergne-Rhône-Alpes"
8984,Beausemblant,Auvergne-Rhône-Alpes,Drôme,26240,45.212,4.841,"Beausemblant (26240), Auvergne-Rhône-Alpes"
8985,Beauvallon,Auvergne-Rhône-Alpes,Drôme,26800,44.856,4.905,"Beauvallon (26800), Auvergne-Rhône-Alpes"
8986,Beauvoisin,Auvergne-Rhône-Alpes,Drôme,26170,44.301,5.213,"Beauvoisin (26170), Auvergne-Rhône-Alpes"
8987,La Bégude-de-Mazenc,Auvergne-Rhône-Alpes,Drôme,26160,44.552,4.931,"La Bégude-de-Mazenc (26160), Auvergne-Rhône-Alpes"
8988,Bellecombe-Tarendol,Auvergne-Rhône-Alpes,Drôme,26110,44.357,5.356,"Bellecombe-Tarendol (26110), Auvergne-Rhône-Alpes"
8989,Bellegarde-en-Diois,Auvergne-Rhône-Alpes,Drôme,26470,44.537,5.434,"Bellegarde-en-Diois (26470), Auvergne-Rhône-Alpes"
8990,Bénivay-Ollon,Auvergne-Rhône-Alpes,Drôme,26170,44.311,5.188,"Bénivay-Ollon (26170), Auvergne-Rhône-Alpes"
8991,Bésayes,Auvergne-Rhône-Alpes,Drôme,26300,44.966,5.088,"Bésayes (26300), Auvergne-Rhône-Alpes"
8992,Bésignan,Auvergne-Rhône-Alpes,Drôme,26110,44.32,5.321,"Bésignan (26110), Auvergne-Rhône-Alpes"
8993,Bézaudun-sur-Bîne,Auvergne-Rhône-Alpes,Drôme,26460,44.612,5.176,"Bézaudun-sur-Bîne (26460), Auvergne-Rhône-Alpes"
8994,Bonlieu-sur-Roubion,Auvergne-Rhône-Alpes,Drôme,26160,44.588,4.868,"Bonlieu-sur-Roubion (26160), Auvergne-Rhône-Alpes"
8995,Bouchet,Auvergne-Rhône-Alpes,Drôme,26790,44.298,4.885,"Bouchet (26790), Auvergne-Rhône-Alpes"
8996,Boulc,Auvergne-Rhône-Alpes,Drôme,26410,44.638,5.584,"Boulc (26410), Auvergne-Rhône-Alpes"
8997,Bourdeaux,Auvergne-Rhône-Alpes,Drôme,26460,44.579,5.151,"Bourdeaux (26460), Auvergne-Rhône-Alpes"
8998,Bourg-de-Péage,Auvergne-Rhône-Alpes,Drôme,26300,45.017,5.051,"Bourg-de-Péage (26300), Auvergne-Rhône-Alpes"
8999,Bourg-lès-Valence,Auvergne-Rhône-Alpes,Drôme,26500,44.965,4.894,"Bourg-lès-Valence (26500), Auvergne-Rhône-Alpes"
9000,Bouvante,Auvergne-Rhône-Alpes,Drôme,26190,44.935,5.304,"Bouvante (26190), Auvergne-Rhône-Alpes"
9001,Bouvières,Auvergne-Rhône-Alpes,Drôme,26460,44.521,5.222,"Bouvières (26460), Auvergne-Rhône-Alpes"
9002,Bren,Auvergne-Rhône-Alpes,Drôme,26260,45.143,4.942,"Bren (26260), Auvergne-Rhône-Alpes"
9003,Brette,Auvergne-Rhône-Alpes,Drôme,26340,44.592,5.326,"Brette (26340), Auvergne-Rhône-Alpes"
9004,Buis-les-Baronnies,Auvergne-Rhône-Alpes,Drôme,26170,44.276,5.271,"Buis-les-Baronnies (26170), Auvergne-Rhône-Alpes"
9005,Chabeuil,Auvergne-Rhône-Alpes,Drôme,26120,44.908,5.007,"Chabeuil (26120), Auvergne-Rhône-Alpes"
9006,Chabrillan,Auvergne-Rhône-Alpes,Drôme,26400,44.714,4.961,"Chabrillan (26400), Auvergne-Rhône-Alpes"
9007,Le Chaffal,Auvergne-Rhône-Alpes,Drôme,26190,44.873,5.178,"Le Chaffal (26190), Auvergne-Rhône-Alpes"
9008,Chalancon,Auvergne-Rhône-Alpes,Drôme,26470,44.528,5.34,"Chalancon (26470), Auvergne-Rhône-Alpes"
9009,Le Chalon,Auvergne-Rhône-Alpes,Drôme,26350,45.155,5.089,"Le Chalon (26350), Auvergne-Rhône-Alpes"
9010,Chamaloc,Auvergne-Rhône-Alpes,Drôme,26150,44.812,5.386,"Chamaloc (26150), Auvergne-Rhône-Alpes"
9011,Chamaret,Auvergne-Rhône-Alpes,Drôme,26230,44.395,4.876,"Chamaret (26230), Auvergne-Rhône-Alpes"
9012,Chanos-Curson,Auvergne-Rhône-Alpes,Drôme,26600,45.057,4.918,"Chanos-Curson (26600), Auvergne-Rhône-Alpes"
9013,Chantemerle-les-Blés,Auvergne-Rhône-Alpes,Drôme,26600,45.123,4.889,"Chantemerle-les-Blés (26600), Auvergne-Rhône-Alpes"
9014,Chantemerle-lès-Grignan,Auvergne-Rhône-Alpes,Drôme,26230,44.405,4.835,"Chantemerle-lès-Grignan (26230), Auvergne-Rhône-Alpes"
9015,La Chapelle-en-Vercors,Auvergne-Rhône-Alpes,Drôme,26420,44.972,5.412,"La Chapelle-en-Vercors (26420), Auvergne-Rhône-Alpes"
9016,La Charce,Auvergne-Rhône-Alpes,Drôme,26470,44.467,5.445,"La Charce (26470), Auvergne-Rhône-Alpes"
9017,Charens,Auvergne-Rhône-Alpes,Drôme,26310,44.542,5.508,"Charens (26310), Auvergne-Rhône-Alpes"
9018,Charmes-sur-l'Herbasse,Auvergne-Rhône-Alpes,Drôme,26260,45.157,5.015,"Charmes-sur-l'Herbasse (26260), Auvergne-Rhône-Alpes"
9019,Charols,Auvergne-Rhône-Alpes,Drôme,26450,44.59,4.954,"Charols (26450), Auvergne-Rhône-Alpes"
9020,Charpey,Auvergne-Rhône-Alpes,Drôme,26300,44.943,5.08,"Charpey (26300), Auvergne-Rhône-Alpes"
9021,Chastel-Arnaud,Auvergne-Rhône-Alpes,Drôme,26340,44.659,5.209,"Chastel-Arnaud (26340), Auvergne-Rhône-Alpes"
9022,Châteaudouble,Auvergne-Rhône-Alpes,Drôme,26120,44.9,5.09,"Châteaudouble (26120), Auvergne-Rhône-Alpes"
9023,Châteauneuf-de-Bordette,Auvergne-Rhône-Alpes,Drôme,26110,44.337,5.171,"Châteauneuf-de-Bordette (26110), Auvergne-Rhône-Alpes"
9024,Châteauneuf-de-Galaure,Auvergne-Rhône-Alpes,Drôme,26330,45.236,4.959,"Châteauneuf-de-Galaure (26330), Auvergne-Rhône-Alpes"
9025,Châteauneuf-sur-Isère,Auvergne-Rhône-Alpes,Drôme,26300,45.009,4.953,"Châteauneuf-sur-Isère (26300), Auvergne-Rhône-Alpes"
9026,Châteauneuf-du-Rhône,Auvergne-Rhône-Alpes,Drôme,26780,44.504,4.725,"Châteauneuf-du-Rhône (26780), Auvergne-Rhône-Alpes"
9027,Châtillon-en-Diois,Auvergne-Rhône-Alpes,Drôme,26410,44.702,5.486,"Châtillon-en-Diois (26410), Auvergne-Rhône-Alpes"
9028,Châtillon-Saint-Jean,Auvergne-Rhône-Alpes,Drôme,26750,45.096,5.134,"Châtillon-Saint-Jean (26750), Auvergne-Rhône-Alpes"
9029,Chatuzange-le-Goubet,Auvergne-Rhône-Alpes,Drôme,26300,45.011,5.097,"Chatuzange-le-Goubet (26300), Auvergne-Rhône-Alpes"
9030,Chaudebonne,Auvergne-Rhône-Alpes,Drôme,26110,44.475,5.239,"Chaudebonne (26110), Auvergne-Rhône-Alpes"
9031,La Chaudière,Auvergne-Rhône-Alpes,Drôme,26340,44.631,5.225,"La Chaudière (26340), Auvergne-Rhône-Alpes"
9032,Chauvac-Laux-Montaux,Auvergne-Rhône-Alpes,Drôme,26510,44.322,5.535,"Chauvac-Laux-Montaux (26510), Auvergne-Rhône-Alpes"
9033,Chavannes,Auvergne-Rhône-Alpes,Drôme,26260,45.104,4.924,"Chavannes (26260), Auvergne-Rhône-Alpes"
9034,Clansayes,Auvergne-Rhône-Alpes,Drôme,26130,44.378,4.806,"Clansayes (26130), Auvergne-Rhône-Alpes"
9035,Claveyson,Auvergne-Rhône-Alpes,Drôme,26240,45.173,4.934,"Claveyson (26240), Auvergne-Rhône-Alpes"
9036,Cléon-d'Andran,Auvergne-Rhône-Alpes,Drôme,26450,44.61,4.932,"Cléon-d'Andran (26450), Auvergne-Rhône-Alpes"
9037,Clérieux,Auvergne-Rhône-Alpes,Drôme,26260,45.08,4.955,"Clérieux (26260), Auvergne-Rhône-Alpes"
9038,Cliousclat,Auvergne-Rhône-Alpes,Drôme,26270,44.722,4.833,"Cliousclat (26270), Auvergne-Rhône-Alpes"
9039,Cobonne,Auvergne-Rhône-Alpes,Drôme,26400,44.756,5.072,"Cobonne (26400), Auvergne-Rhône-Alpes"
9040,Colonzelle,Auvergne-Rhône-Alpes,Drôme,26230,44.385,4.9,"Colonzelle (26230), Auvergne-Rhône-Alpes"
9041,Combovin,Auvergne-Rhône-Alpes,Drôme,26120,44.858,5.108,"Combovin (26120), Auvergne-Rhône-Alpes"
9042,Comps,Auvergne-Rhône-Alpes,Drôme,26220,44.552,5.105,"Comps (26220), Auvergne-Rhône-Alpes"
9043,Condillac,Auvergne-Rhône-Alpes,Drôme,26740,44.639,4.828,"Condillac (26740), Auvergne-Rhône-Alpes"
9044,Condorcet,Auvergne-Rhône-Alpes,Drôme,26110,44.415,5.179,"Condorcet (26110), Auvergne-Rhône-Alpes"
9045,Cornillac,Auvergne-Rhône-Alpes,Drôme,26510,44.44,5.404,"Cornillac (26510), Auvergne-Rhône-Alpes"
9046,Cornillon-sur-l'Oule,Auvergne-Rhône-Alpes,Drôme,26510,44.455,5.36,"Cornillon-sur-l'Oule (26510), Auvergne-Rhône-Alpes"
9047,La Coucourde,Auvergne-Rhône-Alpes,Drôme,26740,44.642,4.786,"La Coucourde (26740), Auvergne-Rhône-Alpes"
9048,Crépol,Auvergne-Rhône-Alpes,Drôme,26350,45.175,5.069,"Crépol (26350), Auvergne-Rhône-Alpes"
9049,Crest,Auvergne-Rhône-Alpes,Drôme,26400,44.734,5.022,"Crest (26400), Auvergne-Rhône-Alpes"
9050,Crozes-Hermitage,Auvergne-Rhône-Alpes,Drôme,26600,45.098,4.844,"Crozes-Hermitage (26600), Auvergne-Rhône-Alpes"
9051,Crupies,Auvergne-Rhône-Alpes,Drôme,26460,44.554,5.181,"Crupies (26460), Auvergne-Rhône-Alpes"
9052,Curnier,Auvergne-Rhône-Alpes,Drôme,26110,44.388,5.234,"Curnier (26110), Auvergne-Rhône-Alpes"
9053,Die,Auvergne-Rhône-Alpes,Drôme,26150,44.748,5.376,"Die (26150), Auvergne-Rhône-Alpes"
9054,Dieulefit,Auvergne-Rhône-Alpes,Drôme,26220,44.531,5.065,"Dieulefit (26220), Auvergne-Rhône-Alpes"
9055,Divajeu,Auvergne-Rhône-Alpes,Drôme,26400,44.699,5.01,"Divajeu (26400), Auvergne-Rhône-Alpes"
9056,Donzère,Auvergne-Rhône-Alpes,Drôme,26290,44.432,4.709,"Donzère (26290), Auvergne-Rhône-Alpes"
9057,Échevis,Auvergne-Rhône-Alpes,Drôme,26190,45.024,5.386,"Échevis (26190), Auvergne-Rhône-Alpes"
9058,Épinouze,Auvergne-Rhône-Alpes,Drôme,26210,45.312,4.938,"Épinouze (26210), Auvergne-Rhône-Alpes"
9059,Érôme,Auvergne-Rhône-Alpes,Drôme,26600,45.127,4.836,"Érôme (26600), Auvergne-Rhône-Alpes"
9060,Espeluche,Auvergne-Rhône-Alpes,Drôme,26780,44.521,4.822,"Espeluche (26780), Auvergne-Rhône-Alpes"
9061,Espenel,Auvergne-Rhône-Alpes,Drôme,26340,44.685,5.235,"Espenel (26340), Auvergne-Rhône-Alpes"
9062,Establet,Auvergne-Rhône-Alpes,Drôme,26470,44.502,5.44,"Establet (26470), Auvergne-Rhône-Alpes"
9063,Étoile-sur-Rhône,Auvergne-Rhône-Alpes,Drôme,26800,44.831,4.875,"Étoile-sur-Rhône (26800), Auvergne-Rhône-Alpes"
9064,Eurre,Auvergne-Rhône-Alpes,Drôme,26400,44.758,4.976,"Eurre (26400), Auvergne-Rhône-Alpes"
9065,Eygalayes,Auvergne-Rhône-Alpes,Drôme,26560,44.221,5.594,"Eygalayes (26560), Auvergne-Rhône-Alpes"
9066,Eygaliers,Auvergne-Rhône-Alpes,Drôme,26170,44.24,5.285,"Eygaliers (26170), Auvergne-Rhône-Alpes"
9067,Eygluy-Escoulin,Auvergne-Rhône-Alpes,Drôme,26400,44.798,5.21,"Eygluy-Escoulin (26400), Auvergne-Rhône-Alpes"
9068,Eymeux,Auvergne-Rhône-Alpes,Drôme,26730,45.066,5.182,"Eymeux (26730), Auvergne-Rhône-Alpes"
9069,Eyroles,Auvergne-Rhône-Alpes,Drôme,26110,44.417,5.241,"Eyroles (26110), Auvergne-Rhône-Alpes"
9070,Eyzahut,Auvergne-Rhône-Alpes,Drôme,26160,44.561,5.004,"Eyzahut (26160), Auvergne-Rhône-Alpes"
9071,Fay-le-Clos,Auvergne-Rhône-Alpes,Drôme,26240,45.22,4.908,"Fay-le-Clos (26240), Auvergne-Rhône-Alpes"
9072,Félines-sur-Rimandoule,Auvergne-Rhône-Alpes,Drôme,26160,44.586,5.055,"Félines-sur-Rimandoule (26160), Auvergne-Rhône-Alpes"
9073,Ferrassières,Auvergne-Rhône-Alpes,Drôme,26570,44.139,5.49,"Ferrassières (26570), Auvergne-Rhône-Alpes"
9074,Val-Maravel,Auvergne-Rhône-Alpes,Drôme,26310,44.592,5.587,"Val-Maravel (26310), Auvergne-Rhône-Alpes"
9075,Francillon-sur-Roubion,Auvergne-Rhône-Alpes,Drôme,26400,44.617,5.072,"Francillon-sur-Roubion (26400), Auvergne-Rhône-Alpes"
9076,La Garde-Adhémar,Auvergne-Rhône-Alpes,Drôme,26700,44.391,4.75,"La Garde-Adhémar (26700), Auvergne-Rhône-Alpes"
9077,Génissieux,Auvergne-Rhône-Alpes,Drôme,26750,45.082,5.09,"Génissieux (26750), Auvergne-Rhône-Alpes"
9078,Geyssans,Auvergne-Rhône-Alpes,Drôme,26750,45.124,5.092,"Geyssans (26750), Auvergne-Rhône-Alpes"
9079,Gigors-et-Lozeron,Auvergne-Rhône-Alpes,Drôme,26400,44.811,5.114,"Gigors-et-Lozeron (26400), Auvergne-Rhône-Alpes"
9080,Glandage,Auvergne-Rhône-Alpes,Drôme,26410,44.699,5.613,"Glandage (26410), Auvergne-Rhône-Alpes"
9081,Le Grand-Serre,Auvergne-Rhône-Alpes,Drôme,26530,45.263,5.102,"Le Grand-Serre (26530), Auvergne-Rhône-Alpes"
9082,Grane,Auvergne-Rhône-Alpes,Drôme,26400,44.721,4.897,"Grane (26400), Auvergne-Rhône-Alpes"
9083,Les Granges-Gontardes,Auvergne-Rhône-Alpes,Drôme,26290,44.428,4.757,"Les Granges-Gontardes (26290), Auvergne-Rhône-Alpes"
9084,Grignan,Auvergne-Rhône-Alpes,Drôme,26230,44.437,4.902,"Grignan (26230), Auvergne-Rhône-Alpes"
9085,Gumiane,Auvergne-Rhône-Alpes,Drôme,26470,44.507,5.268,"Gumiane (26470), Auvergne-Rhône-Alpes"
9086,Hauterives,Auvergne-Rhône-Alpes,Drôme,26390,45.253,5.039,"Hauterives (26390), Auvergne-Rhône-Alpes"
9087,Hostun,Auvergne-Rhône-Alpes,Drôme,26730,45.032,5.203,"Hostun (26730), Auvergne-Rhône-Alpes"
9088,Izon-la-Bruisse,Auvergne-Rhône-Alpes,Drôme,26560,44.263,5.602,"Izon-la-Bruisse (26560), Auvergne-Rhône-Alpes"
9089,Jonchères,Auvergne-Rhône-Alpes,Drôme,26310,44.565,5.402,"Jonchères (26310), Auvergne-Rhône-Alpes"
9090,Laborel,Auvergne-Rhône-Alpes,Drôme,26560,44.288,5.592,"Laborel (26560), Auvergne-Rhône-Alpes"
9091,Lachau,Auvergne-Rhône-Alpes,Drôme,26560,44.216,5.652,"Lachau (26560), Auvergne-Rhône-Alpes"
9092,Lapeyrouse-Mornay,Auvergne-Rhône-Alpes,Drôme,26210,45.328,4.989,"Lapeyrouse-Mornay (26210), Auvergne-Rhône-Alpes"
9093,Larnage,Auvergne-Rhône-Alpes,Drôme,26600,45.099,4.863,"Larnage (26600), Auvergne-Rhône-Alpes"
9094,La Laupie,Auvergne-Rhône-Alpes,Drôme,26740,44.608,4.851,"La Laupie (26740), Auvergne-Rhône-Alpes"
9095,Laval-d'Aix,Auvergne-Rhône-Alpes,Drôme,26150,44.736,5.452,"Laval-d'Aix (26150), Auvergne-Rhône-Alpes"
9096,Laveyron,Auvergne-Rhône-Alpes,Drôme,26240,45.204,4.82,"Laveyron (26240), Auvergne-Rhône-Alpes"
9097,Lemps,Auvergne-Rhône-Alpes,Drôme,26510,44.353,5.413,"Lemps (26510), Auvergne-Rhône-Alpes"
9098,Lens-Lestang,Auvergne-Rhône-Alpes,Drôme,26210,45.296,5.041,"Lens-Lestang (26210), Auvergne-Rhône-Alpes"
9099,Léoncel,Auvergne-Rhône-Alpes,Drôme,26190,44.924,5.205,"Léoncel (26190), Auvergne-Rhône-Alpes"
9100,Lesches-en-Diois,Auvergne-Rhône-Alpes,Drôme,26310,44.594,5.517,"Lesches-en-Diois (26310), Auvergne-Rhône-Alpes"
9101,Livron-sur-Drôme,Auvergne-Rhône-Alpes,Drôme,26250,44.787,4.839,"Livron-sur-Drôme (26250), Auvergne-Rhône-Alpes"
9102,Loriol-sur-Drôme,Auvergne-Rhône-Alpes,Drôme,26270,44.75,4.805,"Loriol-sur-Drôme (26270), Auvergne-Rhône-Alpes"
9103,Luc-en-Diois,Auvergne-Rhône-Alpes,Drôme,26310,44.611,5.459,"Luc-en-Diois (26310), Auvergne-Rhône-Alpes"
9104,Lus-la-Croix-Haute,Auvergne-Rhône-Alpes,Drôme,26620,44.683,5.723,"Lus-la-Croix-Haute (26620), Auvergne-Rhône-Alpes"
9105,Malataverne,Auvergne-Rhône-Alpes,Drôme,26780,44.474,4.745,"Malataverne (26780), Auvergne-Rhône-Alpes"
9106,Malissard,Auvergne-Rhône-Alpes,Drôme,26120,44.901,4.959,"Malissard (26120), Auvergne-Rhône-Alpes"
9107,Manas,Auvergne-Rhône-Alpes,Drôme,26160,44.602,4.98,"Manas (26160), Auvergne-Rhône-Alpes"
9108,Manthes,Auvergne-Rhône-Alpes,Drôme,26210,45.308,5.003,"Manthes (26210), Auvergne-Rhône-Alpes"
9109,Marches,Auvergne-Rhône-Alpes,Drôme,26300,44.979,5.115,"Marches (26300), Auvergne-Rhône-Alpes"
9110,Margès,Auvergne-Rhône-Alpes,Drôme,26260,45.132,5.031,"Margès (26260), Auvergne-Rhône-Alpes"
9111,Marignac-en-Diois,Auvergne-Rhône-Alpes,Drôme,26150,44.81,5.334,"Marignac-en-Diois (26150), Auvergne-Rhône-Alpes"
9112,Marsanne,Auvergne-Rhône-Alpes,Drôme,26740,44.64,4.883,"Marsanne (26740), Auvergne-Rhône-Alpes"
9113,Marsaz,Auvergne-Rhône-Alpes,Drôme,26260,45.121,4.932,"Marsaz (26260), Auvergne-Rhône-Alpes"
9114,Menglon,Auvergne-Rhône-Alpes,Drôme,26410,44.658,5.473,"Menglon (26410), Auvergne-Rhône-Alpes"
9115,Mercurol-Veaunes,Auvergne-Rhône-Alpes,Drôme,26600,45.072,4.889,"Mercurol-Veaunes (26600), Auvergne-Rhône-Alpes"
9116,Mérindol-les-Oliviers,Auvergne-Rhône-Alpes,Drôme,26170,44.272,5.168,"Mérindol-les-Oliviers (26170), Auvergne-Rhône-Alpes"
9117,Mévouillon,Auvergne-Rhône-Alpes,Drôme,26560,44.235,5.479,"Mévouillon (26560), Auvergne-Rhône-Alpes"
9118,Mirabel-aux-Baronnies,Auvergne-Rhône-Alpes,Drôme,26110,44.315,5.102,"Mirabel-aux-Baronnies (26110), Auvergne-Rhône-Alpes"
9119,Mirabel-et-Blacons,Auvergne-Rhône-Alpes,Drôme,26400,44.714,5.123,"Mirabel-et-Blacons (26400), Auvergne-Rhône-Alpes"
9120,Mirmande,Auvergne-Rhône-Alpes,Drôme,26270,44.689,4.845,"Mirmande (26270), Auvergne-Rhône-Alpes"
9121,Miscon,Auvergne-Rhône-Alpes,Drôme,26310,44.624,5.514,"Miscon (26310), Auvergne-Rhône-Alpes"
9122,Mollans-sur-Ouvèze,Auvergne-Rhône-Alpes,Drôme,26170,44.234,5.195,"Mollans-sur-Ouvèze (26170), Auvergne-Rhône-Alpes"
9123,Montauban-sur-l'Ouvèze,Auvergne-Rhône-Alpes,Drôme,26170,44.277,5.518,"Montauban-sur-l'Ouvèze (26170), Auvergne-Rhône-Alpes"
9124,Montaulieu,Auvergne-Rhône-Alpes,Drôme,26110,44.358,5.218,"Montaulieu (26110), Auvergne-Rhône-Alpes"
9125,Montboucher-sur-Jabron,Auvergne-Rhône-Alpes,Drôme,26740,44.554,4.815,"Montboucher-sur-Jabron (26740), Auvergne-Rhône-Alpes"
9126,Montbrison-sur-Lez,Auvergne-Rhône-Alpes,Drôme,26770,44.434,5.023,"Montbrison-sur-Lez (26770), Auvergne-Rhône-Alpes"
9127,Montbrun-les-Bains,Auvergne-Rhône-Alpes,Drôme,26570,44.188,5.434,"Montbrun-les-Bains (26570), Auvergne-Rhône-Alpes"
9128,Montchenu,Auvergne-Rhône-Alpes,Drôme,26350,45.192,5.04,"Montchenu (26350), Auvergne-Rhône-Alpes"
9129,Montclar-sur-Gervanne,Auvergne-Rhône-Alpes,Drôme,26400,44.748,5.158,"Montclar-sur-Gervanne (26400), Auvergne-Rhône-Alpes"
9130,Montéléger,Auvergne-Rhône-Alpes,Drôme,26760,44.856,4.928,"Montéléger (26760), Auvergne-Rhône-Alpes"
9131,Montélier,Auvergne-Rhône-Alpes,Drôme,26120,44.943,5.021,"Montélier (26120), Auvergne-Rhône-Alpes"
9132,Montélimar,Auvergne-Rhône-Alpes,Drôme,26200,44.554,4.749,"Montélimar (26200), Auvergne-Rhône-Alpes"
9133,Montferrand-la-Fare,Auvergne-Rhône-Alpes,Drôme,26510,44.342,5.45,"Montferrand-la-Fare (26510), Auvergne-Rhône-Alpes"
9134,Montfroc,Auvergne-Rhône-Alpes,Drôme,26560,44.171,5.645,"Montfroc (26560), Auvergne-Rhône-Alpes"
9135,Montguers,Auvergne-Rhône-Alpes,Drôme,26170,44.302,5.472,"Montguers (26170), Auvergne-Rhône-Alpes"
9136,Montjoux,Auvergne-Rhône-Alpes,Drôme,26220,44.489,5.103,"Montjoux (26220), Auvergne-Rhône-Alpes"
9137,Montjoyer,Auvergne-Rhône-Alpes,Drôme,26230,44.483,4.878,"Montjoyer (26230), Auvergne-Rhône-Alpes"
9138,Montlaur-en-Diois,Auvergne-Rhône-Alpes,Drôme,26310,44.627,5.416,"Montlaur-en-Diois (26310), Auvergne-Rhône-Alpes"
9139,Montmaur-en-Diois,Auvergne-Rhône-Alpes,Drôme,26150,44.678,5.365,"Montmaur-en-Diois (26150), Auvergne-Rhône-Alpes"
9140,Montmeyran,Auvergne-Rhône-Alpes,Drôme,26120,44.836,4.984,"Montmeyran (26120), Auvergne-Rhône-Alpes"
9141,Montmiral,Auvergne-Rhône-Alpes,Drôme,26750,45.154,5.16,"Montmiral (26750), Auvergne-Rhône-Alpes"
9142,Montoison,Auvergne-Rhône-Alpes,Drôme,26800,44.798,4.93,"Montoison (26800), Auvergne-Rhône-Alpes"
9143,Montréal-les-Sources,Auvergne-Rhône-Alpes,Drôme,26510,44.401,5.307,"Montréal-les-Sources (26510), Auvergne-Rhône-Alpes"
9144,Valherbasse,Auvergne-Rhône-Alpes,Drôme,26350,45.226,5.143,"Valherbasse (26350), Auvergne-Rhône-Alpes"
9145,Montségur-sur-Lauzon,Auvergne-Rhône-Alpes,Drôme,26130,44.368,4.857,"Montségur-sur-Lauzon (26130), Auvergne-Rhône-Alpes"
9146,Montvendre,Auvergne-Rhône-Alpes,Drôme,26120,44.866,5.012,"Montvendre (26120), Auvergne-Rhône-Alpes"
9147,Moras-en-Valloire,Auvergne-Rhône-Alpes,Drôme,26210,45.285,5.0,"Moras-en-Valloire (26210), Auvergne-Rhône-Alpes"
9148,Mornans,Auvergne-Rhône-Alpes,Drôme,26460,44.621,5.133,"Mornans (26460), Auvergne-Rhône-Alpes"
9149,La Motte-Chalancon,Auvergne-Rhône-Alpes,Drôme,26470,44.495,5.385,"La Motte-Chalancon (26470), Auvergne-Rhône-Alpes"
9150,Saint-Jean-de-Galaure,Auvergne-Rhône-Alpes,Drôme,26240,45.199,4.901,"Saint-Jean-de-Galaure (26240), Auvergne-Rhône-Alpes"
9151,La Motte-Fanjas,Auvergne-Rhône-Alpes,Drôme,26190,45.045,5.271,"La Motte-Fanjas (26190), Auvergne-Rhône-Alpes"
9152,Mours-Saint-Eusèbe,Auvergne-Rhône-Alpes,Drôme,26540,45.071,5.059,"Mours-Saint-Eusèbe (26540), Auvergne-Rhône-Alpes"
9153,Nyons,Auvergne-Rhône-Alpes,Drôme,26110,44.356,5.129,"Nyons (26110), Auvergne-Rhône-Alpes"
9154,Omblèze,Auvergne-Rhône-Alpes,Drôme,26400,44.864,5.231,"Omblèze (26400), Auvergne-Rhône-Alpes"
9155,Orcinas,Auvergne-Rhône-Alpes,Drôme,26220,44.548,5.138,"Orcinas (26220), Auvergne-Rhône-Alpes"
9156,Oriol-en-Royans,Auvergne-Rhône-Alpes,Drôme,26190,44.99,5.251,"Oriol-en-Royans (26190), Auvergne-Rhône-Alpes"
9157,Ourches,Auvergne-Rhône-Alpes,Drôme,26120,44.806,5.047,"Ourches (26120), Auvergne-Rhône-Alpes"
9158,Parnans,Auvergne-Rhône-Alpes,Drôme,26750,45.113,5.159,"Parnans (26750), Auvergne-Rhône-Alpes"
9159,Le Pègue,Auvergne-Rhône-Alpes,Drôme,26770,44.444,5.069,"Le Pègue (26770), Auvergne-Rhône-Alpes"
9160,Pelonne,Auvergne-Rhône-Alpes,Drôme,26510,44.382,5.381,"Pelonne (26510), Auvergne-Rhône-Alpes"
9161,Pennes-le-Sec,Auvergne-Rhône-Alpes,Drôme,26340,44.637,5.32,"Pennes-le-Sec (26340), Auvergne-Rhône-Alpes"
9162,La Penne-sur-l'Ouvèze,Auvergne-Rhône-Alpes,Drôme,26170,44.25,5.232,"La Penne-sur-l'Ouvèze (26170), Auvergne-Rhône-Alpes"
9163,Peyrins,Auvergne-Rhône-Alpes,Drôme,26380,45.1,5.046,"Peyrins (26380), Auvergne-Rhône-Alpes"
9164,Peyrus,Auvergne-Rhône-Alpes,Drôme,26120,44.907,5.122,"Peyrus (26120), Auvergne-Rhône-Alpes"
9165,Piégon,Auvergne-Rhône-Alpes,Drôme,26110,44.299,5.124,"Piégon (26110), Auvergne-Rhône-Alpes"
9166,Piégros-la-Clastre,Auvergne-Rhône-Alpes,Drôme,26400,44.685,5.098,"Piégros-la-Clastre (26400), Auvergne-Rhône-Alpes"
9167,Pierrelatte,Auvergne-Rhône-Alpes,Drôme,26700,44.361,4.687,"Pierrelatte (26700), Auvergne-Rhône-Alpes"
9168,Pierrelongue,Auvergne-Rhône-Alpes,Drôme,26170,44.25,5.214,"Pierrelongue (26170), Auvergne-Rhône-Alpes"
9169,Les Pilles,Auvergne-Rhône-Alpes,Drôme,26110,44.378,5.199,"Les Pilles (26110), Auvergne-Rhône-Alpes"
9170,Plaisians,Auvergne-Rhône-Alpes,Drôme,26170,44.225,5.337,"Plaisians (26170), Auvergne-Rhône-Alpes"
9171,Plan-de-Baix,Auvergne-Rhône-Alpes,Drôme,26400,44.825,5.166,"Plan-de-Baix (26400), Auvergne-Rhône-Alpes"
9172,Le Poët-Célard,Auvergne-Rhône-Alpes,Drôme,26460,44.598,5.101,"Le Poët-Célard (26460), Auvergne-Rhône-Alpes"
9173,Le Poët-en-Percip,Auvergne-Rhône-Alpes,Drôme,26170,44.248,5.394,"Le Poët-en-Percip (26170), Auvergne-Rhône-Alpes"
9174,Le Poët-Laval,Auvergne-Rhône-Alpes,Drôme,26160,44.526,5.002,"Le Poët-Laval (26160), Auvergne-Rhône-Alpes"
9175,Le Poët-Sigillat,Auvergne-Rhône-Alpes,Drôme,26110,44.363,5.319,"Le Poët-Sigillat (26110), Auvergne-Rhône-Alpes"
9176,Pommerol,Auvergne-Rhône-Alpes,Drôme,26470,44.437,5.465,"Pommerol (26470), Auvergne-Rhône-Alpes"
9177,Ponet-et-Saint-Auban,Auvergne-Rhône-Alpes,Drôme,26150,44.779,5.314,"Ponet-et-Saint-Auban (26150), Auvergne-Rhône-Alpes"
9178,Ponsas,Auvergne-Rhône-Alpes,Drôme,26240,45.157,4.842,"Ponsas (26240), Auvergne-Rhône-Alpes"
9179,Pontaix,Auvergne-Rhône-Alpes,Drôme,26150,44.753,5.257,"Pontaix (26150), Auvergne-Rhône-Alpes"
9180,Pont-de-Barret,Auvergne-Rhône-Alpes,Drôme,26160,44.594,5.004,"Pont-de-Barret (26160), Auvergne-Rhône-Alpes"
9181,Pont-de-l'Isère,Auvergne-Rhône-Alpes,Drôme,26600,45.015,4.882,"Pont-de-l'Isère (26600), Auvergne-Rhône-Alpes"
9182,Portes-en-Valdaine,Auvergne-Rhône-Alpes,Drôme,26160,44.522,4.914,"Portes-en-Valdaine (26160), Auvergne-Rhône-Alpes"
9183,Portes-lès-Valence,Auvergne-Rhône-Alpes,Drôme,26800,44.876,4.884,"Portes-lès-Valence (26800), Auvergne-Rhône-Alpes"
9184,Poyols,Auvergne-Rhône-Alpes,Drôme,26310,44.598,5.418,"Poyols (26310), Auvergne-Rhône-Alpes"
9185,Pradelle,Auvergne-Rhône-Alpes,Drôme,26340,44.621,5.281,"Pradelle (26340), Auvergne-Rhône-Alpes"
9186,Les Prés,Auvergne-Rhône-Alpes,Drôme,26310,44.534,5.576,"Les Prés (26310), Auvergne-Rhône-Alpes"
9187,Propiac,Auvergne-Rhône-Alpes,Drôme,26170,44.277,5.209,"Propiac (26170), Auvergne-Rhône-Alpes"
9188,Puygiron,Auvergne-Rhône-Alpes,Drôme,26160,44.54,4.853,"Puygiron (26160), Auvergne-Rhône-Alpes"
9189,Puy-Saint-Martin,Auvergne-Rhône-Alpes,Drôme,26450,44.624,4.972,"Puy-Saint-Martin (26450), Auvergne-Rhône-Alpes"
9190,Ratières,Auvergne-Rhône-Alpes,Drôme,26330,45.175,4.971,"Ratières (26330), Auvergne-Rhône-Alpes"
9191,Réauville,Auvergne-Rhône-Alpes,Drôme,26230,44.452,4.839,"Réauville (26230), Auvergne-Rhône-Alpes"
9192,Recoubeau-Jansac,Auvergne-Rhône-Alpes,Drôme,26310,44.652,5.404,"Recoubeau-Jansac (26310), Auvergne-Rhône-Alpes"
9193,Reilhanette,Auvergne-Rhône-Alpes,Drôme,26570,44.171,5.405,"Reilhanette (26570), Auvergne-Rhône-Alpes"
9194,Rémuzat,Auvergne-Rhône-Alpes,Drôme,26510,44.404,5.356,"Rémuzat (26510), Auvergne-Rhône-Alpes"
9195,Rimon-et-Savel,Auvergne-Rhône-Alpes,Drôme,26340,44.663,5.313,"Rimon-et-Savel (26340), Auvergne-Rhône-Alpes"
9196,Rioms,Auvergne-Rhône-Alpes,Drôme,26170,44.27,5.461,"Rioms (26170), Auvergne-Rhône-Alpes"
9197,Rochebaudin,Auvergne-Rhône-Alpes,Drôme,26160,44.575,5.031,"Rochebaudin (26160), Auvergne-Rhône-Alpes"
9198,Rochebrune,Auvergne-Rhône-Alpes,Drôme,26110,44.326,5.237,"Rochebrune (26110), Auvergne-Rhône-Alpes"
9199,Rochechinard,Auvergne-Rhône-Alpes,Drôme,26190,45.027,5.243,"Rochechinard (26190), Auvergne-Rhône-Alpes"
9200,La Roche-de-Glun,Auvergne-Rhône-Alpes,Drôme,26600,45.019,4.857,"La Roche-de-Glun (26600), Auvergne-Rhône-Alpes"
9201,Rochefort-en-Valdaine,Auvergne-Rhône-Alpes,Drôme,26160,44.512,4.858,"Rochefort-en-Valdaine (26160), Auvergne-Rhône-Alpes"
9202,Rochefort-Samson,Auvergne-Rhône-Alpes,Drôme,26300,44.975,5.166,"Rochefort-Samson (26300), Auvergne-Rhône-Alpes"
9203,Rochefourchat,Auvergne-Rhône-Alpes,Drôme,26340,44.605,5.242,"Rochefourchat (26340), Auvergne-Rhône-Alpes"
9204,Rochegude,Auvergne-Rhône-Alpes,Drôme,26790,44.256,4.837,"Rochegude (26790), Auvergne-Rhône-Alpes"
9205,Roche-Saint-Secret-Béconne,Auvergne-Rhône-Alpes,Drôme,26770,44.48,5.043,"Roche-Saint-Secret-Béconne (26770), Auvergne-Rhône-Alpes"
9206,La Roche-sur-Grane,Auvergne-Rhône-Alpes,Drôme,26400,44.675,4.94,"La Roche-sur-Grane (26400), Auvergne-Rhône-Alpes"
9207,La Roche-sur-le-Buis,Auvergne-Rhône-Alpes,Drôme,26170,44.263,5.341,"La Roche-sur-le-Buis (26170), Auvergne-Rhône-Alpes"
9208,La Rochette-du-Buis,Auvergne-Rhône-Alpes,Drôme,26170,44.261,5.422,"La Rochette-du-Buis (26170), Auvergne-Rhône-Alpes"
9209,Romans-sur-Isère,Auvergne-Rhône-Alpes,Drôme,26100,45.055,5.038,"Romans-sur-Isère (26100), Auvergne-Rhône-Alpes"
9210,Romeyer,Auvergne-Rhône-Alpes,Drôme,26150,44.792,5.437,"Romeyer (26150), Auvergne-Rhône-Alpes"
9211,Rottier,Auvergne-Rhône-Alpes,Drôme,26470,44.478,5.417,"Rottier (26470), Auvergne-Rhône-Alpes"
9212,Roussas,Auvergne-Rhône-Alpes,Drôme,26230,44.443,4.787,"Roussas (26230), Auvergne-Rhône-Alpes"
9213,Rousset-les-Vignes,Auvergne-Rhône-Alpes,Drôme,26770,44.423,5.067,"Rousset-les-Vignes (26770), Auvergne-Rhône-Alpes"
9214,Roussieux,Auvergne-Rhône-Alpes,Drôme,26510,44.332,5.479,"Roussieux (26510), Auvergne-Rhône-Alpes"
9215,Roynac,Auvergne-Rhône-Alpes,Drôme,26450,44.648,4.934,"Roynac (26450), Auvergne-Rhône-Alpes"
9216,Sahune,Auvergne-Rhône-Alpes,Drôme,26510,44.406,5.272,"Sahune (26510), Auvergne-Rhône-Alpes"
9217,Saillans,Auvergne-Rhône-Alpes,Drôme,26340,44.695,5.188,"Saillans (26340), Auvergne-Rhône-Alpes"
9218,Saint-Agnan-en-Vercors,Auvergne-Rhône-Alpes,Drôme,26420,44.897,5.442,"Saint-Agnan-en-Vercors (26420), Auvergne-Rhône-Alpes"
9219,Saint-Andéol,Auvergne-Rhône-Alpes,Drôme,26150,44.808,5.263,"Saint-Andéol (26150), Auvergne-Rhône-Alpes"
9220,Saint-Auban-sur-l'Ouvèze,Auvergne-Rhône-Alpes,Drôme,26170,44.297,5.43,"Saint-Auban-sur-l'Ouvèze (26170), Auvergne-Rhône-Alpes"
9221,Saint-Avit,Auvergne-Rhône-Alpes,Drôme,26330,45.199,4.965,"Saint-Avit (26330), Auvergne-Rhône-Alpes"
9222,Saint-Bardoux,Auvergne-Rhône-Alpes,Drôme,26260,45.083,4.984,"Saint-Bardoux (26260), Auvergne-Rhône-Alpes"
9223,Saint-Barthélemy-de-Vals,Auvergne-Rhône-Alpes,Drôme,26240,45.162,4.876,"Saint-Barthélemy-de-Vals (26240), Auvergne-Rhône-Alpes"
9224,Saint-Benoit-en-Diois,Auvergne-Rhône-Alpes,Drôme,26340,44.655,5.265,"Saint-Benoit-en-Diois (26340), Auvergne-Rhône-Alpes"
9225,Saint-Christophe-et-le-Laris,Auvergne-Rhône-Alpes,Drôme,26350,45.217,5.071,"Saint-Christophe-et-le-Laris (26350), Auvergne-Rhône-Alpes"
9226,Sainte-Croix,Auvergne-Rhône-Alpes,Drôme,26150,44.772,5.287,"Sainte-Croix (26150), Auvergne-Rhône-Alpes"
9227,Saint-Dizier-en-Diois,Auvergne-Rhône-Alpes,Drôme,26310,44.511,5.487,"Saint-Dizier-en-Diois (26310), Auvergne-Rhône-Alpes"
9228,Saint-Donat-sur-l'Herbasse,Auvergne-Rhône-Alpes,Drôme,26260,45.126,4.985,"Saint-Donat-sur-l'Herbasse (26260), Auvergne-Rhône-Alpes"
9229,Sainte-Eulalie-en-Royans,Auvergne-Rhône-Alpes,Drôme,26190,45.045,5.342,"Sainte-Eulalie-en-Royans (26190), Auvergne-Rhône-Alpes"
9230,Sainte-Euphémie-sur-Ouvèze,Auvergne-Rhône-Alpes,Drôme,26170,44.301,5.391,"Sainte-Euphémie-sur-Ouvèze (26170), Auvergne-Rhône-Alpes"
9231,Saint-Ferréol-Trente-Pas,Auvergne-Rhône-Alpes,Drôme,26110,44.442,5.224,"Saint-Ferréol-Trente-Pas (26110), Auvergne-Rhône-Alpes"
9232,Saint-Gervais-sur-Roubion,Auvergne-Rhône-Alpes,Drôme,26160,44.584,4.898,"Saint-Gervais-sur-Roubion (26160), Auvergne-Rhône-Alpes"
9233,Sainte-Jalle,Auvergne-Rhône-Alpes,Drôme,26110,44.334,5.279,"Sainte-Jalle (26110), Auvergne-Rhône-Alpes"
9234,Saint-Jean-en-Royans,Auvergne-Rhône-Alpes,Drôme,26190,45.007,5.299,"Saint-Jean-en-Royans (26190), Auvergne-Rhône-Alpes"
9235,Saint-Julien-en-Quint,Auvergne-Rhône-Alpes,Drôme,26150,44.853,5.298,"Saint-Julien-en-Quint (26150), Auvergne-Rhône-Alpes"
9236,Saint-Julien-en-Vercors,Auvergne-Rhône-Alpes,Drôme,26420,45.057,5.446,"Saint-Julien-en-Vercors (26420), Auvergne-Rhône-Alpes"
9237,Saint-Laurent-d'Onay,Auvergne-Rhône-Alpes,Drôme,26350,45.178,5.111,"Saint-Laurent-d'Onay (26350), Auvergne-Rhône-Alpes"
9238,Saint-Laurent-en-Royans,Auvergne-Rhône-Alpes,Drôme,26190,45.01,5.347,"Saint-Laurent-en-Royans (26190), Auvergne-Rhône-Alpes"
9239,Saint-Marcel-lès-Sauzet,Auvergne-Rhône-Alpes,Drôme,26740,44.601,4.804,"Saint-Marcel-lès-Sauzet (26740), Auvergne-Rhône-Alpes"
9240,Saint-Marcel-lès-Valence,Auvergne-Rhône-Alpes,Drôme,26320,44.972,4.951,"Saint-Marcel-lès-Valence (26320), Auvergne-Rhône-Alpes"
9241,Saint-Martin-d'Août,Auvergne-Rhône-Alpes,Drôme,26330,45.222,4.987,"Saint-Martin-d'Août (26330), Auvergne-Rhône-Alpes"
9242,Saint-Martin-en-Vercors,Auvergne-Rhône-Alpes,Drôme,26420,45.016,5.449,"Saint-Martin-en-Vercors (26420), Auvergne-Rhône-Alpes"
9243,Saint-Martin-le-Colonel,Auvergne-Rhône-Alpes,Drôme,26190,44.985,5.28,"Saint-Martin-le-Colonel (26190), Auvergne-Rhône-Alpes"
9244,Saint-Maurice-sur-Eygues,Auvergne-Rhône-Alpes,Drôme,26110,44.303,5.006,"Saint-Maurice-sur-Eygues (26110), Auvergne-Rhône-Alpes"
9245,Saint-May,Auvergne-Rhône-Alpes,Drôme,26510,44.425,5.329,"Saint-May (26510), Auvergne-Rhône-Alpes"
9246,Saint-Michel-sur-Savasse,Auvergne-Rhône-Alpes,Drôme,26750,45.146,5.122,"Saint-Michel-sur-Savasse (26750), Auvergne-Rhône-Alpes"
9247,Saint-Nazaire-en-Royans,Auvergne-Rhône-Alpes,Drôme,26190,45.057,5.244,"Saint-Nazaire-en-Royans (26190), Auvergne-Rhône-Alpes"
9248,Saint-Nazaire-le-Désert,Auvergne-Rhône-Alpes,Drôme,26340,44.56,5.271,"Saint-Nazaire-le-Désert (26340), Auvergne-Rhône-Alpes"
9249,Saint-Pantaléon-les-Vignes,Auvergne-Rhône-Alpes,Drôme,26770,44.395,5.043,"Saint-Pantaléon-les-Vignes (26770), Auvergne-Rhône-Alpes"
9250,Saint-Paul-lès-Romans,Auvergne-Rhône-Alpes,Drôme,26750,45.059,5.127,"Saint-Paul-lès-Romans (26750), Auvergne-Rhône-Alpes"
9251,Saint-Paul-Trois-Châteaux,Auvergne-Rhône-Alpes,Drôme,26130,44.348,4.757,"Saint-Paul-Trois-Châteaux (26130), Auvergne-Rhône-Alpes"
9252,Saint-Rambert-d'Albon,Auvergne-Rhône-Alpes,Drôme,26140,45.289,4.831,"Saint-Rambert-d'Albon (26140), Auvergne-Rhône-Alpes"
9253,Saint-Restitut,Auvergne-Rhône-Alpes,Drôme,26130,44.327,4.796,"Saint-Restitut (26130), Auvergne-Rhône-Alpes"
9254,Saint-Roman,Auvergne-Rhône-Alpes,Drôme,26410,44.689,5.427,"Saint-Roman (26410), Auvergne-Rhône-Alpes"
9255,Saint-Sauveur-en-Diois,Auvergne-Rhône-Alpes,Drôme,26340,44.674,5.166,"Saint-Sauveur-en-Diois (26340), Auvergne-Rhône-Alpes"
9256,Saint-Sauveur-Gouvernet,Auvergne-Rhône-Alpes,Drôme,26110,44.33,5.376,"Saint-Sauveur-Gouvernet (26110), Auvergne-Rhône-Alpes"
9257,Saint-Sorlin-en-Valloire,Auvergne-Rhône-Alpes,Drôme,26210,45.278,4.958,"Saint-Sorlin-en-Valloire (26210), Auvergne-Rhône-Alpes"
9258,Saint-Thomas-en-Royans,Auvergne-Rhône-Alpes,Drôme,26190,45.049,5.292,"Saint-Thomas-en-Royans (26190), Auvergne-Rhône-Alpes"
9259,Saint-Uze,Auvergne-Rhône-Alpes,Drôme,26240,45.19,4.868,"Saint-Uze (26240), Auvergne-Rhône-Alpes"
9260,Saint-Vallier,Auvergne-Rhône-Alpes,Drôme,26240,45.18,4.82,"Saint-Vallier (26240), Auvergne-Rhône-Alpes"
9261,Salettes,Auvergne-Rhône-Alpes,Drôme,26160,44.566,4.969,"Salettes (26160), Auvergne-Rhône-Alpes"
9262,Salles-sous-Bois,Auvergne-Rhône-Alpes,Drôme,26770,44.471,4.94,"Salles-sous-Bois (26770), Auvergne-Rhône-Alpes"
9263,Saou,Auvergne-Rhône-Alpes,Drôme,26400,44.647,5.111,"Saou (26400), Auvergne-Rhône-Alpes"
9264,Saulce-sur-Rhône,Auvergne-Rhône-Alpes,Drôme,26270,44.704,4.791,"Saulce-sur-Rhône (26270), Auvergne-Rhône-Alpes"
9265,Sauzet,Auvergne-Rhône-Alpes,Drôme,26740,44.59,4.825,"Sauzet (26740), Auvergne-Rhône-Alpes"
9266,Savasse,Auvergne-Rhône-Alpes,Drôme,26740,44.607,4.778,"Savasse (26740), Auvergne-Rhône-Alpes"
9267,Séderon,Auvergne-Rhône-Alpes,Drôme,26560,44.198,5.554,"Séderon (26560), Auvergne-Rhône-Alpes"
9268,Serves-sur-Rhône,Auvergne-Rhône-Alpes,Drôme,26600,45.142,4.831,"Serves-sur-Rhône (26600), Auvergne-Rhône-Alpes"
9269,Solérieux,Auvergne-Rhône-Alpes,Drôme,26130,44.348,4.826,"Solérieux (26130), Auvergne-Rhône-Alpes"
9270,Souspierre,Auvergne-Rhône-Alpes,Drôme,26160,44.539,4.968,"Souspierre (26160), Auvergne-Rhône-Alpes"
9271,Soyans,Auvergne-Rhône-Alpes,Drôme,26400,44.638,5.025,"Soyans (26400), Auvergne-Rhône-Alpes"
9272,Suze-la-Rousse,Auvergne-Rhône-Alpes,Drôme,26790,44.293,4.844,"Suze-la-Rousse (26790), Auvergne-Rhône-Alpes"
9273,Suze,Auvergne-Rhône-Alpes,Drôme,26400,44.758,5.106,"Suze (26400), Auvergne-Rhône-Alpes"
9274,Tain-l'Hermitage,Auvergne-Rhône-Alpes,Drôme,26600,45.071,4.851,"Tain-l'Hermitage (26600), Auvergne-Rhône-Alpes"
9275,Taulignan,Auvergne-Rhône-Alpes,Drôme,26770,44.459,4.978,"Taulignan (26770), Auvergne-Rhône-Alpes"
9276,Tersanne,Auvergne-Rhône-Alpes,Drôme,26390,45.216,5.016,"Tersanne (26390), Auvergne-Rhône-Alpes"
9277,Teyssières,Auvergne-Rhône-Alpes,Drôme,26220,44.457,5.143,"Teyssières (26220), Auvergne-Rhône-Alpes"
9278,Les Tonils,Auvergne-Rhône-Alpes,Drôme,26460,44.586,5.21,"Les Tonils (26460), Auvergne-Rhône-Alpes"
9279,La Touche,Auvergne-Rhône-Alpes,Drôme,26160,44.518,4.886,"La Touche (26160), Auvergne-Rhône-Alpes"
9280,Les Tourrettes,Auvergne-Rhône-Alpes,Drôme,26740,44.665,4.803,"Les Tourrettes (26740), Auvergne-Rhône-Alpes"
9281,Triors,Auvergne-Rhône-Alpes,Drôme,26750,45.095,5.112,"Triors (26750), Auvergne-Rhône-Alpes"
9282,Truinas,Auvergne-Rhône-Alpes,Drôme,26460,44.577,5.084,"Truinas (26460), Auvergne-Rhône-Alpes"
9283,Tulette,Auvergne-Rhône-Alpes,Drôme,26790,44.284,4.938,"Tulette (26790), Auvergne-Rhône-Alpes"
9284,Upie,Auvergne-Rhône-Alpes,Drôme,26120,44.799,4.98,"Upie (26120), Auvergne-Rhône-Alpes"
9285,Vachères-en-Quint,Auvergne-Rhône-Alpes,Drôme,26150,44.786,5.25,"Vachères-en-Quint (26150), Auvergne-Rhône-Alpes"
9286,Valaurie,Auvergne-Rhône-Alpes,Drôme,26230,44.421,4.811,"Valaurie (26230), Auvergne-Rhône-Alpes"
9287,Valdrôme,Auvergne-Rhône-Alpes,Drôme,26310,44.498,5.567,"Valdrôme (26310), Auvergne-Rhône-Alpes"
9288,Valence,Auvergne-Rhône-Alpes,Drôme,26000,44.923,4.914,"Valence (26000), Auvergne-Rhône-Alpes"
9289,Valouse,Auvergne-Rhône-Alpes,Drôme,26110,44.46,5.191,"Valouse (26110), Auvergne-Rhône-Alpes"
9290,Vassieux-en-Vercors,Auvergne-Rhône-Alpes,Drôme,26420,44.88,5.374,"Vassieux-en-Vercors (26420), Auvergne-Rhône-Alpes"
9291,Vaunaveys-la-Rochette,Auvergne-Rhône-Alpes,Drôme,26400,44.778,5.032,"Vaunaveys-la-Rochette (26400), Auvergne-Rhône-Alpes"
9292,Venterol,Auvergne-Rhône-Alpes,Drôme,26110,44.398,5.098,"Venterol (26110), Auvergne-Rhône-Alpes"
9293,Vercheny,Auvergne-Rhône-Alpes,Drôme,26340,44.715,5.248,"Vercheny (26340), Auvergne-Rhône-Alpes"
9294,Verclause,Auvergne-Rhône-Alpes,Drôme,26510,44.395,5.407,"Verclause (26510), Auvergne-Rhône-Alpes"
9295,Vercoiran,Auvergne-Rhône-Alpes,Drôme,26170,44.294,5.351,"Vercoiran (26170), Auvergne-Rhône-Alpes"
9296,Véronne,Auvergne-Rhône-Alpes,Drôme,26340,44.736,5.207,"Véronne (26340), Auvergne-Rhône-Alpes"
9297,Vers-sur-Méouge,Auvergne-Rhône-Alpes,Drôme,26560,44.236,5.551,"Vers-sur-Méouge (26560), Auvergne-Rhône-Alpes"
9298,Vesc,Auvergne-Rhône-Alpes,Drôme,26220,44.51,5.158,"Vesc (26220), Auvergne-Rhône-Alpes"
9299,Villebois-les-Pins,Auvergne-Rhône-Alpes,Drôme,5700,44.32,5.598,"Villebois-les-Pins (5700), Auvergne-Rhône-Alpes"
9300,Villefranche-le-Château,Auvergne-Rhône-Alpes,Drôme,26560,44.215,5.508,"Villefranche-le-Château (26560), Auvergne-Rhône-Alpes"
9301,Villeperdrix,Auvergne-Rhône-Alpes,Drôme,26510,44.456,5.3,"Villeperdrix (26510), Auvergne-Rhône-Alpes"
9302,Vinsobres,Auvergne-Rhône-Alpes,Drôme,26110,44.336,5.051,"Vinsobres (26110), Auvergne-Rhône-Alpes"
9303,Volvent,Auvergne-Rhône-Alpes,Drôme,26470,44.568,5.35,"Volvent (26470), Auvergne-Rhône-Alpes"
9304,Granges-les-Beaumont,Auvergne-Rhône-Alpes,Drôme,26600,45.048,4.975,"Granges-les-Beaumont (26600), Auvergne-Rhône-Alpes"
9305,Gervans,Auvergne-Rhône-Alpes,Drôme,26600,45.108,4.832,"Gervans (26600), Auvergne-Rhône-Alpes"
9306,Jaillans,Auvergne-Rhône-Alpes,Drôme,26300,45.029,5.17,"Jaillans (26300), Auvergne-Rhône-Alpes"
9307,Saint-Vincent-la-Commanderie,Auvergne-Rhône-Alpes,Drôme,26300,44.932,5.13,"Saint-Vincent-la-Commanderie (26300), Auvergne-Rhône-Alpes"
10258,Argol,Bretagne,Finistère,29560,48.25,-4.299,"Argol (29560), Bretagne"
10259,Arzano,Bretagne,Finistère,29300,47.893,-3.443,"Arzano (29300), Bretagne"
10260,Audierne,Bretagne,Finistère,29770,48.024,-4.544,"Audierne (29770), Bretagne"
10261,Bannalec,Bretagne,Finistère,29380,47.935,-3.695,"Bannalec (29380), Bretagne"
10262,Baye,Bretagne,Finistère,29300,47.856,-3.613,"Baye (29300), Bretagne"
10263,Bénodet,Bretagne,Finistère,29950,47.878,-4.077,"Bénodet (29950), Bretagne"
10264,Berrien,Bretagne,Finistère,29690,48.403,-3.765,"Berrien (29690), Bretagne"
10265,Beuzec-Cap-Sizun,Bretagne,Finistère,29790,48.072,-4.507,"Beuzec-Cap-Sizun (29790), Bretagne"
10266,Bodilis,Bretagne,Finistère,29400,48.515,-4.121,"Bodilis (29400), Bretagne"
10267,Bohars,Bretagne,Finistère,29820,48.432,-4.522,"Bohars (29820), Bretagne"
10268,Bolazec,Bretagne,Finistère,29640,48.442,-3.595,"Bolazec (29640), Bretagne"
10269,Botmeur,Bretagne,Finistère,29690,48.376,-3.923,"Botmeur (29690), Bretagne"
10270,Botsorhel,Bretagne,Finistère,29650,48.506,-3.629,"Botsorhel (29650), Bretagne"
10271,Bourg-Blanc,Bretagne,Finistère,29860,48.496,-4.5,"Bourg-Blanc (29860), Bretagne"
10272,Brasparts,Bretagne,Finistère,29190,48.319,-3.95,"Brasparts (29190), Bretagne"
10273,Brélès,Bretagne,Finistère,29810,48.471,-4.686,"Brélès (29810), Bretagne"
10274,Brennilis,Bretagne,Finistère,29690,48.36,-3.85,"Brennilis (29690), Bretagne"
10275,Brest,Bretagne,Finistère,29200,48.4,-4.503,"Brest (29200), Bretagne"
10276,Briec,Bretagne,Finistère,29510,48.094,-4.021,"Briec (29510), Bretagne"
10277,Plounéour-Brignogan-plages,Bretagne,Finistère,29890,48.667,-4.334,"Plounéour-Brignogan-plages (29890), Bretagne"
10278,Camaret-sur-Mer,Bretagne,Finistère,29570,48.268,-4.588,"Camaret-sur-Mer (29570), Bretagne"
10279,Carantec,Bretagne,Finistère,29660,48.655,-3.913,"Carantec (29660), Bretagne"
10280,Carhaix-Plouguer,Bretagne,Finistère,29270,48.269,-3.566,"Carhaix-Plouguer (29270), Bretagne"
10281,Cast,Bretagne,Finistère,29150,48.149,-4.119,"Cast (29150), Bretagne"
10282,Châteaulin,Bretagne,Finistère,29150,48.203,-4.074,"Châteaulin (29150), Bretagne"
10283,Châteauneuf-du-Faou,Bretagne,Finistère,29520,48.189,-3.821,"Châteauneuf-du-Faou (29520), Bretagne"
10284,Cléden-Cap-Sizun,Bretagne,Finistère,29770,48.054,-4.657,"Cléden-Cap-Sizun (29770), Bretagne"
10285,Cléden-Poher,Bretagne,Finistère,29270,48.243,-3.664,"Cléden-Poher (29270), Bretagne"
10286,Cléder,Bretagne,Finistère,29233,48.66,-4.124,"Cléder (29233), Bretagne"
10287,Clohars-Carnoët,Bretagne,Finistère,29360,47.794,-3.567,"Clohars-Carnoët (29360), Bretagne"
10288,Clohars-Fouesnant,Bretagne,Finistère,29950,47.898,-4.083,"Clohars-Fouesnant (29950), Bretagne"
10289,Le Cloître-Pleyben,Bretagne,Finistère,29190,48.258,-3.896,"Le Cloître-Pleyben (29190), Bretagne"
10290,Le Cloître-Saint-Thégonnec,Bretagne,Finistère,29410,48.46,-3.792,"Le Cloître-Saint-Thégonnec (29410), Bretagne"
10291,Coat-Méal,Bretagne,Finistère,29870,48.506,-4.54,"Coat-Méal (29870), Bretagne"
10292,Collorec,Bretagne,Finistère,29530,48.292,-3.772,"Collorec (29530), Bretagne"
10293,Combrit,Bretagne,Finistère,29120,47.887,-4.164,"Combrit (29120), Bretagne"
10294,Commana,Bretagne,Finistère,29450,48.41,-3.97,"Commana (29450), Bretagne"
10295,Concarneau,Bretagne,Finistère,29900,47.897,-3.907,"Concarneau (29900), Bretagne"
10296,Le Conquet,Bretagne,Finistère,29217,48.356,-4.762,"Le Conquet (29217), Bretagne"
10297,Coray,Bretagne,Finistère,29370,48.066,-3.855,"Coray (29370), Bretagne"
10298,Crozon,Bretagne,Finistère,29160,48.245,-4.492,"Crozon (29160), Bretagne"
10299,Daoulas,Bretagne,Finistère,29460,48.356,-4.263,"Daoulas (29460), Bretagne"
10300,Dinéault,Bretagne,Finistère,29150,48.217,-4.167,"Dinéault (29150), Bretagne"
10301,Dirinon,Bretagne,Finistère,29460,48.401,-4.269,"Dirinon (29460), Bretagne"
10302,Douarnenez,Bretagne,Finistère,29100,48.081,-4.328,"Douarnenez (29100), Bretagne"
10303,Le Drennec,Bretagne,Finistère,29860,48.533,-4.381,"Le Drennec (29860), Bretagne"
10304,Edern,Bretagne,Finistère,29510,48.12,-3.96,"Edern (29510), Bretagne"
10305,Elliant,Bretagne,Finistère,29370,48.008,-3.903,"Elliant (29370), Bretagne"
10306,Ergué-Gabéric,Bretagne,Finistère,29500,48.012,-4.008,"Ergué-Gabéric (29500), Bretagne"
10307,Le Faou,Bretagne,Finistère,29590,48.306,-4.142,"Le Faou (29590), Bretagne"
10308,La Feuillée,Bretagne,Finistère,29690,48.391,-3.852,"La Feuillée (29690), Bretagne"
10309,Le Folgoët,Bretagne,Finistère,29260,48.567,-4.352,"Le Folgoët (29260), Bretagne"
10310,La Forest-Landerneau,Bretagne,Finistère,29800,48.434,-4.315,"La Forest-Landerneau (29800), Bretagne"
10311,La Forêt-Fouesnant,Bretagne,Finistère,29940,47.92,-3.969,"La Forêt-Fouesnant (29940), Bretagne"
10312,Fouesnant,Bretagne,Finistère,29170,47.878,-4.018,"Fouesnant (29170), Bretagne"
10313,Garlan,Bretagne,Finistère,29610,48.604,-3.767,"Garlan (29610), Bretagne"
10314,Gouesnach,Bretagne,Finistère,29950,47.917,-4.111,"Gouesnach (29950), Bretagne"
10315,Gouesnou,Bretagne,Finistère,29850,48.447,-4.463,"Gouesnou (29850), Bretagne"
10316,Gouézec,Bretagne,Finistère,29190,48.17,-3.972,"Gouézec (29190), Bretagne"
10317,Goulien,Bretagne,Finistère,29770,48.058,-4.593,"Goulien (29770), Bretagne"
10318,Goulven,Bretagne,Finistère,29890,48.624,-4.296,"Goulven (29890), Bretagne"
10319,Gourlizon,Bretagne,Finistère,29710,48.026,-4.27,"Gourlizon (29710), Bretagne"
10320,Guengat,Bretagne,Finistère,29180,48.041,-4.196,"Guengat (29180), Bretagne"
10321,Guerlesquin,Bretagne,Finistère,29650,48.532,-3.588,"Guerlesquin (29650), Bretagne"
10322,Guiclan,Bretagne,Finistère,29410,48.543,-3.98,"Guiclan (29410), Bretagne"
10323,Guilers,Bretagne,Finistère,29820,48.419,-4.562,"Guilers (29820), Bretagne"
10324,Guiler-sur-Goyen,Bretagne,Finistère,29710,48.017,-4.361,"Guiler-sur-Goyen (29710), Bretagne"
10325,Guilligomarc'h,Bretagne,Finistère,29300,47.943,-3.426,"Guilligomarc'h (29300), Bretagne"
10326,Guilvinec,Bretagne,Finistère,29730,47.801,-4.286,"Guilvinec (29730), Bretagne"
10327,Guimaëc,Bretagne,Finistère,29620,48.679,-3.706,"Guimaëc (29620), Bretagne"
10328,Guimiliau,Bretagne,Finistère,29400,48.481,-3.997,"Guimiliau (29400), Bretagne"
10329,Guipavas,Bretagne,Finistère,29490,48.431,-4.396,"Guipavas (29490), Bretagne"
10330,Milizac-Guipronvel,Bretagne,Finistère,29290,48.491,-4.57,"Milizac-Guipronvel (29290), Bretagne"
10331,Guissény,Bretagne,Finistère,29880,48.617,-4.411,"Guissény (29880), Bretagne"
10332,Hanvec,Bretagne,Finistère,29460,48.33,-4.139,"Hanvec (29460), Bretagne"
10333,Henvic,Bretagne,Finistère,29670,48.633,-3.93,"Henvic (29670), Bretagne"
10334,Hôpital-Camfrout,Bretagne,Finistère,29460,48.324,-4.239,"Hôpital-Camfrout (29460), Bretagne"
10335,Huelgoat,Bretagne,Finistère,29690,48.362,-3.758,"Huelgoat (29690), Bretagne"
10336,Île-de-Batz,Bretagne,Finistère,29253,48.745,-4.014,"Île-de-Batz (29253), Bretagne"
10337,Île-de-Sein,Bretagne,Finistère,29990,48.038,-4.858,"Île-de-Sein (29990), Bretagne"
10338,Île-Molène,Bretagne,Finistère,29259,48.395,-4.96,"Île-Molène (29259), Bretagne"
10339,Île-Tudy,Bretagne,Finistère,29980,47.853,-4.162,"Île-Tudy (29980), Bretagne"
10340,Irvillac,Bretagne,Finistère,29460,48.367,-4.202,"Irvillac (29460), Bretagne"
10341,Le Juch,Bretagne,Finistère,29100,48.056,-4.266,"Le Juch (29100), Bretagne"
10342,Kergloff,Bretagne,Finistère,29270,48.28,-3.646,"Kergloff (29270), Bretagne"
10343,Kerlaz,Bretagne,Finistère,29100,48.091,-4.263,"Kerlaz (29100), Bretagne"
10344,Kerlouan,Bretagne,Finistère,29890,48.648,-4.379,"Kerlouan (29890), Bretagne"
10345,Kernilis,Bretagne,Finistère,29260,48.575,-4.411,"Kernilis (29260), Bretagne"
10346,Kernouës,Bretagne,Finistère,29260,48.594,-4.345,"Kernouës (29260), Bretagne"
10347,Kersaint-Plabennec,Bretagne,Finistère,29860,48.479,-4.363,"Kersaint-Plabennec (29860), Bretagne"
10348,Lampaul-Guimiliau,Bretagne,Finistère,29400,48.484,-4.041,"Lampaul-Guimiliau (29400), Bretagne"
10349,Lampaul-Plouarzel,Bretagne,Finistère,29810,48.45,-4.765,"Lampaul-Plouarzel (29810), Bretagne"
10350,Lampaul-Ploudalmézeau,Bretagne,Finistère,29830,48.553,-4.647,"Lampaul-Ploudalmézeau (29830), Bretagne"
10351,Lanarvily,Bretagne,Finistère,29260,48.561,-4.383,"Lanarvily (29260), Bretagne"
10352,Landéda,Bretagne,Finistère,29870,48.589,-4.577,"Landéda (29870), Bretagne"
10353,Landeleau,Bretagne,Finistère,29530,48.253,-3.733,"Landeleau (29530), Bretagne"
10354,Landerneau,Bretagne,Finistère,29800,48.451,-4.264,"Landerneau (29800), Bretagne"
10355,Landévennec,Bretagne,Finistère,29560,48.281,-4.312,"Landévennec (29560), Bretagne"
10356,Landivisiau,Bretagne,Finistère,29400,48.516,-4.061,"Landivisiau (29400), Bretagne"
10357,Landrévarzec,Bretagne,Finistère,29510,48.09,-4.076,"Landrévarzec (29510), Bretagne"
10358,Landudal,Bretagne,Finistère,29510,48.056,-3.977,"Landudal (29510), Bretagne"
10359,Landudec,Bretagne,Finistère,29710,47.996,-4.328,"Landudec (29710), Bretagne"
10360,Landunvez,Bretagne,Finistère,29840,48.534,-4.729,"Landunvez (29840), Bretagne"
10361,Langolen,Bretagne,Finistère,29510,48.075,-3.916,"Langolen (29510), Bretagne"
10362,Lanhouarneau,Bretagne,Finistère,29430,48.576,-4.204,"Lanhouarneau (29430), Bretagne"
10363,Lanildut,Bretagne,Finistère,29840,48.482,-4.734,"Lanildut (29840), Bretagne"
10364,Lanmeur,Bretagne,Finistère,29620,48.642,-3.722,"Lanmeur (29620), Bretagne"
10365,Lannéanou,Bretagne,Finistère,29640,48.498,-3.665,"Lannéanou (29640), Bretagne"
10366,Lannédern,Bretagne,Finistère,29190,48.289,-3.902,"Lannédern (29190), Bretagne"
10367,Lanneuffret,Bretagne,Finistère,29400,48.495,-4.202,"Lanneuffret (29400), Bretagne"
10368,Lannilis,Bretagne,Finistère,29870,48.57,-4.524,"Lannilis (29870), Bretagne"
10369,Lanrivoaré,Bretagne,Finistère,29290,48.466,-4.635,"Lanrivoaré (29290), Bretagne"
10370,Lanvéoc,Bretagne,Finistère,29160,48.276,-4.444,"Lanvéoc (29160), Bretagne"
10371,Laz,Bretagne,Finistère,29520,48.135,-3.84,"Laz (29520), Bretagne"
10372,Lennon,Bretagne,Finistère,29190,48.205,-3.903,"Lennon (29190), Bretagne"
10373,Lesneven,Bretagne,Finistère,29260,48.58,-4.313,"Lesneven (29260), Bretagne"
10374,Leuhan,Bretagne,Finistère,29390,48.101,-3.778,"Leuhan (29390), Bretagne"
10375,Loc-Brévalaire,Bretagne,Finistère,29260,48.554,-4.407,"Loc-Brévalaire (29260), Bretagne"
10376,Loc-Eguiner,Bretagne,Finistère,29400,48.476,-4.093,"Loc-Eguiner (29400), Bretagne"
10377,Locmaria-Plouzané,Bretagne,Finistère,29280,48.371,-4.65,"Locmaria-Plouzané (29280), Bretagne"
10378,Locmélar,Bretagne,Finistère,29400,48.45,-4.058,"Locmélar (29400), Bretagne"
10379,Locquénolé,Bretagne,Finistère,29670,48.624,-3.864,"Locquénolé (29670), Bretagne"
10380,Locquirec,Bretagne,Finistère,29241,48.683,-3.668,"Locquirec (29241), Bretagne"
10381,Locronan,Bretagne,Finistère,29180,48.098,-4.213,"Locronan (29180), Bretagne"
10382,Loctudy,Bretagne,Finistère,29750,47.824,-4.187,"Loctudy (29750), Bretagne"
10383,Locunolé,Bretagne,Finistère,29310,47.924,-3.486,"Locunolé (29310), Bretagne"
10384,Logonna-Daoulas,Bretagne,Finistère,29460,48.329,-4.289,"Logonna-Daoulas (29460), Bretagne"
10385,Lopérec,Bretagne,Finistère,29590,48.302,-4.034,"Lopérec (29590), Bretagne"
10386,Loperhet,Bretagne,Finistère,29470,48.384,-4.314,"Loperhet (29470), Bretagne"
10387,Loqueffret,Bretagne,Finistère,29530,48.33,-3.859,"Loqueffret (29530), Bretagne"
10388,Lothey,Bretagne,Finistère,29190,48.183,-4.026,"Lothey (29190), Bretagne"
10389,Mahalon,Bretagne,Finistère,29790,48.027,-4.419,"Mahalon (29790), Bretagne"
10390,La Martyre,Bretagne,Finistère,29800,48.437,-4.17,"La Martyre (29800), Bretagne"
10391,Confort-Meilars,Bretagne,Finistère,29790,48.056,-4.435,"Confort-Meilars (29790), Bretagne"
10392,Melgven,Bretagne,Finistère,29140,47.913,-3.842,"Melgven (29140), Bretagne"
10393,Mellac,Bretagne,Finistère,29300,47.898,-3.588,"Mellac (29300), Bretagne"
10394,Mespaul,Bretagne,Finistère,29420,48.615,-4.033,"Mespaul (29420), Bretagne"
10395,Moëlan-sur-Mer,Bretagne,Finistère,29350,47.806,-3.646,"Moëlan-sur-Mer (29350), Bretagne"
10396,Morlaix,Bretagne,Finistère,29600,48.6,-3.82,"Morlaix (29600), Bretagne"
10397,Motreff,Bretagne,Finistère,29270,48.22,-3.562,"Motreff (29270), Bretagne"
10398,Névez,Bretagne,Finistère,29920,47.815,-3.776,"Névez (29920), Bretagne"
10399,Ouessant,Bretagne,Finistère,29242,48.46,-5.085,"Ouessant (29242), Bretagne"
10400,Pencran,Bretagne,Finistère,29800,48.444,-4.221,"Pencran (29800), Bretagne"
10401,Penmarch,Bretagne,Finistère,29760,47.812,-4.34,"Penmarch (29760), Bretagne"
10402,Peumerit,Bretagne,Finistère,29710,47.946,-4.296,"Peumerit (29710), Bretagne"
10403,Plabennec,Bretagne,Finistère,29860,48.494,-4.419,"Plabennec (29860), Bretagne"
10404,Pleuven,Bretagne,Finistère,29170,47.915,-4.046,"Pleuven (29170), Bretagne"
10405,Pleyben,Bretagne,Finistère,29190,48.238,-3.975,"Pleyben (29190), Bretagne"
10406,Pleyber-Christ,Bretagne,Finistère,29410,48.511,-3.872,"Pleyber-Christ (29410), Bretagne"
10407,Plobannalec-Lesconil,Bretagne,Finistère,29740,47.822,-4.228,"Plobannalec-Lesconil (29740), Bretagne"
10408,Ploéven,Bretagne,Finistère,29550,48.158,-4.213,"Ploéven (29550), Bretagne"
10409,Plogastel-Saint-Germain,Bretagne,Finistère,29710,47.977,-4.264,"Plogastel-Saint-Germain (29710), Bretagne"
10410,Plogoff,Bretagne,Finistère,29770,48.035,-4.681,"Plogoff (29770), Bretagne"
10411,Plogonnec,Bretagne,Finistère,29180,48.073,-4.159,"Plogonnec (29180), Bretagne"
10412,Plomelin,Bretagne,Finistère,29700,47.936,-4.15,"Plomelin (29700), Bretagne"
10413,Plomeur,Bretagne,Finistère,29120,47.838,-4.294,"Plomeur (29120), Bretagne"
10414,Plomodiern,Bretagne,Finistère,29550,48.181,-4.218,"Plomodiern (29550), Bretagne"
10415,Plonéis,Bretagne,Finistère,29710,48.011,-4.209,"Plonéis (29710), Bretagne"
10416,Plonéour-Lanvern,Bretagne,Finistère,29720,47.908,-4.265,"Plonéour-Lanvern (29720), Bretagne"
10417,Plonévez-du-Faou,Bretagne,Finistère,29530,48.256,-3.823,"Plonévez-du-Faou (29530), Bretagne"
10418,Plonévez-Porzay,Bretagne,Finistère,29550,48.127,-4.239,"Plonévez-Porzay (29550), Bretagne"
10419,Plouarzel,Bretagne,Finistère,29810,48.439,-4.721,"Plouarzel (29810), Bretagne"
10420,Ploudalmézeau,Bretagne,Finistère,29830,48.538,-4.67,"Ploudalmézeau (29830), Bretagne"
10421,Ploudaniel,Bretagne,Finistère,29260,48.523,-4.314,"Ploudaniel (29260), Bretagne"
10422,Ploudiry,Bretagne,Finistère,29800,48.457,-4.129,"Ploudiry (29800), Bretagne"
10423,Plouédern,Bretagne,Finistère,29800,48.483,-4.252,"Plouédern (29800), Bretagne"
10424,Plouégat-Guérand,Bretagne,Finistère,29620,48.622,-3.67,"Plouégat-Guérand (29620), Bretagne"
10425,Plouégat-Moysan,Bretagne,Finistère,29650,48.57,-3.617,"Plouégat-Moysan (29650), Bretagne"
10426,Plouénan,Bretagne,Finistère,29420,48.621,-3.982,"Plouénan (29420), Bretagne"
10427,Plouescat,Bretagne,Finistère,29430,48.666,-4.18,"Plouescat (29430), Bretagne"
10428,Plouezoc'h,Bretagne,Finistère,29252,48.637,-3.816,"Plouezoc'h (29252), Bretagne"
10429,Plougar,Bretagne,Finistère,29440,48.556,-4.129,"Plougar (29440), Bretagne"
10430,Plougasnou,Bretagne,Finistère,29630,48.678,-3.812,"Plougasnou (29630), Bretagne"
10431,Plougastel-Daoulas,Bretagne,Finistère,29470,48.36,-4.383,"Plougastel-Daoulas (29470), Bretagne"
10432,Plougonvelin,Bretagne,Finistère,29217,48.351,-4.718,"Plougonvelin (29217), Bretagne"
10433,Plougonven,Bretagne,Finistère,29640,48.505,-3.727,"Plougonven (29640), Bretagne"
10434,Plougoulm,Bretagne,Finistère,29250,48.656,-4.042,"Plougoulm (29250), Bretagne"
10435,Plougourvest,Bretagne,Finistère,29400,48.554,-4.074,"Plougourvest (29400), Bretagne"
10436,Plouguerneau,Bretagne,Finistère,29880,48.603,-4.49,"Plouguerneau (29880), Bretagne"
10437,Plouguin,Bretagne,Finistère,29830,48.529,-4.592,"Plouguin (29830), Bretagne"
10438,Plouhinec,Bretagne,Finistère,29780,48.014,-4.485,"Plouhinec (29780), Bretagne"
10439,Plouider,Bretagne,Finistère,29260,48.602,-4.294,"Plouider (29260), Bretagne"
10440,Plouigneau,Bretagne,Finistère,29610,48.574,-3.704,"Plouigneau (29610), Bretagne"
10441,Ploumoguer,Bretagne,Finistère,29810,48.4,-4.715,"Ploumoguer (29810), Bretagne"
10442,Plounéour-Ménez,Bretagne,Finistère,29410,48.445,-3.881,"Plounéour-Ménez (29410), Bretagne"
10443,Plounéventer,Bretagne,Finistère,29400,48.521,-4.209,"Plounéventer (29400), Bretagne"
10444,Plounévézel,Bretagne,Finistère,29270,48.312,-3.574,"Plounévézel (29270), Bretagne"
10445,Plounévez-Lochrist,Bretagne,Finistère,29430,48.62,-4.199,"Plounévez-Lochrist (29430), Bretagne"
10446,Plourin-lès-Morlaix,Bretagne,Finistère,29600,48.522,-3.801,"Plourin-lès-Morlaix (29600), Bretagne"
10447,Plourin,Bretagne,Finistère,29830,48.503,-4.684,"Plourin (29830), Bretagne"
10448,Plouvien,Bretagne,Finistère,29860,48.539,-4.465,"Plouvien (29860), Bretagne"
10449,Plouvorn,Bretagne,Finistère,29420,48.577,-4.022,"Plouvorn (29420), Bretagne"
10450,Plouyé,Bretagne,Finistère,29690,48.321,-3.734,"Plouyé (29690), Bretagne"
10451,Plouzané,Bretagne,Finistère,29280,48.377,-4.599,"Plouzané (29280), Bretagne"
10452,Plouzévédé,Bretagne,Finistère,29440,48.592,-4.096,"Plouzévédé (29440), Bretagne"
10453,Plovan,Bretagne,Finistère,29720,47.933,-4.36,"Plovan (29720), Bretagne"
10454,Plozévet,Bretagne,Finistère,29710,47.983,-4.41,"Plozévet (29710), Bretagne"
10455,Pluguffan,Bretagne,Finistère,29700,47.972,-4.187,"Pluguffan (29700), Bretagne"
10456,Pont-Aven,Bretagne,Finistère,29930,47.872,-3.766,"Pont-Aven (29930), Bretagne"
10457,Pont-Croix,Bretagne,Finistère,29790,48.047,-4.496,"Pont-Croix (29790), Bretagne"
10458,Pont-l'Abbé,Bretagne,Finistère,29120,47.866,-4.22,"Pont-l'Abbé (29120), Bretagne"
10459,Porspoder,Bretagne,Finistère,29840,48.499,-4.754,"Porspoder (29840), Bretagne"
10460,Port-Launay,Bretagne,Finistère,29150,48.218,-4.083,"Port-Launay (29150), Bretagne"
10461,Pouldergat,Bretagne,Finistère,29100,48.041,-4.326,"Pouldergat (29100), Bretagne"
10462,Pouldreuzic,Bretagne,Finistère,29710,47.961,-4.364,"Pouldreuzic (29710), Bretagne"
10463,Poullan-sur-Mer,Bretagne,Finistère,29100,48.077,-4.397,"Poullan-sur-Mer (29100), Bretagne"
10464,Poullaouen,Bretagne,Finistère,29246,48.346,-3.63,"Poullaouen (29246), Bretagne"
10465,Primelin,Bretagne,Finistère,29770,48.029,-4.606,"Primelin (29770), Bretagne"
10466,Quéménéven,Bretagne,Finistère,29180,48.118,-4.144,"Quéménéven (29180), Bretagne"
10467,Querrien,Bretagne,Finistère,29310,47.955,-3.548,"Querrien (29310), Bretagne"
10468,Quimper,Bretagne,Finistère,29000,47.997,-4.091,"Quimper (29000), Bretagne"
10469,Quimperlé,Bretagne,Finistère,29300,47.856,-3.556,"Quimperlé (29300), Bretagne"
10470,Rédené,Bretagne,Finistère,29300,47.856,-3.487,"Rédené (29300), Bretagne"
10471,Le Relecq-Kerhuon,Bretagne,Finistère,29480,48.403,-4.402,"Le Relecq-Kerhuon (29480), Bretagne"
10472,Riec-sur-Bélon,Bretagne,Finistère,29340,47.849,-3.691,"Riec-sur-Bélon (29340), Bretagne"
10473,La Roche-Maurice,Bretagne,Finistère,29800,48.473,-4.194,"La Roche-Maurice (29800), Bretagne"
10474,Roscanvel,Bretagne,Finistère,29570,48.318,-4.559,"Roscanvel (29570), Bretagne"
10475,Roscoff,Bretagne,Finistère,29680,48.712,-3.99,"Roscoff (29680), Bretagne"
10476,Rosnoën,Bretagne,Finistère,29590,48.272,-4.199,"Rosnoën (29590), Bretagne"
10477,Rosporden,Bretagne,Finistère,29140,47.958,-3.802,"Rosporden (29140), Bretagne"
10478,Saint-Coulitz,Bretagne,Finistère,29150,48.182,-4.067,"Saint-Coulitz (29150), Bretagne"
10479,Saint-Derrien,Bretagne,Finistère,29440,48.545,-4.186,"Saint-Derrien (29440), Bretagne"
10480,Saint-Divy,Bretagne,Finistère,29800,48.454,-4.331,"Saint-Divy (29800), Bretagne"
10481,Saint-Eloy,Bretagne,Finistère,29460,48.363,-4.116,"Saint-Eloy (29460), Bretagne"
10482,Saint-Évarzec,Bretagne,Finistère,29170,47.954,-4.01,"Saint-Évarzec (29170), Bretagne"
10483,Saint-Frégant,Bretagne,Finistère,29260,48.599,-4.374,"Saint-Frégant (29260), Bretagne"
10484,Saint-Goazec,Bretagne,Finistère,29520,48.151,-3.766,"Saint-Goazec (29520), Bretagne"
10485,Saint-Hernin,Bretagne,Finistère,29270,48.208,-3.611,"Saint-Hernin (29270), Bretagne"
10486,Saint-Jean-du-Doigt,Bretagne,Finistère,29630,48.67,-3.763,"Saint-Jean-du-Doigt (29630), Bretagne"
10487,Saint-Jean-Trolimon,Bretagne,Finistère,29120,47.868,-4.31,"Saint-Jean-Trolimon (29120), Bretagne"
10488,Saint-Martin-des-Champs,Bretagne,Finistère,29600,48.576,-3.856,"Saint-Martin-des-Champs (29600), Bretagne"
10489,Saint-Méen,Bretagne,Finistère,29260,48.555,-4.26,"Saint-Méen (29260), Bretagne"
10490,Saint-Nic,Bretagne,Finistère,29550,48.21,-4.281,"Saint-Nic (29550), Bretagne"
10491,Saint-Pabu,Bretagne,Finistère,29830,48.563,-4.62,"Saint-Pabu (29830), Bretagne"
10492,Saint-Pol-de-Léon,Bretagne,Finistère,29250,48.673,-3.989,"Saint-Pol-de-Léon (29250), Bretagne"
10493,Saint-Renan,Bretagne,Finistère,29290,48.426,-4.624,"Saint-Renan (29290), Bretagne"
10494,Saint-Rivoal,Bretagne,Finistère,29190,48.35,-3.988,"Saint-Rivoal (29190), Bretagne"
10495,Saint-Sauveur,Bretagne,Finistère,29400,48.449,-4.0,"Saint-Sauveur (29400), Bretagne"
10496,Saint-Ségal,Bretagne,Finistère,29590,48.236,-4.077,"Saint-Ségal (29590), Bretagne"
10497,Saint-Servais,Bretagne,Finistère,29400,48.515,-4.159,"Saint-Servais (29400), Bretagne"
10498,Sainte-Sève,Bretagne,Finistère,29600,48.561,-3.889,"Sainte-Sève (29600), Bretagne"
10499,Saint-Thégonnec Loc-Eguiner,Bretagne,Finistère,29410,48.511,-3.938,"Saint-Thégonnec Loc-Eguiner (29410), Bretagne"
10500,Saint-Thois,Bretagne,Finistère,29520,48.153,-3.906,"Saint-Thois (29520), Bretagne"
10501,Saint-Thonan,Bretagne,Finistère,29800,48.477,-4.322,"Saint-Thonan (29800), Bretagne"
10502,Saint-Thurien,Bretagne,Finistère,29380,47.957,-3.62,"Saint-Thurien (29380), Bretagne"
10503,Saint-Urbain,Bretagne,Finistère,29800,48.397,-4.222,"Saint-Urbain (29800), Bretagne"
10504,Saint-Vougay,Bretagne,Finistère,29440,48.589,-4.146,"Saint-Vougay (29440), Bretagne"
10505,Saint-Yvi,Bretagne,Finistère,29140,47.96,-3.939,"Saint-Yvi (29140), Bretagne"
10506,Santec,Bretagne,Finistère,29250,48.7,-4.03,"Santec (29250), Bretagne"
10507,Scaër,Bretagne,Finistère,29390,48.028,-3.731,"Scaër (29390), Bretagne"
10508,Scrignac,Bretagne,Finistère,29640,48.426,-3.669,"Scrignac (29640), Bretagne"
10509,Sibiril,Bretagne,Finistère,29250,48.664,-4.072,"Sibiril (29250), Bretagne"
10510,Sizun,Bretagne,Finistère,29450,48.395,-4.045,"Sizun (29450), Bretagne"
10511,Spézet,Bretagne,Finistère,29540,48.186,-3.691,"Spézet (29540), Bretagne"
10512,Taulé,Bretagne,Finistère,29670,48.604,-3.899,"Taulé (29670), Bretagne"
10513,Telgruc-sur-Mer,Bretagne,Finistère,29560,48.234,-4.357,"Telgruc-sur-Mer (29560), Bretagne"
10514,Tourch,Bretagne,Finistère,29140,48.027,-3.824,"Tourch (29140), Bretagne"
10515,Trébabu,Bretagne,Finistère,29217,48.37,-4.733,"Trébabu (29217), Bretagne"
10516,Treffiagat,Bretagne,Finistère,29730,47.805,-4.26,"Treffiagat (29730), Bretagne"
10517,Tréflaouénan,Bretagne,Finistère,29440,48.627,-4.1,"Tréflaouénan (29440), Bretagne"
10518,Tréflévénez,Bretagne,Finistère,29800,48.415,-4.176,"Tréflévénez (29800), Bretagne"
10519,Tréflez,Bretagne,Finistère,29430,48.627,-4.257,"Tréflez (29430), Bretagne"
10520,Trégarantec,Bretagne,Finistère,29260,48.549,-4.29,"Trégarantec (29260), Bretagne"
10521,Trégarvan,Bretagne,Finistère,29560,48.237,-4.232,"Trégarvan (29560), Bretagne"
10522,Tréglonou,Bretagne,Finistère,29870,48.547,-4.548,"Tréglonou (29870), Bretagne"
10523,Trégourez,Bretagne,Finistère,29970,48.106,-3.871,"Trégourez (29970), Bretagne"
10524,Tréguennec,Bretagne,Finistère,29720,47.884,-4.339,"Tréguennec (29720), Bretagne"
10525,Trégunc,Bretagne,Finistère,29910,47.838,-3.841,"Trégunc (29910), Bretagne"
10526,Le Tréhou,Bretagne,Finistère,29450,48.394,-4.129,"Le Tréhou (29450), Bretagne"
10527,Trémaouézan,Bretagne,Finistère,29800,48.509,-4.256,"Trémaouézan (29800), Bretagne"
10528,Tréméoc,Bretagne,Finistère,29120,47.907,-4.22,"Tréméoc (29120), Bretagne"
10529,Tréméven,Bretagne,Finistère,29300,47.902,-3.525,"Tréméven (29300), Bretagne"
10530,Tréogat,Bretagne,Finistère,29720,47.91,-4.34,"Tréogat (29720), Bretagne"
10531,Tréouergat,Bretagne,Finistère,29290,48.495,-4.603,"Tréouergat (29290), Bretagne"
10532,Le Trévoux,Bretagne,Finistère,29380,47.889,-3.657,"Le Trévoux (29380), Bretagne"
10533,Trézilidé,Bretagne,Finistère,29440,48.61,-4.084,"Trézilidé (29440), Bretagne"
10534,Pont-de-Buis-lès-Quimerch,Bretagne,Finistère,29590,48.276,-4.107,"Pont-de-Buis-lès-Quimerch (29590), Bretagne"
13170,Acigné,Bretagne,Ille-et-Vilaine,35690,48.146,-1.519,"Acigné (35690), Bretagne"
13171,Amanlis,Bretagne,Ille-et-Vilaine,35150,48.0,-1.496,"Amanlis (35150), Bretagne"
13172,Andouillé-Neuville,Bretagne,Ille-et-Vilaine,35250,48.298,-1.596,"Andouillé-Neuville (35250), Bretagne"
13173,Val-Couesnon,Bretagne,Ille-et-Vilaine,35460,48.462,-1.479,"Val-Couesnon (35460), Bretagne"
13174,Arbrissel,Bretagne,Ille-et-Vilaine,35130,47.927,-1.295,"Arbrissel (35130), Bretagne"
13175,Argentré-du-Plessis,Bretagne,Ille-et-Vilaine,35370,48.048,-1.138,"Argentré-du-Plessis (35370), Bretagne"
13176,Aubigné,Bretagne,Ille-et-Vilaine,35250,48.299,-1.63,"Aubigné (35250), Bretagne"
13177,Availles-sur-Seiche,Bretagne,Ille-et-Vilaine,35130,47.958,-1.185,"Availles-sur-Seiche (35130), Bretagne"
13178,Baguer-Morvan,Bretagne,Ille-et-Vilaine,35120,48.505,-1.772,"Baguer-Morvan (35120), Bretagne"
13179,Baguer-Pican,Bretagne,Ille-et-Vilaine,35120,48.55,-1.691,"Baguer-Pican (35120), Bretagne"
13180,Bain-de-Bretagne,Bretagne,Ille-et-Vilaine,35470,47.83,-1.676,"Bain-de-Bretagne (35470), Bretagne"
13181,Bains-sur-Oust,Bretagne,Ille-et-Vilaine,35600,47.712,-2.075,"Bains-sur-Oust (35600), Bretagne"
13182,Bais,Bretagne,Ille-et-Vilaine,35680,48.011,-1.306,"Bais (35680), Bretagne"
13183,Balazé,Bretagne,Ille-et-Vilaine,35500,48.178,-1.183,"Balazé (35500), Bretagne"
13184,Baulon,Bretagne,Ille-et-Vilaine,35580,47.995,-1.928,"Baulon (35580), Bretagne"
13185,La Baussaine,Bretagne,Ille-et-Vilaine,35190,48.313,-1.897,"La Baussaine (35190), Bretagne"
13186,La Bazouge-du-Désert,Bretagne,Ille-et-Vilaine,35420,48.444,-1.11,"La Bazouge-du-Désert (35420), Bretagne"
13187,Bazouges-la-Pérouse,Bretagne,Ille-et-Vilaine,35560,48.441,-1.564,"Bazouges-la-Pérouse (35560), Bretagne"
13188,Beaucé,Bretagne,Ille-et-Vilaine,35133,48.347,-1.156,"Beaucé (35133), Bretagne"
13189,Bécherel,Bretagne,Ille-et-Vilaine,35190,48.296,-1.943,"Bécherel (35190), Bretagne"
13190,Bédée,Bretagne,Ille-et-Vilaine,35137,48.187,-1.95,"Bédée (35137), Bretagne"
13191,Betton,Bretagne,Ille-et-Vilaine,35830,48.181,-1.646,"Betton (35830), Bretagne"
13192,Billé,Bretagne,Ille-et-Vilaine,35133,48.294,-1.252,"Billé (35133), Bretagne"
13193,Bléruais,Bretagne,Ille-et-Vilaine,35750,48.116,-2.116,"Bléruais (35750), Bretagne"
13194,Boisgervilly,Bretagne,Ille-et-Vilaine,35360,48.166,-2.084,"Boisgervilly (35360), Bretagne"
13195,Boistrudan,Bretagne,Ille-et-Vilaine,35150,47.976,-1.397,"Boistrudan (35150), Bretagne"
13196,Bonnemain,Bretagne,Ille-et-Vilaine,35270,48.471,-1.761,"Bonnemain (35270), Bretagne"
13197,La Bosse-de-Bretagne,Bretagne,Ille-et-Vilaine,35320,47.868,-1.588,"La Bosse-de-Bretagne (35320), Bretagne"
13198,La Bouëxière,Bretagne,Ille-et-Vilaine,35340,48.174,-1.436,"La Bouëxière (35340), Bretagne"
13199,Bourgbarré,Bretagne,Ille-et-Vilaine,35230,47.989,-1.622,"Bourgbarré (35230), Bretagne"
13200,Bourg-des-Comptes,Bretagne,Ille-et-Vilaine,35890,47.921,-1.722,"Bourg-des-Comptes (35890), Bretagne"
13201,La Boussac,Bretagne,Ille-et-Vilaine,35120,48.517,-1.649,"La Boussac (35120), Bretagne"
13202,Bovel,Bretagne,Ille-et-Vilaine,35330,47.956,-1.96,"Bovel (35330), Bretagne"
13203,Bréal-sous-Montfort,Bretagne,Ille-et-Vilaine,35310,48.045,-1.866,"Bréal-sous-Montfort (35310), Bretagne"
13204,Bréal-sous-Vitré,Bretagne,Ille-et-Vilaine,35370,48.092,-1.061,"Bréal-sous-Vitré (35370), Bretagne"
13205,Brécé,Bretagne,Ille-et-Vilaine,35530,48.111,-1.49,"Brécé (35530), Bretagne"
13206,Breteil,Bretagne,Ille-et-Vilaine,35160,48.138,-1.91,"Breteil (35160), Bretagne"
13207,Brie,Bretagne,Ille-et-Vilaine,35150,47.951,-1.551,"Brie (35150), Bretagne"
13208,Brielles,Bretagne,Ille-et-Vilaine,35370,48.011,-1.098,"Brielles (35370), Bretagne"
13209,Broualan,Bretagne,Ille-et-Vilaine,35120,48.476,-1.661,"Broualan (35120), Bretagne"
13210,Bruc-sur-Aff,Bretagne,Ille-et-Vilaine,35550,47.814,-2.006,"Bruc-sur-Aff (35550), Bretagne"
13211,Les Brulais,Bretagne,Ille-et-Vilaine,35330,47.891,-2.057,"Les Brulais (35330), Bretagne"
13212,Bruz,Bretagne,Ille-et-Vilaine,35170,48.026,-1.748,"Bruz (35170), Bretagne"
13213,Cancale,Bretagne,Ille-et-Vilaine,35260,48.684,-1.865,"Cancale (35260), Bretagne"
13214,Cardroc,Bretagne,Ille-et-Vilaine,35190,48.285,-1.894,"Cardroc (35190), Bretagne"
13215,Cesson-Sévigné,Bretagne,Ille-et-Vilaine,35510,48.12,-1.597,"Cesson-Sévigné (35510), Bretagne"
13216,Champeaux,Bretagne,Ille-et-Vilaine,35500,48.139,-1.302,"Champeaux (35500), Bretagne"
13217,Chanteloup,Bretagne,Ille-et-Vilaine,35150,47.954,-1.625,"Chanteloup (35150), Bretagne"
13218,Chantepie,Bretagne,Ille-et-Vilaine,35135,48.082,-1.604,"Chantepie (35135), Bretagne"
13219,La Chapelle-aux-Filtzméens,Bretagne,Ille-et-Vilaine,35190,48.382,-1.818,"La Chapelle-aux-Filtzméens (35190), Bretagne"
13220,La Chapelle-Bouëxic,Bretagne,Ille-et-Vilaine,35330,47.937,-1.923,"La Chapelle-Bouëxic (35330), Bretagne"
13221,La Chapelle-Chaussée,Bretagne,Ille-et-Vilaine,35630,48.266,-1.864,"La Chapelle-Chaussée (35630), Bretagne"
13222,La Chapelle-des-Fougeretz,Bretagne,Ille-et-Vilaine,35520,48.177,-1.741,"La Chapelle-des-Fougeretz (35520), Bretagne"
13223,La Chapelle du Lou du Lac,Bretagne,Ille-et-Vilaine,35360,48.222,-1.993,"La Chapelle du Lou du Lac (35360), Bretagne"
13224,La Chapelle-Erbrée,Bretagne,Ille-et-Vilaine,35500,48.14,-1.09,"La Chapelle-Erbrée (35500), Bretagne"
13225,La Chapelle-Fleurigné,Bretagne,Ille-et-Vilaine,35133,48.335,-1.085,"La Chapelle-Fleurigné (35133), Bretagne"
13226,La Chapelle-Saint-Aubert,Bretagne,Ille-et-Vilaine,35140,48.31,-1.314,"La Chapelle-Saint-Aubert (35140), Bretagne"
13227,La Chapelle-de-Brain,Bretagne,Ille-et-Vilaine,35660,47.697,-1.934,"La Chapelle-de-Brain (35660), Bretagne"
13228,La Chapelle-Thouarault,Bretagne,Ille-et-Vilaine,35590,48.125,-1.858,"La Chapelle-Thouarault (35590), Bretagne"
13229,Chartres-de-Bretagne,Bretagne,Ille-et-Vilaine,35131,48.045,-1.706,"Chartres-de-Bretagne (35131), Bretagne"
13230,Chasné-sur-Illet,Bretagne,Ille-et-Vilaine,35250,48.235,-1.572,"Chasné-sur-Illet (35250), Bretagne"
13231,Châteaubourg,Bretagne,Ille-et-Vilaine,35220,48.12,-1.404,"Châteaubourg (35220), Bretagne"
13232,Châteaugiron,Bretagne,Ille-et-Vilaine,35410,48.044,-1.5,"Châteaugiron (35410), Bretagne"
13233,Châteauneuf-d'Ille-et-Vilaine,Bretagne,Ille-et-Vilaine,35430,48.558,-1.929,"Châteauneuf-d'Ille-et-Vilaine (35430), Bretagne"
13234,Le Châtellier,Bretagne,Ille-et-Vilaine,35133,48.426,-1.246,"Le Châtellier (35133), Bretagne"
13235,Châtillon-en-Vendelais,Bretagne,Ille-et-Vilaine,35210,48.229,-1.166,"Châtillon-en-Vendelais (35210), Bretagne"
13236,Chauvigné,Bretagne,Ille-et-Vilaine,35490,48.377,-1.452,"Chauvigné (35490), Bretagne"
13237,Chavagne,Bretagne,Ille-et-Vilaine,35310,48.056,-1.786,"Chavagne (35310), Bretagne"
13238,Chelun,Bretagne,Ille-et-Vilaine,35640,47.855,-1.244,"Chelun (35640), Bretagne"
13239,Cherrueix,Bretagne,Ille-et-Vilaine,35120,48.595,-1.715,"Cherrueix (35120), Bretagne"
13240,Chevaigné,Bretagne,Ille-et-Vilaine,35250,48.225,-1.637,"Chevaigné (35250), Bretagne"
13241,Cintré,Bretagne,Ille-et-Vilaine,35310,48.109,-1.887,"Cintré (35310), Bretagne"
13242,Clayes,Bretagne,Ille-et-Vilaine,35590,48.179,-1.854,"Clayes (35590), Bretagne"
13243,Coësmes,Bretagne,Ille-et-Vilaine,35134,47.872,-1.416,"Coësmes (35134), Bretagne"
13244,Comblessac,Bretagne,Ille-et-Vilaine,35330,47.872,-2.088,"Comblessac (35330), Bretagne"
13245,Combourg,Bretagne,Ille-et-Vilaine,35270,48.408,-1.745,"Combourg (35270), Bretagne"
13246,Combourtillé,Bretagne,Ille-et-Vilaine,35210,48.266,-1.265,"Combourtillé (35210), Bretagne"
13247,Cornillé,Bretagne,Ille-et-Vilaine,35500,48.082,-1.314,"Cornillé (35500), Bretagne"
13248,Corps-Nuds,Bretagne,Ille-et-Vilaine,35150,47.982,-1.57,"Corps-Nuds (35150), Bretagne"
13249,La Couyère,Bretagne,Ille-et-Vilaine,35320,47.894,-1.502,"La Couyère (35320), Bretagne"
13250,Crevin,Bretagne,Ille-et-Vilaine,35320,47.93,-1.657,"Crevin (35320), Bretagne"
13251,Le Crouais,Bretagne,Ille-et-Vilaine,35290,48.21,-2.15,"Le Crouais (35290), Bretagne"
13252,Cuguen,Bretagne,Ille-et-Vilaine,35270,48.441,-1.656,"Cuguen (35270), Bretagne"
13253,Dinard,Bretagne,Ille-et-Vilaine,35800,48.624,-2.062,"Dinard (35800), Bretagne"
13254,Dingé,Bretagne,Ille-et-Vilaine,35440,48.347,-1.711,"Dingé (35440), Bretagne"
13255,Dol-de-Bretagne,Bretagne,Ille-et-Vilaine,35120,48.536,-1.741,"Dol-de-Bretagne (35120), Bretagne"
13256,Domagné,Bretagne,Ille-et-Vilaine,35113,48.068,-1.406,"Domagné (35113), Bretagne"
13257,Domalain,Bretagne,Ille-et-Vilaine,35680,47.999,-1.239,"Domalain (35680), Bretagne"
13258,La Dominelais,Bretagne,Ille-et-Vilaine,35390,47.763,-1.673,"La Dominelais (35390), Bretagne"
13259,Domloup,Bretagne,Ille-et-Vilaine,35410,48.067,-1.543,"Domloup (35410), Bretagne"
13260,Dourdain,Bretagne,Ille-et-Vilaine,35450,48.193,-1.379,"Dourdain (35450), Bretagne"
13261,Drouges,Bretagne,Ille-et-Vilaine,35130,47.902,-1.261,"Drouges (35130), Bretagne"
13262,Eancé,Bretagne,Ille-et-Vilaine,35640,47.824,-1.252,"Eancé (35640), Bretagne"
13263,Epiniac,Bretagne,Ille-et-Vilaine,35120,48.5,-1.703,"Epiniac (35120), Bretagne"
13264,Erbrée,Bretagne,Ille-et-Vilaine,35500,48.109,-1.117,"Erbrée (35500), Bretagne"
13265,Ercé-en-Lamée,Bretagne,Ille-et-Vilaine,35620,47.818,-1.583,"Ercé-en-Lamée (35620), Bretagne"
13266,Ercé-près-Liffré,Bretagne,Ille-et-Vilaine,35340,48.254,-1.517,"Ercé-près-Liffré (35340), Bretagne"
13267,Essé,Bretagne,Ille-et-Vilaine,35150,47.948,-1.43,"Essé (35150), Bretagne"
13268,Étrelles,Bretagne,Ille-et-Vilaine,35370,48.07,-1.216,"Étrelles (35370), Bretagne"
13269,Feins,Bretagne,Ille-et-Vilaine,35440,48.328,-1.626,"Feins (35440), Bretagne"
13270,Le Ferré,Bretagne,Ille-et-Vilaine,35420,48.486,-1.295,"Le Ferré (35420), Bretagne"
13271,Forges-la-Forêt,Bretagne,Ille-et-Vilaine,35640,47.862,-1.294,"Forges-la-Forêt (35640), Bretagne"
13272,Fougères,Bretagne,Ille-et-Vilaine,35300,48.352,-1.194,"Fougères (35300), Bretagne"
13273,La Fresnais,Bretagne,Ille-et-Vilaine,35111,48.587,-1.835,"La Fresnais (35111), Bretagne"
13274,Gaël,Bretagne,Ille-et-Vilaine,35290,48.118,-2.228,"Gaël (35290), Bretagne"
13275,Gahard,Bretagne,Ille-et-Vilaine,35490,48.288,-1.528,"Gahard (35490), Bretagne"
13276,Gennes-sur-Seiche,Bretagne,Ille-et-Vilaine,35370,47.998,-1.133,"Gennes-sur-Seiche (35370), Bretagne"
13277,Gévezé,Bretagne,Ille-et-Vilaine,35850,48.213,-1.799,"Gévezé (35850), Bretagne"
13278,Gosné,Bretagne,Ille-et-Vilaine,35140,48.25,-1.459,"Gosné (35140), Bretagne"
13279,La Gouesnière,Bretagne,Ille-et-Vilaine,35350,48.603,-1.887,"La Gouesnière (35350), Bretagne"
13280,Goven,Bretagne,Ille-et-Vilaine,35580,48.009,-1.838,"Goven (35580), Bretagne"
13281,Grand-Fougeray,Bretagne,Ille-et-Vilaine,35390,47.734,-1.728,"Grand-Fougeray (35390), Bretagne"
13282,La Guerche-de-Bretagne,Bretagne,Ille-et-Vilaine,35130,47.944,-1.244,"La Guerche-de-Bretagne (35130), Bretagne"
13283,Guichen,Bretagne,Ille-et-Vilaine,35580,47.965,-1.79,"Guichen (35580), Bretagne"
13284,Guignen,Bretagne,Ille-et-Vilaine,35580,47.924,-1.862,"Guignen (35580), Bretagne"
13285,Guipel,Bretagne,Ille-et-Vilaine,35440,48.292,-1.724,"Guipel (35440), Bretagne"
13286,Hédé-Bazouges,Bretagne,Ille-et-Vilaine,35630,48.302,-1.778,"Hédé-Bazouges (35630), Bretagne"
13287,L'Hermitage,Bretagne,Ille-et-Vilaine,35590,48.122,-1.817,"L'Hermitage (35590), Bretagne"
13288,Hirel,Bretagne,Ille-et-Vilaine,35120,48.595,-1.809,"Hirel (35120), Bretagne"
13289,Iffendic,Bretagne,Ille-et-Vilaine,35750,48.114,-2.024,"Iffendic (35750), Bretagne"
13290,Les Iffs,Bretagne,Ille-et-Vilaine,35630,48.294,-1.867,"Les Iffs (35630), Bretagne"
13291,Irodouër,Bretagne,Ille-et-Vilaine,35850,48.246,-1.95,"Irodouër (35850), Bretagne"
13292,Janzé,Bretagne,Ille-et-Vilaine,35150,47.943,-1.5,"Janzé (35150), Bretagne"
13293,Javené,Bretagne,Ille-et-Vilaine,35133,48.317,-1.206,"Javené (35133), Bretagne"
13294,Laignelet,Bretagne,Ille-et-Vilaine,35133,48.38,-1.152,"Laignelet (35133), Bretagne"
13295,Laillé,Bretagne,Ille-et-Vilaine,35890,47.967,-1.714,"Laillé (35890), Bretagne"
13296,Lalleu,Bretagne,Ille-et-Vilaine,35320,47.856,-1.522,"Lalleu (35320), Bretagne"
13297,Landavran,Bretagne,Ille-et-Vilaine,35450,48.161,-1.285,"Landavran (35450), Bretagne"
13298,Landéan,Bretagne,Ille-et-Vilaine,35133,48.413,-1.148,"Landéan (35133), Bretagne"
13299,Landujan,Bretagne,Ille-et-Vilaine,35360,48.248,-2.009,"Landujan (35360), Bretagne"
13300,Langan,Bretagne,Ille-et-Vilaine,35850,48.236,-1.846,"Langan (35850), Bretagne"
13301,Langon,Bretagne,Ille-et-Vilaine,35660,47.734,-1.872,"Langon (35660), Bretagne"
13302,Langouet,Bretagne,Ille-et-Vilaine,35630,48.255,-1.809,"Langouet (35630), Bretagne"
13303,Lanrigan,Bretagne,Ille-et-Vilaine,35270,48.391,-1.691,"Lanrigan (35270), Bretagne"
13304,Lassy,Bretagne,Ille-et-Vilaine,35580,47.972,-1.864,"Lassy (35580), Bretagne"
13305,Lécousse,Bretagne,Ille-et-Vilaine,35133,48.36,-1.221,"Lécousse (35133), Bretagne"
13306,Lieuron,Bretagne,Ille-et-Vilaine,35550,47.852,-1.929,"Lieuron (35550), Bretagne"
13307,Liffré,Bretagne,Ille-et-Vilaine,35340,48.204,-1.514,"Liffré (35340), Bretagne"
13308,Lillemer,Bretagne,Ille-et-Vilaine,35111,48.571,-1.856,"Lillemer (35111), Bretagne"
13309,Livré-sur-Changeon,Bretagne,Ille-et-Vilaine,35450,48.227,-1.349,"Livré-sur-Changeon (35450), Bretagne"
13310,Lohéac,Bretagne,Ille-et-Vilaine,35550,47.873,-1.888,"Lohéac (35550), Bretagne"
13311,Longaulnay,Bretagne,Ille-et-Vilaine,35190,48.309,-1.942,"Longaulnay (35190), Bretagne"
13312,Le Loroux,Bretagne,Ille-et-Vilaine,35133,48.395,-1.083,"Le Loroux (35133), Bretagne"
13313,Lourmais,Bretagne,Ille-et-Vilaine,35270,48.441,-1.733,"Lourmais (35270), Bretagne"
13314,Loutehel,Bretagne,Ille-et-Vilaine,35330,47.937,-2.08,"Loutehel (35330), Bretagne"
13315,Louvigné-de-Bais,Bretagne,Ille-et-Vilaine,35680,48.052,-1.339,"Louvigné-de-Bais (35680), Bretagne"
13316,Louvigné-du-Désert,Bretagne,Ille-et-Vilaine,35420,48.487,-1.124,"Louvigné-du-Désert (35420), Bretagne"
13317,Luitré-Dompierre,Bretagne,Ille-et-Vilaine,35133,48.293,-1.13,"Luitré-Dompierre (35133), Bretagne"
13318,Marcillé-Raoul,Bretagne,Ille-et-Vilaine,35560,48.374,-1.614,"Marcillé-Raoul (35560), Bretagne"
13319,Marcillé-Robert,Bretagne,Ille-et-Vilaine,35240,47.958,-1.354,"Marcillé-Robert (35240), Bretagne"
13320,Marpiré,Bretagne,Ille-et-Vilaine,35220,48.147,-1.353,"Marpiré (35220), Bretagne"
13321,Martigné-Ferchaud,Bretagne,Ille-et-Vilaine,35640,47.828,-1.328,"Martigné-Ferchaud (35640), Bretagne"
13322,Val d'Anast,Bretagne,Ille-et-Vilaine,35330,47.897,-1.999,"Val d'Anast (35330), Bretagne"
13323,Maxent,Bretagne,Ille-et-Vilaine,35380,47.979,-2.015,"Maxent (35380), Bretagne"
13324,Mecé,Bretagne,Ille-et-Vilaine,35450,48.241,-1.286,"Mecé (35450), Bretagne"
13325,Médréac,Bretagne,Ille-et-Vilaine,35360,48.261,-2.061,"Médréac (35360), Bretagne"
13326,Meillac,Bretagne,Ille-et-Vilaine,35270,48.421,-1.822,"Meillac (35270), Bretagne"
13327,Melesse,Bretagne,Ille-et-Vilaine,35520,48.219,-1.69,"Melesse (35520), Bretagne"
13328,Mellé,Bretagne,Ille-et-Vilaine,35420,48.485,-1.191,"Mellé (35420), Bretagne"
13329,Mernel,Bretagne,Ille-et-Vilaine,35330,47.898,-1.951,"Mernel (35330), Bretagne"
13330,Guipry-Messac,Bretagne,Ille-et-Vilaine,35480,47.805,-1.8,"Guipry-Messac (35480), Bretagne"
13331,La Mézière,Bretagne,Ille-et-Vilaine,35520,48.213,-1.751,"La Mézière (35520), Bretagne"
13332,Mézières-sur-Couesnon,Bretagne,Ille-et-Vilaine,35140,48.297,-1.438,"Mézières-sur-Couesnon (35140), Bretagne"
13333,Miniac-Morvan,Bretagne,Ille-et-Vilaine,35540,48.525,-1.895,"Miniac-Morvan (35540), Bretagne"
13334,Miniac-sous-Bécherel,Bretagne,Ille-et-Vilaine,35190,48.281,-1.927,"Miniac-sous-Bécherel (35190), Bretagne"
13335,Le Minihic-sur-Rance,Bretagne,Ille-et-Vilaine,35870,48.576,-2.013,"Le Minihic-sur-Rance (35870), Bretagne"
13336,Mondevert,Bretagne,Ille-et-Vilaine,35370,48.084,-1.091,"Mondevert (35370), Bretagne"
13337,Montauban-de-Bretagne,Bretagne,Ille-et-Vilaine,35360,48.203,-2.065,"Montauban-de-Bretagne (35360), Bretagne"
13338,Montautour,Bretagne,Ille-et-Vilaine,35210,48.204,-1.121,"Montautour (35210), Bretagne"
13339,Mont-Dol,Bretagne,Ille-et-Vilaine,35120,48.571,-1.758,"Mont-Dol (35120), Bretagne"
13340,Monterfil,Bretagne,Ille-et-Vilaine,35160,48.06,-1.99,"Monterfil (35160), Bretagne"
13341,Montfort-sur-Meu,Bretagne,Ille-et-Vilaine,35160,48.126,-1.963,"Montfort-sur-Meu (35160), Bretagne"
13342,Montgermont,Bretagne,Ille-et-Vilaine,35760,48.154,-1.717,"Montgermont (35760), Bretagne"
13343,Monthault,Bretagne,Ille-et-Vilaine,35420,48.512,-1.176,"Monthault (35420), Bretagne"
13344,Les Portes du Coglais,Bretagne,Ille-et-Vilaine,35460,48.448,-1.303,"Les Portes du Coglais (35460), Bretagne"
13345,Montreuil-des-Landes,Bretagne,Ille-et-Vilaine,35210,48.251,-1.229,"Montreuil-des-Landes (35210), Bretagne"
13346,Montreuil-le-Gast,Bretagne,Ille-et-Vilaine,35520,48.244,-1.721,"Montreuil-le-Gast (35520), Bretagne"
13347,Montreuil-sous-Pérouse,Bretagne,Ille-et-Vilaine,35500,48.151,-1.242,"Montreuil-sous-Pérouse (35500), Bretagne"
13348,Montreuil-sur-Ille,Bretagne,Ille-et-Vilaine,35440,48.305,-1.669,"Montreuil-sur-Ille (35440), Bretagne"
13349,Mordelles,Bretagne,Ille-et-Vilaine,35310,48.086,-1.842,"Mordelles (35310), Bretagne"
13350,Mouazé,Bretagne,Ille-et-Vilaine,35250,48.218,-1.608,"Mouazé (35250), Bretagne"
13351,Moulins,Bretagne,Ille-et-Vilaine,35680,48.009,-1.363,"Moulins (35680), Bretagne"
13352,Moussé,Bretagne,Ille-et-Vilaine,35130,47.918,-1.279,"Moussé (35130), Bretagne"
13353,Moutiers,Bretagne,Ille-et-Vilaine,35130,47.976,-1.205,"Moutiers (35130), Bretagne"
13354,Muel,Bretagne,Ille-et-Vilaine,35290,48.12,-2.162,"Muel (35290), Bretagne"
13355,La Noë-Blanche,Bretagne,Ille-et-Vilaine,35470,47.795,-1.745,"La Noë-Blanche (35470), Bretagne"
13356,La Nouaye,Bretagne,Ille-et-Vilaine,35137,48.166,-1.975,"La Nouaye (35137), Bretagne"
13357,Nouvoitou,Bretagne,Ille-et-Vilaine,35410,48.03,-1.552,"Nouvoitou (35410), Bretagne"
13358,Noyal-sous-Bazouges,Bretagne,Ille-et-Vilaine,35560,48.417,-1.624,"Noyal-sous-Bazouges (35560), Bretagne"
13359,Noyal-Châtillon-sur-Seiche,Bretagne,Ille-et-Vilaine,35230,48.052,-1.663,"Noyal-Châtillon-sur-Seiche (35230), Bretagne"
13360,Noyal-sur-Vilaine,Bretagne,Ille-et-Vilaine,35530,48.091,-1.506,"Noyal-sur-Vilaine (35530), Bretagne"
13361,Orgères,Bretagne,Ille-et-Vilaine,35230,47.985,-1.666,"Orgères (35230), Bretagne"
13362,Pacé,Bretagne,Ille-et-Vilaine,35740,48.152,-1.777,"Pacé (35740), Bretagne"
13363,Paimpont,Bretagne,Ille-et-Vilaine,35380,48.03,-2.173,"Paimpont (35380), Bretagne"
13364,Pancé,Bretagne,Ille-et-Vilaine,35320,47.889,-1.643,"Pancé (35320), Bretagne"
13365,Parcé,Bretagne,Ille-et-Vilaine,35210,48.271,-1.195,"Parcé (35210), Bretagne"
13366,Parigné,Bretagne,Ille-et-Vilaine,35133,48.426,-1.198,"Parigné (35133), Bretagne"
13367,Parthenay-de-Bretagne,Bretagne,Ille-et-Vilaine,35850,48.188,-1.83,"Parthenay-de-Bretagne (35850), Bretagne"
13368,Le Pertre,Bretagne,Ille-et-Vilaine,35370,48.034,-1.056,"Le Pertre (35370), Bretagne"
13369,Le Petit-Fougeray,Bretagne,Ille-et-Vilaine,35320,47.928,-1.616,"Le Petit-Fougeray (35320), Bretagne"
13370,Pipriac,Bretagne,Ille-et-Vilaine,35550,47.812,-1.938,"Pipriac (35550), Bretagne"
13371,Piré-Chancé,Bretagne,Ille-et-Vilaine,35150,48.011,-1.428,"Piré-Chancé (35150), Bretagne"
13372,Pléchâtel,Bretagne,Ille-et-Vilaine,35470,47.875,-1.734,"Pléchâtel (35470), Bretagne"
13373,Pleine-Fougères,Bretagne,Ille-et-Vilaine,35610,48.531,-1.574,"Pleine-Fougères (35610), Bretagne"
13374,Plélan-le-Grand,Bretagne,Ille-et-Vilaine,35380,47.997,-2.08,"Plélan-le-Grand (35380), Bretagne"
13375,Plerguer,Bretagne,Ille-et-Vilaine,35540,48.528,-1.846,"Plerguer (35540), Bretagne"
13376,Plesder,Bretagne,Ille-et-Vilaine,35720,48.418,-1.93,"Plesder (35720), Bretagne"
13377,Pleugueneuc,Bretagne,Ille-et-Vilaine,35720,48.404,-1.886,"Pleugueneuc (35720), Bretagne"
13378,Pleumeleuc,Bretagne,Ille-et-Vilaine,35137,48.183,-1.893,"Pleumeleuc (35137), Bretagne"
13379,Pleurtuit,Bretagne,Ille-et-Vilaine,35730,48.583,-2.06,"Pleurtuit (35730), Bretagne"
13380,Pocé-les-Bois,Bretagne,Ille-et-Vilaine,35500,48.115,-1.26,"Pocé-les-Bois (35500), Bretagne"
13381,Poilley,Bretagne,Ille-et-Vilaine,35420,48.466,-1.257,"Poilley (35420), Bretagne"
13382,Poligné,Bretagne,Ille-et-Vilaine,35320,47.899,-1.685,"Poligné (35320), Bretagne"
13383,Princé,Bretagne,Ille-et-Vilaine,35210,48.237,-1.106,"Princé (35210), Bretagne"
13384,Québriac,Bretagne,Ille-et-Vilaine,35190,48.356,-1.813,"Québriac (35190), Bretagne"
13385,Quédillac,Bretagne,Ille-et-Vilaine,35290,48.238,-2.144,"Quédillac (35290), Bretagne"
13386,Rannée,Bretagne,Ille-et-Vilaine,35130,47.901,-1.226,"Rannée (35130), Bretagne"
13387,Redon,Bretagne,Ille-et-Vilaine,35600,47.661,-2.08,"Redon (35600), Bretagne"
13388,Renac,Bretagne,Ille-et-Vilaine,35660,47.728,-1.966,"Renac (35660), Bretagne"
13389,Rennes,Bretagne,Ille-et-Vilaine,35700,48.112,-1.682,"Rennes (35700), Bretagne"
13390,Retiers,Bretagne,Ille-et-Vilaine,35240,47.906,-1.344,"Retiers (35240), Bretagne"
13391,Le Rheu,Bretagne,Ille-et-Vilaine,35650,48.097,-1.782,"Le Rheu (35650), Bretagne"
13392,La Richardais,Bretagne,Ille-et-Vilaine,35780,48.61,-2.044,"La Richardais (35780), Bretagne"
13393,Rimou,Bretagne,Ille-et-Vilaine,35560,48.388,-1.528,"Rimou (35560), Bretagne"
13394,Romagné,Bretagne,Ille-et-Vilaine,35133,48.344,-1.262,"Romagné (35133), Bretagne"
13395,Romazy,Bretagne,Ille-et-Vilaine,35490,48.38,-1.493,"Romazy (35490), Bretagne"
13396,Romillé,Bretagne,Ille-et-Vilaine,35850,48.222,-1.879,"Romillé (35850), Bretagne"
13397,Roz-Landrieux,Bretagne,Ille-et-Vilaine,35120,48.546,-1.817,"Roz-Landrieux (35120), Bretagne"
13398,Roz-sur-Couesnon,Bretagne,Ille-et-Vilaine,35610,48.596,-1.593,"Roz-sur-Couesnon (35610), Bretagne"
13399,Sains,Bretagne,Ille-et-Vilaine,35610,48.556,-1.603,"Sains (35610), Bretagne"
13400,Sainte-Anne-sur-Vilaine,Bretagne,Ille-et-Vilaine,35390,47.734,-1.805,"Sainte-Anne-sur-Vilaine (35390), Bretagne"
13401,Saint-Armel,Bretagne,Ille-et-Vilaine,35230,48.013,-1.581,"Saint-Armel (35230), Bretagne"
13402,Saint-Aubin-d'Aubigné,Bretagne,Ille-et-Vilaine,35250,48.262,-1.6,"Saint-Aubin-d'Aubigné (35250), Bretagne"
13403,Saint-Aubin-des-Landes,Bretagne,Ille-et-Vilaine,35500,48.1,-1.292,"Saint-Aubin-des-Landes (35500), Bretagne"
13404,Saint-Aubin-du-Cormier,Bretagne,Ille-et-Vilaine,35140,48.258,-1.421,"Saint-Aubin-du-Cormier (35140), Bretagne"
13405,Saint-Benoît-des-Ondes,Bretagne,Ille-et-Vilaine,35114,48.614,-1.86,"Saint-Benoît-des-Ondes (35114), Bretagne"
13406,Saint-Briac-sur-Mer,Bretagne,Ille-et-Vilaine,35800,48.616,-2.124,"Saint-Briac-sur-Mer (35800), Bretagne"
13407,Maen Roch,Bretagne,Ille-et-Vilaine,35460,48.413,-1.368,"Maen Roch (35460), Bretagne"
13408,Saint-Brieuc-des-Iffs,Bretagne,Ille-et-Vilaine,35630,48.303,-1.844,"Saint-Brieuc-des-Iffs (35630), Bretagne"
13409,Saint-Broladre,Bretagne,Ille-et-Vilaine,35120,48.58,-1.661,"Saint-Broladre (35120), Bretagne"
13410,Saint-Christophe-des-Bois,Bretagne,Ille-et-Vilaine,35210,48.226,-1.236,"Saint-Christophe-des-Bois (35210), Bretagne"
13411,Saint-Christophe-de-Valains,Bretagne,Ille-et-Vilaine,35140,48.342,-1.452,"Saint-Christophe-de-Valains (35140), Bretagne"
13412,Sainte-Colombe,Bretagne,Ille-et-Vilaine,35134,47.896,-1.458,"Sainte-Colombe (35134), Bretagne"
13413,Saint-Coulomb,Bretagne,Ille-et-Vilaine,35350,48.677,-1.921,"Saint-Coulomb (35350), Bretagne"
13414,Saint-Didier,Bretagne,Ille-et-Vilaine,35220,48.093,-1.358,"Saint-Didier (35220), Bretagne"
13415,Saint-Domineuc,Bretagne,Ille-et-Vilaine,35190,48.36,-1.869,"Saint-Domineuc (35190), Bretagne"
13416,Saint-Erblon,Bretagne,Ille-et-Vilaine,35230,48.019,-1.642,"Saint-Erblon (35230), Bretagne"
13417,Saint-Ganton,Bretagne,Ille-et-Vilaine,35550,47.769,-1.891,"Saint-Ganton (35550), Bretagne"
13418,Saint-Georges-de-Gréhaigne,Bretagne,Ille-et-Vilaine,35610,48.579,-1.549,"Saint-Georges-de-Gréhaigne (35610), Bretagne"
13419,Saint-Georges-de-Reintembault,Bretagne,Ille-et-Vilaine,35420,48.513,-1.235,"Saint-Georges-de-Reintembault (35420), Bretagne"
13420,Saint-Germain-du-Pinel,Bretagne,Ille-et-Vilaine,35370,48.005,-1.173,"Saint-Germain-du-Pinel (35370), Bretagne"
13421,Saint-Germain-en-Coglès,Bretagne,Ille-et-Vilaine,35133,48.397,-1.264,"Saint-Germain-en-Coglès (35133), Bretagne"
13422,Saint-Germain-sur-Ille,Bretagne,Ille-et-Vilaine,35250,48.251,-1.653,"Saint-Germain-sur-Ille (35250), Bretagne"
13423,Saint-Gilles,Bretagne,Ille-et-Vilaine,35590,48.152,-1.854,"Saint-Gilles (35590), Bretagne"
13424,Saint-Gondran,Bretagne,Ille-et-Vilaine,35630,48.268,-1.825,"Saint-Gondran (35630), Bretagne"
13425,Saint-Gonlay,Bretagne,Ille-et-Vilaine,35750,48.113,-2.077,"Saint-Gonlay (35750), Bretagne"
13426,Saint-Grégoire,Bretagne,Ille-et-Vilaine,35760,48.159,-1.686,"Saint-Grégoire (35760), Bretagne"
13427,Saint-Guinoux,Bretagne,Ille-et-Vilaine,35430,48.579,-1.888,"Saint-Guinoux (35430), Bretagne"
13428,Saint-Hilaire-des-Landes,Bretagne,Ille-et-Vilaine,35140,48.338,-1.367,"Saint-Hilaire-des-Landes (35140), Bretagne"
13429,Saint-Jacques-de-la-Lande,Bretagne,Ille-et-Vilaine,35136,48.076,-1.724,"Saint-Jacques-de-la-Lande (35136), Bretagne"
13430,Rives-du-Couesnon,Bretagne,Ille-et-Vilaine,35140,48.277,-1.368,"Rives-du-Couesnon (35140), Bretagne"
13431,Saint-Jean-sur-Vilaine,Bretagne,Ille-et-Vilaine,35220,48.121,-1.34,"Saint-Jean-sur-Vilaine (35220), Bretagne"
13432,Saint-Jouan-des-Guérets,Bretagne,Ille-et-Vilaine,35430,48.604,-1.965,"Saint-Jouan-des-Guérets (35430), Bretagne"
13433,Saint-Just,Bretagne,Ille-et-Vilaine,35550,47.764,-1.969,"Saint-Just (35550), Bretagne"
13434,Saint-Léger-des-Prés,Bretagne,Ille-et-Vilaine,35270,48.388,-1.658,"Saint-Léger-des-Prés (35270), Bretagne"
13435,Saint-Lunaire,Bretagne,Ille-et-Vilaine,35800,48.62,-2.097,"Saint-Lunaire (35800), Bretagne"
13436,Saint-Malo,Bretagne,Ille-et-Vilaine,35400,48.64,-1.981,"Saint-Malo (35400), Bretagne"
13437,Saint-Malo-de-Phily,Bretagne,Ille-et-Vilaine,35480,47.868,-1.805,"Saint-Malo-de-Phily (35480), Bretagne"
13438,Saint-Malon-sur-Mel,Bretagne,Ille-et-Vilaine,35750,48.094,-2.112,"Saint-Malon-sur-Mel (35750), Bretagne"
13439,Saint-Marcan,Bretagne,Ille-et-Vilaine,35120,48.585,-1.628,"Saint-Marcan (35120), Bretagne"
13440,Saint-Marc-le-Blanc,Bretagne,Ille-et-Vilaine,35460,48.375,-1.405,"Saint-Marc-le-Blanc (35460), Bretagne"
13441,Sainte-Marie,Bretagne,Ille-et-Vilaine,35600,47.694,-2.013,"Sainte-Marie (35600), Bretagne"
13442,Saint-Maugan,Bretagne,Ille-et-Vilaine,35750,48.137,-2.102,"Saint-Maugan (35750), Bretagne"
13443,Saint-Médard-sur-Ille,Bretagne,Ille-et-Vilaine,35250,48.273,-1.67,"Saint-Médard-sur-Ille (35250), Bretagne"
13444,Saint-Méen-le-Grand,Bretagne,Ille-et-Vilaine,35290,48.193,-2.195,"Saint-Méen-le-Grand (35290), Bretagne"
13445,Saint-Méloir-des-Ondes,Bretagne,Ille-et-Vilaine,35350,48.639,-1.905,"Saint-Méloir-des-Ondes (35350), Bretagne"
13446,Saint-M'Hervé,Bretagne,Ille-et-Vilaine,35500,48.172,-1.111,"Saint-M'Hervé (35500), Bretagne"
13447,Saint-Onen-la-Chapelle,Bretagne,Ille-et-Vilaine,35290,48.17,-2.156,"Saint-Onen-la-Chapelle (35290), Bretagne"
13448,Saint-Ouen-des-Alleux,Bretagne,Ille-et-Vilaine,35140,48.327,-1.428,"Saint-Ouen-des-Alleux (35140), Bretagne"
13449,Saint-Péran,Bretagne,Ille-et-Vilaine,35380,48.057,-2.065,"Saint-Péran (35380), Bretagne"
13450,Saint-Père-Marc-en-Poulet,Bretagne,Ille-et-Vilaine,35430,48.584,-1.929,"Saint-Père-Marc-en-Poulet (35430), Bretagne"
13451,Saint-Pern,Bretagne,Ille-et-Vilaine,35190,48.281,-1.983,"Saint-Pern (35190), Bretagne"
13452,Mesnil-Roc'h,Bretagne,Ille-et-Vilaine,35720,48.455,-1.889,"Mesnil-Roc'h (35720), Bretagne"
13453,Saint-Rémy-du-Plain,Bretagne,Ille-et-Vilaine,35560,48.376,-1.567,"Saint-Rémy-du-Plain (35560), Bretagne"
13454,Saint-Sauveur-des-Landes,Bretagne,Ille-et-Vilaine,35133,48.347,-1.314,"Saint-Sauveur-des-Landes (35133), Bretagne"
13455,Saint-Séglin,Bretagne,Ille-et-Vilaine,35330,47.851,-2.026,"Saint-Séglin (35330), Bretagne"
13456,Saint-Senoux,Bretagne,Ille-et-Vilaine,35580,47.91,-1.79,"Saint-Senoux (35580), Bretagne"
13457,Saint-Suliac,Bretagne,Ille-et-Vilaine,35430,48.57,-1.967,"Saint-Suliac (35430), Bretagne"
13458,Saint-Sulpice-la-Forêt,Bretagne,Ille-et-Vilaine,35250,48.212,-1.577,"Saint-Sulpice-la-Forêt (35250), Bretagne"
13459,Saint-Sulpice-des-Landes,Bretagne,Ille-et-Vilaine,35390,47.777,-1.626,"Saint-Sulpice-des-Landes (35390), Bretagne"
13460,Saint-Symphorien,Bretagne,Ille-et-Vilaine,35630,48.281,-1.803,"Saint-Symphorien (35630), Bretagne"
13461,Saint-Thual,Bretagne,Ille-et-Vilaine,35190,48.336,-1.932,"Saint-Thual (35190), Bretagne"
13462,Saint-Thurial,Bretagne,Ille-et-Vilaine,35310,48.034,-1.94,"Saint-Thurial (35310), Bretagne"
13463,Saint-Uniac,Bretagne,Ille-et-Vilaine,35360,48.167,-2.034,"Saint-Uniac (35360), Bretagne"
13464,Saulnières,Bretagne,Ille-et-Vilaine,35320,47.92,-1.578,"Saulnières (35320), Bretagne"
13465,Le Sel-de-Bretagne,Bretagne,Ille-et-Vilaine,35320,47.898,-1.606,"Le Sel-de-Bretagne (35320), Bretagne"
13466,La Selle-en-Luitré,Bretagne,Ille-et-Vilaine,35133,48.321,-1.151,"La Selle-en-Luitré (35133), Bretagne"
13467,La Selle-Guerchaise,Bretagne,Ille-et-Vilaine,35130,47.943,-1.17,"La Selle-Guerchaise (35130), Bretagne"
13468,Sens-de-Bretagne,Bretagne,Ille-et-Vilaine,35490,48.337,-1.554,"Sens-de-Bretagne (35490), Bretagne"
13469,Servon-sur-Vilaine,Bretagne,Ille-et-Vilaine,35530,48.121,-1.458,"Servon-sur-Vilaine (35530), Bretagne"
13470,Sixt-sur-Aff,Bretagne,Ille-et-Vilaine,35550,47.775,-2.049,"Sixt-sur-Aff (35550), Bretagne"
13471,Sougeal,Bretagne,Ille-et-Vilaine,35610,48.503,-1.515,"Sougeal (35610), Bretagne"
13472,Taillis,Bretagne,Ille-et-Vilaine,35500,48.185,-1.24,"Taillis (35500), Bretagne"
13473,Talensac,Bretagne,Ille-et-Vilaine,35160,48.091,-1.926,"Talensac (35160), Bretagne"
13474,Teillay,Bretagne,Ille-et-Vilaine,35620,47.808,-1.522,"Teillay (35620), Bretagne"
13475,Le Theil-de-Bretagne,Bretagne,Ille-et-Vilaine,35240,47.918,-1.422,"Le Theil-de-Bretagne (35240), Bretagne"
13476,Thorigné-Fouillard,Bretagne,Ille-et-Vilaine,35235,48.157,-1.584,"Thorigné-Fouillard (35235), Bretagne"
13477,Thourie,Bretagne,Ille-et-Vilaine,35134,47.849,-1.458,"Thourie (35134), Bretagne"
13478,Le Tiercent,Bretagne,Ille-et-Vilaine,35460,48.35,-1.423,"Le Tiercent (35460), Bretagne"
13479,Tinténiac,Bretagne,Ille-et-Vilaine,35190,48.323,-1.83,"Tinténiac (35190), Bretagne"
13480,Torcé,Bretagne,Ille-et-Vilaine,35370,48.061,-1.272,"Torcé (35370), Bretagne"
13481,Trans-la-Forêt,Bretagne,Ille-et-Vilaine,35610,48.488,-1.604,"Trans-la-Forêt (35610), Bretagne"
13482,Treffendel,Bretagne,Ille-et-Vilaine,35380,48.031,-2.008,"Treffendel (35380), Bretagne"
13483,Trémeheuc,Bretagne,Ille-et-Vilaine,35270,48.439,-1.698,"Trémeheuc (35270), Bretagne"
13484,Tresbœuf,Bretagne,Ille-et-Vilaine,35320,47.881,-1.553,"Tresbœuf (35320), Bretagne"
13485,Trévérien,Bretagne,Ille-et-Vilaine,35190,48.371,-1.92,"Trévérien (35190), Bretagne"
13486,Trimer,Bretagne,Ille-et-Vilaine,35190,48.344,-1.897,"Trimer (35190), Bretagne"
13487,Val-d'Izé,Bretagne,Ille-et-Vilaine,35450,48.19,-1.305,"Val-d'Izé (35450), Bretagne"
13488,Vergéal,Bretagne,Ille-et-Vilaine,35680,48.036,-1.256,"Vergéal (35680), Bretagne"
13489,Le Verger,Bretagne,Ille-et-Vilaine,35160,48.066,-1.937,"Le Verger (35160), Bretagne"
13490,Vern-sur-Seiche,Bretagne,Ille-et-Vilaine,35770,48.052,-1.605,"Vern-sur-Seiche (35770), Bretagne"
13491,Vezin-le-Coquet,Bretagne,Ille-et-Vilaine,35132,48.117,-1.75,"Vezin-le-Coquet (35132), Bretagne"
13492,Vieux-Viel,Bretagne,Ille-et-Vilaine,35610,48.501,-1.553,"Vieux-Viel (35610), Bretagne"
13493,Vieux-Vy-sur-Couesnon,Bretagne,Ille-et-Vilaine,35490,48.334,-1.499,"Vieux-Vy-sur-Couesnon (35490), Bretagne"
13494,Vignoc,Bretagne,Ille-et-Vilaine,35630,48.257,-1.763,"Vignoc (35630), Bretagne"
13495,Villamée,Bretagne,Ille-et-Vilaine,35420,48.456,-1.218,"Villamée (35420), Bretagne"
13496,La Ville-ès-Nonais,Bretagne,Ille-et-Vilaine,35430,48.549,-1.952,"La Ville-ès-Nonais (35430), Bretagne"
13497,Visseiche,Bretagne,Ille-et-Vilaine,35130,47.96,-1.299,"Visseiche (35130), Bretagne"
13498,Vitré,Bretagne,Ille-et-Vilaine,35500,48.114,-1.194,"Vitré (35500), Bretagne"
13499,Le Vivier-sur-Mer,Bretagne,Ille-et-Vilaine,35960,48.598,-1.78,"Le Vivier-sur-Mer (35960), Bretagne"
13500,Le Tronchet,Bretagne,Ille-et-Vilaine,35540,48.493,-1.841,"Le Tronchet (35540), Bretagne"
13501,Pont-Péan,Bretagne,Ille-et-Vilaine,35131,48.011,-1.696,"Pont-Péan (35131), Bretagne"
14015,Les Abrets en Dauphiné,Auvergne-Rhône-Alpes,Isère,38490,45.542,5.593,"Les Abrets en Dauphiné (38490), Auvergne-Rhône-Alpes"
14016,Les Adrets,Auvergne-Rhône-Alpes,Isère,38190,45.259,5.992,"Les Adrets (38190), Auvergne-Rhône-Alpes"
14017,Agnin,Auvergne-Rhône-Alpes,Isère,38150,45.337,4.86,"Agnin (38150), Auvergne-Rhône-Alpes"
14018,L'Albenc,Auvergne-Rhône-Alpes,Isère,38470,45.219,5.458,"L'Albenc (38470), Auvergne-Rhône-Alpes"
14019,Allemond,Auvergne-Rhône-Alpes,Isère,38114,45.171,6.018,"Allemond (38114), Auvergne-Rhône-Alpes"
14020,Allevard,Auvergne-Rhône-Alpes,Isère,38580,45.38,6.114,"Allevard (38580), Auvergne-Rhône-Alpes"
14021,Ambel,Auvergne-Rhône-Alpes,Isère,38970,44.8,5.933,"Ambel (38970), Auvergne-Rhône-Alpes"
14022,Anjou,Auvergne-Rhône-Alpes,Isère,38150,45.349,4.883,"Anjou (38150), Auvergne-Rhône-Alpes"
14023,Annoisin-Chatelans,Auvergne-Rhône-Alpes,Isère,38460,45.761,5.292,"Annoisin-Chatelans (38460), Auvergne-Rhône-Alpes"
14024,Anthon,Auvergne-Rhône-Alpes,Isère,38280,45.785,5.154,"Anthon (38280), Auvergne-Rhône-Alpes"
14025,Aoste,Auvergne-Rhône-Alpes,Isère,38490,45.598,5.613,"Aoste (38490), Auvergne-Rhône-Alpes"
14026,Apprieu,Auvergne-Rhône-Alpes,Isère,38140,45.397,5.496,"Apprieu (38140), Auvergne-Rhône-Alpes"
14027,Artas,Auvergne-Rhône-Alpes,Isère,38440,45.537,5.167,"Artas (38440), Auvergne-Rhône-Alpes"
14028,Assieu,Auvergne-Rhône-Alpes,Isère,38150,45.41,4.877,"Assieu (38150), Auvergne-Rhône-Alpes"
14029,Auberives-en-Royans,Auvergne-Rhône-Alpes,Isère,38680,45.065,5.311,"Auberives-en-Royans (38680), Auvergne-Rhône-Alpes"
14030,Auberives-sur-Varèze,Auvergne-Rhône-Alpes,Isère,38550,45.426,4.819,"Auberives-sur-Varèze (38550), Auvergne-Rhône-Alpes"
14031,Auris,Auvergne-Rhône-Alpes,Isère,38142,45.052,6.084,"Auris (38142), Auvergne-Rhône-Alpes"
14032,Les Avenières Veyrins-Thuellin,Auvergne-Rhône-Alpes,Isère,38630,45.643,5.57,"Les Avenières Veyrins-Thuellin (38630), Auvergne-Rhône-Alpes"
14033,Avignonet,Auvergne-Rhône-Alpes,Isère,38650,44.958,5.674,"Avignonet (38650), Auvergne-Rhône-Alpes"
14034,La Balme-les-Grottes,Auvergne-Rhône-Alpes,Isère,38390,45.842,5.32,"La Balme-les-Grottes (38390), Auvergne-Rhône-Alpes"
14035,Barraux,Auvergne-Rhône-Alpes,Isère,38530,45.436,5.98,"Barraux (38530), Auvergne-Rhône-Alpes"
14036,La Bâtie-Montgascon,Auvergne-Rhône-Alpes,Isère,38110,45.576,5.541,"La Bâtie-Montgascon (38110), Auvergne-Rhône-Alpes"
14037,Beaucroissant,Auvergne-Rhône-Alpes,Isère,38140,45.343,5.468,"Beaucroissant (38140), Auvergne-Rhône-Alpes"
14038,Beaufin,Auvergne-Rhône-Alpes,Isère,38970,44.787,5.959,"Beaufin (38970), Auvergne-Rhône-Alpes"
14039,Beaufort,Auvergne-Rhône-Alpes,Isère,38270,45.329,5.116,"Beaufort (38270), Auvergne-Rhône-Alpes"
14040,Beaulieu,Auvergne-Rhône-Alpes,Isère,38470,45.191,5.397,"Beaulieu (38470), Auvergne-Rhône-Alpes"
14041,Beaurepaire,Auvergne-Rhône-Alpes,Isère,38270,45.336,5.044,"Beaurepaire (38270), Auvergne-Rhône-Alpes"
14042,Beauvoir-de-Marc,Auvergne-Rhône-Alpes,Isère,38440,45.52,5.08,"Beauvoir-de-Marc (38440), Auvergne-Rhône-Alpes"
14043,Beauvoir-en-Royans,Auvergne-Rhône-Alpes,Isère,38160,45.117,5.35,"Beauvoir-en-Royans (38160), Auvergne-Rhône-Alpes"
14044,Bellegarde-Poussieu,Auvergne-Rhône-Alpes,Isère,38270,45.378,4.951,"Bellegarde-Poussieu (38270), Auvergne-Rhône-Alpes"
14045,Belmont,Auvergne-Rhône-Alpes,Isère,38690,45.474,5.364,"Belmont (38690), Auvergne-Rhône-Alpes"
14046,Bernin,Auvergne-Rhône-Alpes,Isère,38190,45.265,5.864,"Bernin (38190), Auvergne-Rhône-Alpes"
14047,Besse,Auvergne-Rhône-Alpes,Isère,38142,45.104,6.209,"Besse (38142), Auvergne-Rhône-Alpes"
14048,Bessins,Auvergne-Rhône-Alpes,Isère,38160,45.205,5.264,"Bessins (38160), Auvergne-Rhône-Alpes"
14049,Bévenais,Auvergne-Rhône-Alpes,Isère,38690,45.394,5.393,"Bévenais (38690), Auvergne-Rhône-Alpes"
14050,Bilieu,Auvergne-Rhône-Alpes,Isère,38850,45.446,5.551,"Bilieu (38850), Auvergne-Rhône-Alpes"
14051,Biol,Auvergne-Rhône-Alpes,Isère,38690,45.496,5.369,"Biol (38690), Auvergne-Rhône-Alpes"
14052,Biviers,Auvergne-Rhône-Alpes,Isère,38330,45.243,5.798,"Biviers (38330), Auvergne-Rhône-Alpes"
14053,Bizonnes,Auvergne-Rhône-Alpes,Isère,38690,45.447,5.379,"Bizonnes (38690), Auvergne-Rhône-Alpes"
14054,Blandin,Auvergne-Rhône-Alpes,Isère,38730,45.48,5.447,"Blandin (38730), Auvergne-Rhône-Alpes"
14055,Bonnefamille,Auvergne-Rhône-Alpes,Isère,38090,45.601,5.114,"Bonnefamille (38090), Auvergne-Rhône-Alpes"
14056,Bossieu,Auvergne-Rhône-Alpes,Isère,38260,45.418,5.148,"Bossieu (38260), Auvergne-Rhône-Alpes"
14057,Le Bouchage,Auvergne-Rhône-Alpes,Isère,38510,45.67,5.523,"Le Bouchage (38510), Auvergne-Rhône-Alpes"
14058,Bougé-Chambalud,Auvergne-Rhône-Alpes,Isère,38150,45.32,4.892,"Bougé-Chambalud (38150), Auvergne-Rhône-Alpes"
14059,Le Bourg-d'Oisans,Auvergne-Rhône-Alpes,Isère,38520,45.034,6.033,"Le Bourg-d'Oisans (38520), Auvergne-Rhône-Alpes"
14060,Bourgoin-Jallieu,Auvergne-Rhône-Alpes,Isère,38300,45.602,5.274,"Bourgoin-Jallieu (38300), Auvergne-Rhône-Alpes"
14061,Bouvesse-Quirieu,Auvergne-Rhône-Alpes,Isère,38390,45.784,5.415,"Bouvesse-Quirieu (38390), Auvergne-Rhône-Alpes"
14062,Brangues,Auvergne-Rhône-Alpes,Isère,38510,45.696,5.537,"Brangues (38510), Auvergne-Rhône-Alpes"
14063,Bressieux,Auvergne-Rhône-Alpes,Isère,38870,45.322,5.278,"Bressieux (38870), Auvergne-Rhône-Alpes"
14064,Bresson,Auvergne-Rhône-Alpes,Isère,38320,45.134,5.751,"Bresson (38320), Auvergne-Rhône-Alpes"
14065,Brézins,Auvergne-Rhône-Alpes,Isère,38590,45.346,5.308,"Brézins (38590), Auvergne-Rhône-Alpes"
14066,Brié-et-Angonnes,Auvergne-Rhône-Alpes,Isère,38320,45.123,5.779,"Brié-et-Angonnes (38320), Auvergne-Rhône-Alpes"
14067,Brion,Auvergne-Rhône-Alpes,Isère,38590,45.292,5.34,"Brion (38590), Auvergne-Rhône-Alpes"
14068,La Buisse,Auvergne-Rhône-Alpes,Isère,38500,45.331,5.624,"La Buisse (38500), Auvergne-Rhône-Alpes"
14069,La Buissière,Auvergne-Rhône-Alpes,Isère,38530,45.409,5.986,"La Buissière (38530), Auvergne-Rhône-Alpes"
14070,Burcin,Auvergne-Rhône-Alpes,Isère,38690,45.433,5.448,"Burcin (38690), Auvergne-Rhône-Alpes"
14071,Cessieu,Auvergne-Rhône-Alpes,Isère,38110,45.569,5.376,"Cessieu (38110), Auvergne-Rhône-Alpes"
14072,Châbons,Auvergne-Rhône-Alpes,Isère,38690,45.448,5.426,"Châbons (38690), Auvergne-Rhône-Alpes"
14073,Chalon,Auvergne-Rhône-Alpes,Isère,38122,45.452,4.938,"Chalon (38122), Auvergne-Rhône-Alpes"
14074,Chamagnieu,Auvergne-Rhône-Alpes,Isère,38460,45.688,5.167,"Chamagnieu (38460), Auvergne-Rhône-Alpes"
14075,Champagnier,Auvergne-Rhône-Alpes,Isère,38800,45.111,5.721,"Champagnier (38800), Auvergne-Rhône-Alpes"
14076,Champier,Auvergne-Rhône-Alpes,Isère,38260,45.458,5.292,"Champier (38260), Auvergne-Rhône-Alpes"
14077,Le Champ-près-Froges,Auvergne-Rhône-Alpes,Isère,38190,45.282,5.939,"Le Champ-près-Froges (38190), Auvergne-Rhône-Alpes"
14078,Champ-sur-Drac,Auvergne-Rhône-Alpes,Isère,38560,45.069,5.728,"Champ-sur-Drac (38560), Auvergne-Rhône-Alpes"
14079,Chanas,Auvergne-Rhône-Alpes,Isère,38150,45.318,4.831,"Chanas (38150), Auvergne-Rhône-Alpes"
14080,Chantepérier,Auvergne-Rhône-Alpes,Isère,38740,44.986,5.976,"Chantepérier (38740), Auvergne-Rhône-Alpes"
14081,Chantesse,Auvergne-Rhône-Alpes,Isère,38470,45.246,5.447,"Chantesse (38470), Auvergne-Rhône-Alpes"
14082,Chapareillan,Auvergne-Rhône-Alpes,Isère,38530,45.462,5.958,"Chapareillan (38530), Auvergne-Rhône-Alpes"
14083,La Chapelle-de-la-Tour,Auvergne-Rhône-Alpes,Isère,38110,45.589,5.471,"La Chapelle-de-la-Tour (38110), Auvergne-Rhône-Alpes"
14084,La Chapelle-de-Surieu,Auvergne-Rhône-Alpes,Isère,38150,45.394,4.916,"La Chapelle-de-Surieu (38150), Auvergne-Rhône-Alpes"
14085,La Chapelle-du-Bard,Auvergne-Rhône-Alpes,Isère,38580,45.403,6.138,"La Chapelle-du-Bard (38580), Auvergne-Rhône-Alpes"
14086,Charancieu,Auvergne-Rhône-Alpes,Isère,38490,45.52,5.579,"Charancieu (38490), Auvergne-Rhône-Alpes"
14087,Charantonnay,Auvergne-Rhône-Alpes,Isère,38790,45.538,5.116,"Charantonnay (38790), Auvergne-Rhône-Alpes"
14088,Charavines,Auvergne-Rhône-Alpes,Isère,38850,45.428,5.518,"Charavines (38850), Auvergne-Rhône-Alpes"
14089,Charette,Auvergne-Rhône-Alpes,Isère,38390,45.805,5.362,"Charette (38390), Auvergne-Rhône-Alpes"
14090,Charnècles,Auvergne-Rhône-Alpes,Isère,38140,45.342,5.527,"Charnècles (38140), Auvergne-Rhône-Alpes"
14091,Charvieu-Chavagneux,Auvergne-Rhône-Alpes,Isère,38230,45.74,5.151,"Charvieu-Chavagneux (38230), Auvergne-Rhône-Alpes"
14092,Chasselay,Auvergne-Rhône-Alpes,Isère,38470,45.261,5.342,"Chasselay (38470), Auvergne-Rhône-Alpes"
14093,Chasse-sur-Rhône,Auvergne-Rhône-Alpes,Isère,38670,45.58,4.814,"Chasse-sur-Rhône (38670), Auvergne-Rhône-Alpes"
14094,Chassignieu,Auvergne-Rhône-Alpes,Isère,38730,45.501,5.513,"Chassignieu (38730), Auvergne-Rhône-Alpes"
14095,Château-Bernard,Auvergne-Rhône-Alpes,Isère,38650,44.982,5.563,"Château-Bernard (38650), Auvergne-Rhône-Alpes"
14096,Châteauvilain,Auvergne-Rhône-Alpes,Isère,38300,45.514,5.33,"Châteauvilain (38300), Auvergne-Rhône-Alpes"
14097,Châtelus,Auvergne-Rhône-Alpes,Isère,38680,45.054,5.39,"Châtelus (38680), Auvergne-Rhône-Alpes"
14098,Châtenay,Auvergne-Rhône-Alpes,Isère,38980,45.33,5.229,"Châtenay (38980), Auvergne-Rhône-Alpes"
14099,Châtonnay,Auvergne-Rhône-Alpes,Isère,38440,45.477,5.222,"Châtonnay (38440), Auvergne-Rhône-Alpes"
14100,Chatte,Auvergne-Rhône-Alpes,Isère,38160,45.14,5.28,"Chatte (38160), Auvergne-Rhône-Alpes"
14101,Chavanoz,Auvergne-Rhône-Alpes,Isère,38230,45.769,5.173,"Chavanoz (38230), Auvergne-Rhône-Alpes"
14102,Chélieu,Auvergne-Rhône-Alpes,Isère,38730,45.508,5.48,"Chélieu (38730), Auvergne-Rhône-Alpes"
14103,Chevrières,Auvergne-Rhône-Alpes,Isère,38160,45.192,5.293,"Chevrières (38160), Auvergne-Rhône-Alpes"
14104,Le Cheylas,Auvergne-Rhône-Alpes,Isère,38570,45.381,5.999,"Le Cheylas (38570), Auvergne-Rhône-Alpes"
14105,Cheyssieu,Auvergne-Rhône-Alpes,Isère,38550,45.426,4.843,"Cheyssieu (38550), Auvergne-Rhône-Alpes"
14106,Chèzeneuve,Auvergne-Rhône-Alpes,Isère,38300,45.561,5.217,"Chèzeneuve (38300), Auvergne-Rhône-Alpes"
14107,Chichilianne,Auvergne-Rhône-Alpes,Isère,38930,44.808,5.539,"Chichilianne (38930), Auvergne-Rhône-Alpes"
14108,Chimilin,Auvergne-Rhône-Alpes,Isère,38490,45.573,5.59,"Chimilin (38490), Auvergne-Rhône-Alpes"
14109,Chirens,Auvergne-Rhône-Alpes,Isère,38850,45.417,5.557,"Chirens (38850), Auvergne-Rhône-Alpes"
14110,Cholonge,Auvergne-Rhône-Alpes,Isère,38220,45.01,5.8,"Cholonge (38220), Auvergne-Rhône-Alpes"
14111,Chonas-l'Amballan,Auvergne-Rhône-Alpes,Isère,38121,45.464,4.803,"Chonas-l'Amballan (38121), Auvergne-Rhône-Alpes"
14112,Choranche,Auvergne-Rhône-Alpes,Isère,38680,45.071,5.394,"Choranche (38680), Auvergne-Rhône-Alpes"
14113,Chozeau,Auvergne-Rhône-Alpes,Isère,38460,45.7,5.21,"Chozeau (38460), Auvergne-Rhône-Alpes"
14114,Chuzelles,Auvergne-Rhône-Alpes,Isère,38200,45.576,4.878,"Chuzelles (38200), Auvergne-Rhône-Alpes"
14115,Claix,Auvergne-Rhône-Alpes,Isère,38640,45.122,5.657,"Claix (38640), Auvergne-Rhône-Alpes"
14116,Clavans-en-Haut-Oisans,Auvergne-Rhône-Alpes,Isère,38142,45.118,6.162,"Clavans-en-Haut-Oisans (38142), Auvergne-Rhône-Alpes"
14117,Clelles,Auvergne-Rhône-Alpes,Isère,38930,44.825,5.629,"Clelles (38930), Auvergne-Rhône-Alpes"
14118,Clonas-sur-Varèze,Auvergne-Rhône-Alpes,Isère,38550,45.415,4.792,"Clonas-sur-Varèze (38550), Auvergne-Rhône-Alpes"
14119,Saint-Martin-de-la-Cluze,Auvergne-Rhône-Alpes,Isère,38650,44.99,5.661,"Saint-Martin-de-la-Cluze (38650), Auvergne-Rhône-Alpes"
14120,Cognet,Auvergne-Rhône-Alpes,Isère,38350,44.881,5.776,"Cognet (38350), Auvergne-Rhône-Alpes"
14121,Cognin-les-Gorges,Auvergne-Rhône-Alpes,Isère,38470,45.171,5.418,"Cognin-les-Gorges (38470), Auvergne-Rhône-Alpes"
14122,Colombe,Auvergne-Rhône-Alpes,Isère,38690,45.394,5.449,"Colombe (38690), Auvergne-Rhône-Alpes"
14123,La Combe-de-Lancey,Auvergne-Rhône-Alpes,Isère,38190,45.198,5.919,"La Combe-de-Lancey (38190), Auvergne-Rhône-Alpes"
14124,Corbelin,Auvergne-Rhône-Alpes,Isère,38630,45.602,5.553,"Corbelin (38630), Auvergne-Rhône-Alpes"
14125,Corenc,Auvergne-Rhône-Alpes,Isère,38700,45.227,5.758,"Corenc (38700), Auvergne-Rhône-Alpes"
14126,Cornillon-en-Trièves,Auvergne-Rhône-Alpes,Isère,38710,44.835,5.704,"Cornillon-en-Trièves (38710), Auvergne-Rhône-Alpes"
14127,Corps,Auvergne-Rhône-Alpes,Isère,38970,44.82,5.942,"Corps (38970), Auvergne-Rhône-Alpes"
14128,Corrençon-en-Vercors,Auvergne-Rhône-Alpes,Isère,38250,45.012,5.518,"Corrençon-en-Vercors (38250), Auvergne-Rhône-Alpes"
14129,La Côte-Saint-André,Auvergne-Rhône-Alpes,Isère,38260,45.383,5.261,"La Côte-Saint-André (38260), Auvergne-Rhône-Alpes"
14130,Les Côtes-d'Arey,Auvergne-Rhône-Alpes,Isère,38138,45.457,4.879,"Les Côtes-d'Arey (38138), Auvergne-Rhône-Alpes"
14131,Les Côtes-de-Corps,Auvergne-Rhône-Alpes,Isère,38970,44.841,5.931,"Les Côtes-de-Corps (38970), Auvergne-Rhône-Alpes"
14132,Coublevie,Auvergne-Rhône-Alpes,Isère,38500,45.357,5.618,"Coublevie (38500), Auvergne-Rhône-Alpes"
14133,Cour-et-Buis,Auvergne-Rhône-Alpes,Isère,38122,45.44,5.019,"Cour-et-Buis (38122), Auvergne-Rhône-Alpes"
14134,Courtenay,Auvergne-Rhône-Alpes,Isère,38510,45.736,5.392,"Courtenay (38510), Auvergne-Rhône-Alpes"
14135,Crachier,Auvergne-Rhône-Alpes,Isère,38300,45.546,5.22,"Crachier (38300), Auvergne-Rhône-Alpes"
14136,Cras,Auvergne-Rhône-Alpes,Isère,38210,45.272,5.439,"Cras (38210), Auvergne-Rhône-Alpes"
14137,Crémieu,Auvergne-Rhône-Alpes,Isère,38460,45.732,5.258,"Crémieu (38460), Auvergne-Rhône-Alpes"
14138,Creys-Mépieu,Auvergne-Rhône-Alpes,Isère,38510,45.744,5.465,"Creys-Mépieu (38510), Auvergne-Rhône-Alpes"
14139,Crolles,Auvergne-Rhône-Alpes,Isère,38920,45.282,5.889,"Crolles (38920), Auvergne-Rhône-Alpes"
14140,Culin,Auvergne-Rhône-Alpes,Isère,38300,45.524,5.246,"Culin (38300), Auvergne-Rhône-Alpes"
14141,Diémoz,Auvergne-Rhône-Alpes,Isère,38790,45.589,5.089,"Diémoz (38790), Auvergne-Rhône-Alpes"
14142,Dizimieu,Auvergne-Rhône-Alpes,Isère,38460,45.713,5.288,"Dizimieu (38460), Auvergne-Rhône-Alpes"
14143,Doissin,Auvergne-Rhône-Alpes,Isère,38730,45.502,5.428,"Doissin (38730), Auvergne-Rhône-Alpes"
14144,Dolomieu,Auvergne-Rhône-Alpes,Isère,38110,45.615,5.487,"Dolomieu (38110), Auvergne-Rhône-Alpes"
14145,Domarin,Auvergne-Rhône-Alpes,Isère,38300,45.582,5.245,"Domarin (38300), Auvergne-Rhône-Alpes"
14146,Domène,Auvergne-Rhône-Alpes,Isère,38420,45.204,5.838,"Domène (38420), Auvergne-Rhône-Alpes"
14147,Échirolles,Auvergne-Rhône-Alpes,Isère,38130,45.147,5.715,"Échirolles (38130), Auvergne-Rhône-Alpes"
14148,Eclose-Badinières,Auvergne-Rhône-Alpes,Isère,38300,45.492,5.303,"Eclose-Badinières (38300), Auvergne-Rhône-Alpes"
14149,Engins,Auvergne-Rhône-Alpes,Isère,38360,45.193,5.609,"Engins (38360), Auvergne-Rhône-Alpes"
14150,Entraigues,Auvergne-Rhône-Alpes,Isère,38740,44.89,5.964,"Entraigues (38740), Auvergne-Rhône-Alpes"
14151,Entre-deux-Guiers,Auvergne-Rhône-Alpes,Isère,38380,45.416,5.756,"Entre-deux-Guiers (38380), Auvergne-Rhône-Alpes"
14152,Les Éparres,Auvergne-Rhône-Alpes,Isère,38300,45.538,5.292,"Les Éparres (38300), Auvergne-Rhône-Alpes"
14153,Estrablin,Auvergne-Rhône-Alpes,Isère,38780,45.514,4.959,"Estrablin (38780), Auvergne-Rhône-Alpes"
14154,Eybens,Auvergne-Rhône-Alpes,Isère,38320,45.152,5.748,"Eybens (38320), Auvergne-Rhône-Alpes"
14155,Eydoche,Auvergne-Rhône-Alpes,Isère,38690,45.443,5.332,"Eydoche (38690), Auvergne-Rhône-Alpes"
14156,Eyzin-Pinet,Auvergne-Rhône-Alpes,Isère,38780,45.478,4.998,"Eyzin-Pinet (38780), Auvergne-Rhône-Alpes"
14157,Faramans,Auvergne-Rhône-Alpes,Isère,38260,45.388,5.154,"Faramans (38260), Auvergne-Rhône-Alpes"
14158,Faverges-de-la-Tour,Auvergne-Rhône-Alpes,Isère,38110,45.594,5.514,"Faverges-de-la-Tour (38110), Auvergne-Rhône-Alpes"
14159,Le Haut-Bréda,Auvergne-Rhône-Alpes,Isère,38580,45.279,6.085,"Le Haut-Bréda (38580), Auvergne-Rhône-Alpes"
14160,La Flachère,Auvergne-Rhône-Alpes,Isère,38530,45.4,5.962,"La Flachère (38530), Auvergne-Rhône-Alpes"
14161,Flachères,Auvergne-Rhône-Alpes,Isère,38690,45.47,5.315,"Flachères (38690), Auvergne-Rhône-Alpes"
14162,Fontaine,Auvergne-Rhône-Alpes,Isère,38600,45.193,5.678,"Fontaine (38600), Auvergne-Rhône-Alpes"
14163,Fontanil-Cornillon,Auvergne-Rhône-Alpes,Isère,38120,45.254,5.664,"Fontanil-Cornillon (38120), Auvergne-Rhône-Alpes"
14164,La Forteresse,Auvergne-Rhône-Alpes,Isère,38590,45.294,5.408,"La Forteresse (38590), Auvergne-Rhône-Alpes"
14165,Four,Auvergne-Rhône-Alpes,Isère,38080,45.577,5.194,"Four (38080), Auvergne-Rhône-Alpes"
14166,Le Freney-d'Oisans,Auvergne-Rhône-Alpes,Isère,38142,45.078,6.122,"Le Freney-d'Oisans (38142), Auvergne-Rhône-Alpes"
14167,La Frette,Auvergne-Rhône-Alpes,Isère,38260,45.388,5.363,"La Frette (38260), Auvergne-Rhône-Alpes"
14168,Froges,Auvergne-Rhône-Alpes,Isère,38190,45.265,5.926,"Froges (38190), Auvergne-Rhône-Alpes"
14169,Frontonas,Auvergne-Rhône-Alpes,Isère,38290,45.651,5.186,"Frontonas (38290), Auvergne-Rhône-Alpes"
14170,La Garde,Auvergne-Rhône-Alpes,Isère,38520,45.068,6.056,"La Garde (38520), Auvergne-Rhône-Alpes"
14171,Gières,Auvergne-Rhône-Alpes,Isère,38610,45.182,5.792,"Gières (38610), Auvergne-Rhône-Alpes"
14172,Gillonnay,Auvergne-Rhône-Alpes,Isère,38260,45.386,5.298,"Gillonnay (38260), Auvergne-Rhône-Alpes"
14173,Goncelin,Auvergne-Rhône-Alpes,Isère,38570,45.336,5.988,"Goncelin (38570), Auvergne-Rhône-Alpes"
14174,Le Grand-Lemps,Auvergne-Rhône-Alpes,Isère,38690,45.396,5.419,"Le Grand-Lemps (38690), Auvergne-Rhône-Alpes"
14175,Granieu,Auvergne-Rhône-Alpes,Isère,38490,45.6,5.589,"Granieu (38490), Auvergne-Rhône-Alpes"
14176,Grenay,Auvergne-Rhône-Alpes,Isère,38540,45.662,5.077,"Grenay (38540), Auvergne-Rhône-Alpes"
14177,Grenoble,Auvergne-Rhône-Alpes,Isère,38000,45.182,5.721,"Grenoble (38000), Auvergne-Rhône-Alpes"
14178,Gresse-en-Vercors,Auvergne-Rhône-Alpes,Isère,38650,44.886,5.526,"Gresse-en-Vercors (38650), Auvergne-Rhône-Alpes"
14179,Le Gua,Auvergne-Rhône-Alpes,Isère,38450,45.013,5.616,"Le Gua (38450), Auvergne-Rhône-Alpes"
14180,Herbeys,Auvergne-Rhône-Alpes,Isère,38320,45.144,5.797,"Herbeys (38320), Auvergne-Rhône-Alpes"
14181,Heyrieux,Auvergne-Rhône-Alpes,Isère,38540,45.628,5.059,"Heyrieux (38540), Auvergne-Rhône-Alpes"
14182,Hières-sur-Amby,Auvergne-Rhône-Alpes,Isère,38118,45.8,5.294,"Hières-sur-Amby (38118), Auvergne-Rhône-Alpes"
14183,Huez,Auvergne-Rhône-Alpes,Isère,38750,45.097,6.085,"Huez (38750), Auvergne-Rhône-Alpes"
14184,Hurtières,Auvergne-Rhône-Alpes,Isère,38570,45.287,5.968,"Hurtières (38570), Auvergne-Rhône-Alpes"
14185,L'Isle-d'Abeau,Auvergne-Rhône-Alpes,Isère,38080,45.618,5.223,"L'Isle-d'Abeau (38080), Auvergne-Rhône-Alpes"
14186,Izeaux,Auvergne-Rhône-Alpes,Isère,38140,45.344,5.43,"Izeaux (38140), Auvergne-Rhône-Alpes"
14187,Izeron,Auvergne-Rhône-Alpes,Isère,38160,45.142,5.395,"Izeron (38160), Auvergne-Rhône-Alpes"
14188,Janneyrias,Auvergne-Rhône-Alpes,Isère,38280,45.751,5.114,"Janneyrias (38280), Auvergne-Rhône-Alpes"
14189,Jarcieu,Auvergne-Rhône-Alpes,Isère,38270,45.335,4.949,"Jarcieu (38270), Auvergne-Rhône-Alpes"
14190,Jardin,Auvergne-Rhône-Alpes,Isère,38200,45.493,4.911,"Jardin (38200), Auvergne-Rhône-Alpes"
14191,Jarrie,Auvergne-Rhône-Alpes,Isère,38560,45.111,5.747,"Jarrie (38560), Auvergne-Rhône-Alpes"
14192,Laffrey,Auvergne-Rhône-Alpes,Isère,38220,45.03,5.782,"Laffrey (38220), Auvergne-Rhône-Alpes"
14193,Lalley,Auvergne-Rhône-Alpes,Isère,38930,44.747,5.685,"Lalley (38930), Auvergne-Rhône-Alpes"
14194,Lans-en-Vercors,Auvergne-Rhône-Alpes,Isère,38250,45.121,5.591,"Lans-en-Vercors (38250), Auvergne-Rhône-Alpes"
14195,Laval-en-Belledonne,Auvergne-Rhône-Alpes,Isère,38190,45.236,5.982,"Laval-en-Belledonne (38190), Auvergne-Rhône-Alpes"
14196,Lavaldens,Auvergne-Rhône-Alpes,Isère,38350,44.992,5.903,"Lavaldens (38350), Auvergne-Rhône-Alpes"
14197,Lavars,Auvergne-Rhône-Alpes,Isère,38710,44.853,5.679,"Lavars (38710), Auvergne-Rhône-Alpes"
14198,Lentiol,Auvergne-Rhône-Alpes,Isère,38270,45.297,5.104,"Lentiol (38270), Auvergne-Rhône-Alpes"
14199,Leyrieu,Auvergne-Rhône-Alpes,Isère,38460,45.756,5.255,"Leyrieu (38460), Auvergne-Rhône-Alpes"
14200,Lieudieu,Auvergne-Rhône-Alpes,Isère,38440,45.458,5.179,"Lieudieu (38440), Auvergne-Rhône-Alpes"
14201,Livet-et-Gavet,Auvergne-Rhône-Alpes,Isère,38220,45.091,5.919,"Livet-et-Gavet (38220), Auvergne-Rhône-Alpes"
14202,Longechenal,Auvergne-Rhône-Alpes,Isère,38690,45.423,5.36,"Longechenal (38690), Auvergne-Rhône-Alpes"
14203,Lumbin,Auvergne-Rhône-Alpes,Isère,38660,45.304,5.913,"Lumbin (38660), Auvergne-Rhône-Alpes"
14204,Luzinay,Auvergne-Rhône-Alpes,Isère,38200,45.59,4.957,"Luzinay (38200), Auvergne-Rhône-Alpes"
14205,Malleval-en-Vercors,Auvergne-Rhône-Alpes,Isère,38470,45.154,5.444,"Malleval-en-Vercors (38470), Auvergne-Rhône-Alpes"
14206,Marcieu,Auvergne-Rhône-Alpes,Isère,38350,44.918,5.696,"Marcieu (38350), Auvergne-Rhône-Alpes"
14207,Marcilloles,Auvergne-Rhône-Alpes,Isère,38260,45.346,5.176,"Marcilloles (38260), Auvergne-Rhône-Alpes"
14208,Marcollin,Auvergne-Rhône-Alpes,Isère,38270,45.31,5.088,"Marcollin (38270), Auvergne-Rhône-Alpes"
14209,Marnans,Auvergne-Rhône-Alpes,Isère,38980,45.289,5.25,"Marnans (38980), Auvergne-Rhône-Alpes"
14210,Massieu,Auvergne-Rhône-Alpes,Isère,38620,45.437,5.6,"Massieu (38620), Auvergne-Rhône-Alpes"
14211,Maubec,Auvergne-Rhône-Alpes,Isère,38300,45.566,5.258,"Maubec (38300), Auvergne-Rhône-Alpes"
14212,Mayres-Savel,Auvergne-Rhône-Alpes,Isère,38350,44.886,5.711,"Mayres-Savel (38350), Auvergne-Rhône-Alpes"
14213,Autrans-Méaudre en Vercors,Auvergne-Rhône-Alpes,Isère,38112,45.132,5.529,"Autrans-Méaudre en Vercors (38112), Auvergne-Rhône-Alpes"
14214,Mens,Auvergne-Rhône-Alpes,Isère,38710,44.815,5.752,"Mens (38710), Auvergne-Rhône-Alpes"
14215,Merlas,Auvergne-Rhône-Alpes,Isère,38620,45.439,5.659,"Merlas (38620), Auvergne-Rhône-Alpes"
14216,Meylan,Auvergne-Rhône-Alpes,Isère,38240,45.212,5.784,"Meylan (38240), Auvergne-Rhône-Alpes"
14217,Meyrié,Auvergne-Rhône-Alpes,Isère,38300,45.56,5.285,"Meyrié (38300), Auvergne-Rhône-Alpes"
14218,Meyrieu-les-Étangs,Auvergne-Rhône-Alpes,Isère,38440,45.516,5.199,"Meyrieu-les-Étangs (38440), Auvergne-Rhône-Alpes"
14219,Meyssiez,Auvergne-Rhône-Alpes,Isère,38440,45.462,5.061,"Meyssiez (38440), Auvergne-Rhône-Alpes"
14220,Miribel-Lanchâtre,Auvergne-Rhône-Alpes,Isère,38450,44.973,5.61,"Miribel-Lanchâtre (38450), Auvergne-Rhône-Alpes"
14221,Miribel-les-Échelles,Auvergne-Rhône-Alpes,Isère,38380,45.437,5.708,"Miribel-les-Échelles (38380), Auvergne-Rhône-Alpes"
14222,Mizoën,Auvergne-Rhône-Alpes,Isère,38142,45.044,6.182,"Mizoën (38142), Auvergne-Rhône-Alpes"
14223,Moidieu-Détourbe,Auvergne-Rhône-Alpes,Isère,38440,45.513,5.022,"Moidieu-Détourbe (38440), Auvergne-Rhône-Alpes"
14224,Moirans,Auvergne-Rhône-Alpes,Isère,38430,45.319,5.562,"Moirans (38430), Auvergne-Rhône-Alpes"
14225,Moissieu-sur-Dolon,Auvergne-Rhône-Alpes,Isère,38270,45.391,4.987,"Moissieu-sur-Dolon (38270), Auvergne-Rhône-Alpes"
14226,Monestier-d'Ambel,Auvergne-Rhône-Alpes,Isère,38970,44.769,5.925,"Monestier-d'Ambel (38970), Auvergne-Rhône-Alpes"
14227,Monestier-de-Clermont,Auvergne-Rhône-Alpes,Isère,38650,44.921,5.636,"Monestier-de-Clermont (38650), Auvergne-Rhône-Alpes"
14228,Monestier-du-Percy,Auvergne-Rhône-Alpes,Isère,38930,44.784,5.649,"Monestier-du-Percy (38930), Auvergne-Rhône-Alpes"
14229,Monsteroux-Milieu,Auvergne-Rhône-Alpes,Isère,38122,45.435,4.947,"Monsteroux-Milieu (38122), Auvergne-Rhône-Alpes"
14230,Montagne,Auvergne-Rhône-Alpes,Isère,38160,45.143,5.2,"Montagne (38160), Auvergne-Rhône-Alpes"
14231,Montagnieu,Auvergne-Rhône-Alpes,Isère,38110,45.526,5.451,"Montagnieu (38110), Auvergne-Rhône-Alpes"
14232,Montalieu-Vercieu,Auvergne-Rhône-Alpes,Isère,38390,45.812,5.403,"Montalieu-Vercieu (38390), Auvergne-Rhône-Alpes"
14233,Montaud,Auvergne-Rhône-Alpes,Isère,38210,45.26,5.562,"Montaud (38210), Auvergne-Rhône-Alpes"
14234,Montbonnot-Saint-Martin,Auvergne-Rhône-Alpes,Isère,38330,45.222,5.816,"Montbonnot-Saint-Martin (38330), Auvergne-Rhône-Alpes"
14235,Montcarra,Auvergne-Rhône-Alpes,Isère,38890,45.609,5.4,"Montcarra (38890), Auvergne-Rhône-Alpes"
14236,Montchaboud,Auvergne-Rhône-Alpes,Isère,38220,45.093,5.761,"Montchaboud (38220), Auvergne-Rhône-Alpes"
14237,Les Deux Alpes,Auvergne-Rhône-Alpes,Isère,38860,45.016,6.138,"Les Deux Alpes (38860), Auvergne-Rhône-Alpes"
14238,Monteynard,Auvergne-Rhône-Alpes,Isère,38770,44.98,5.702,"Monteynard (38770), Auvergne-Rhône-Alpes"
14239,Montfalcon,Auvergne-Rhône-Alpes,Isère,38940,45.26,5.171,"Montfalcon (38940), Auvergne-Rhône-Alpes"
14240,Montferrat,Auvergne-Rhône-Alpes,Isère,38620,45.474,5.578,"Montferrat (38620), Auvergne-Rhône-Alpes"
14241,Montrevel,Auvergne-Rhône-Alpes,Isère,38690,45.477,5.407,"Montrevel (38690), Auvergne-Rhône-Alpes"
14242,Mont-Saint-Martin,Auvergne-Rhône-Alpes,Isère,38120,45.279,5.684,"Mont-Saint-Martin (38120), Auvergne-Rhône-Alpes"
14243,Montseveroux,Auvergne-Rhône-Alpes,Isère,38122,45.43,4.974,"Montseveroux (38122), Auvergne-Rhône-Alpes"
14244,Moras,Auvergne-Rhône-Alpes,Isère,38460,45.687,5.261,"Moras (38460), Auvergne-Rhône-Alpes"
14245,Morestel,Auvergne-Rhône-Alpes,Isère,38510,45.68,5.471,"Morestel (38510), Auvergne-Rhône-Alpes"
14246,Morette,Auvergne-Rhône-Alpes,Isère,38210,45.285,5.451,"Morette (38210), Auvergne-Rhône-Alpes"
14247,La Morte,Auvergne-Rhône-Alpes,Isère,38350,45.026,5.862,"La Morte (38350), Auvergne-Rhône-Alpes"
14248,La Motte-d'Aveillans,Auvergne-Rhône-Alpes,Isère,38770,44.954,5.741,"La Motte-d'Aveillans (38770), Auvergne-Rhône-Alpes"
14249,La Motte-Saint-Martin,Auvergne-Rhône-Alpes,Isère,38770,44.946,5.719,"La Motte-Saint-Martin (38770), Auvergne-Rhône-Alpes"
14250,Mottier,Auvergne-Rhône-Alpes,Isère,38260,45.423,5.309,"Mottier (38260), Auvergne-Rhône-Alpes"
14251,Le Moutaret,Auvergne-Rhône-Alpes,Isère,38580,45.429,6.082,"Le Moutaret (38580), Auvergne-Rhône-Alpes"
14252,La Mure,Auvergne-Rhône-Alpes,Isère,38350,44.91,5.788,"La Mure (38350), Auvergne-Rhône-Alpes"
14253,La Murette,Auvergne-Rhône-Alpes,Isère,38140,45.382,5.542,"La Murette (38140), Auvergne-Rhône-Alpes"
14254,Murianette,Auvergne-Rhône-Alpes,Isère,38420,45.188,5.826,"Murianette (38420), Auvergne-Rhône-Alpes"
14255,Murinais,Auvergne-Rhône-Alpes,Isère,38160,45.21,5.319,"Murinais (38160), Auvergne-Rhône-Alpes"
14256,Nantes-en-Ratier,Auvergne-Rhône-Alpes,Isère,38350,44.928,5.828,"Nantes-en-Ratier (38350), Auvergne-Rhône-Alpes"
14257,Serre-Nerpol,Auvergne-Rhône-Alpes,Isère,38470,45.257,5.372,"Serre-Nerpol (38470), Auvergne-Rhône-Alpes"
14258,Nivolas-Vermelle,Auvergne-Rhône-Alpes,Isère,38300,45.562,5.307,"Nivolas-Vermelle (38300), Auvergne-Rhône-Alpes"
14259,Notre-Dame-de-Commiers,Auvergne-Rhône-Alpes,Isère,38450,45.009,5.704,"Notre-Dame-de-Commiers (38450), Auvergne-Rhône-Alpes"
14260,Notre-Dame-de-l'Osier,Auvergne-Rhône-Alpes,Isère,38470,45.238,5.415,"Notre-Dame-de-l'Osier (38470), Auvergne-Rhône-Alpes"
14261,Notre-Dame-de-Mésage,Auvergne-Rhône-Alpes,Isère,38220,45.071,5.752,"Notre-Dame-de-Mésage (38220), Auvergne-Rhône-Alpes"
14262,Notre-Dame-de-Vaulx,Auvergne-Rhône-Alpes,Isère,38144,44.991,5.741,"Notre-Dame-de-Vaulx (38144), Auvergne-Rhône-Alpes"
14263,Noyarey,Auvergne-Rhône-Alpes,Isère,38360,45.241,5.619,"Noyarey (38360), Auvergne-Rhône-Alpes"
14264,Optevoz,Auvergne-Rhône-Alpes,Isère,38460,45.752,5.34,"Optevoz (38460), Auvergne-Rhône-Alpes"
14265,Oris-en-Rattier,Auvergne-Rhône-Alpes,Isère,38350,44.933,5.885,"Oris-en-Rattier (38350), Auvergne-Rhône-Alpes"
14266,Ornacieux-Balbins,Auvergne-Rhône-Alpes,Isère,38260,45.405,5.213,"Ornacieux-Balbins (38260), Auvergne-Rhône-Alpes"
14267,Ornon,Auvergne-Rhône-Alpes,Isère,38520,45.04,5.965,"Ornon (38520), Auvergne-Rhône-Alpes"
14268,Oulles,Auvergne-Rhône-Alpes,Isère,38520,45.074,5.963,"Oulles (38520), Auvergne-Rhône-Alpes"
14269,Oyeu,Auvergne-Rhône-Alpes,Isère,38690,45.428,5.48,"Oyeu (38690), Auvergne-Rhône-Alpes"
14270,Oytier-Saint-Oblas,Auvergne-Rhône-Alpes,Isère,38780,45.565,5.031,"Oytier-Saint-Oblas (38780), Auvergne-Rhône-Alpes"
14271,Oz,Auvergne-Rhône-Alpes,Isère,38114,45.128,6.074,"Oz (38114), Auvergne-Rhône-Alpes"
14272,Pact,Auvergne-Rhône-Alpes,Isère,38270,45.354,4.988,"Pact (38270), Auvergne-Rhône-Alpes"
14273,Pajay,Auvergne-Rhône-Alpes,Isère,38260,45.358,5.13,"Pajay (38260), Auvergne-Rhône-Alpes"
14274,Villages du Lac de Paladru,Auvergne-Rhône-Alpes,Isère,38850,45.482,5.553,"Villages du Lac de Paladru (38850), Auvergne-Rhône-Alpes"
14275,Panossas,Auvergne-Rhône-Alpes,Isère,38460,45.676,5.193,"Panossas (38460), Auvergne-Rhône-Alpes"
14276,Parmilieu,Auvergne-Rhône-Alpes,Isère,38390,45.845,5.355,"Parmilieu (38390), Auvergne-Rhône-Alpes"
14277,Le Passage,Auvergne-Rhône-Alpes,Isère,38490,45.526,5.515,"Le Passage (38490), Auvergne-Rhône-Alpes"
14278,Arandon-Passins,Auvergne-Rhône-Alpes,Isère,38510,45.692,5.429,"Arandon-Passins (38510), Auvergne-Rhône-Alpes"
14279,Le Péage-de-Roussillon,Auvergne-Rhône-Alpes,Isère,38550,45.369,4.784,"Le Péage-de-Roussillon (38550), Auvergne-Rhône-Alpes"
14280,Pellafol,Auvergne-Rhône-Alpes,Isère,38970,44.782,5.88,"Pellafol (38970), Auvergne-Rhône-Alpes"
14281,Penol,Auvergne-Rhône-Alpes,Isère,38260,45.373,5.182,"Penol (38260), Auvergne-Rhône-Alpes"
14282,Le Percy,Auvergne-Rhône-Alpes,Isère,38930,44.789,5.626,"Le Percy (38930), Auvergne-Rhône-Alpes"
14283,La Pierre,Auvergne-Rhône-Alpes,Isère,38570,45.295,5.941,"La Pierre (38570), Auvergne-Rhône-Alpes"
14284,Pierre-Châtel,Auvergne-Rhône-Alpes,Isère,38119,44.957,5.774,"Pierre-Châtel (38119), Auvergne-Rhône-Alpes"
14285,Pisieu,Auvergne-Rhône-Alpes,Isère,38270,45.387,5.074,"Pisieu (38270), Auvergne-Rhône-Alpes"
14286,Plan,Auvergne-Rhône-Alpes,Isère,38590,45.317,5.392,"Plan (38590), Auvergne-Rhône-Alpes"
14287,Poisat,Auvergne-Rhône-Alpes,Isère,38320,45.154,5.77,"Poisat (38320), Auvergne-Rhône-Alpes"
14288,Poliénas,Auvergne-Rhône-Alpes,Isère,38210,45.25,5.48,"Poliénas (38210), Auvergne-Rhône-Alpes"
14289,Pommier-de-Beaurepaire,Auvergne-Rhône-Alpes,Isère,38260,45.393,5.108,"Pommier-de-Beaurepaire (38260), Auvergne-Rhône-Alpes"
14290,Ponsonnas,Auvergne-Rhône-Alpes,Isère,38350,44.889,5.798,"Ponsonnas (38350), Auvergne-Rhône-Alpes"
14291,Pontcharra,Auvergne-Rhône-Alpes,Isère,38530,45.42,6.02,"Pontcharra (38530), Auvergne-Rhône-Alpes"
14292,Le Pont-de-Beauvoisin,Auvergne-Rhône-Alpes,Isère,38480,45.532,5.662,"Le Pont-de-Beauvoisin (38480), Auvergne-Rhône-Alpes"
14293,Pont-de-Chéruy,Auvergne-Rhône-Alpes,Isère,38230,45.752,5.173,"Pont-de-Chéruy (38230), Auvergne-Rhône-Alpes"
14294,Le Pont-de-Claix,Auvergne-Rhône-Alpes,Isère,38800,45.126,5.702,"Le Pont-de-Claix (38800), Auvergne-Rhône-Alpes"
14295,Pont-Évêque,Auvergne-Rhône-Alpes,Isère,38780,45.534,4.924,"Pont-Évêque (38780), Auvergne-Rhône-Alpes"
14296,Pont-en-Royans,Auvergne-Rhône-Alpes,Isère,38680,45.061,5.346,"Pont-en-Royans (38680), Auvergne-Rhône-Alpes"
14297,Porcieu-Amblagnieu,Auvergne-Rhône-Alpes,Isère,38390,45.838,5.393,"Porcieu-Amblagnieu (38390), Auvergne-Rhône-Alpes"
14298,Prébois,Auvergne-Rhône-Alpes,Isère,38710,44.778,5.711,"Prébois (38710), Auvergne-Rhône-Alpes"
14299,Presles,Auvergne-Rhône-Alpes,Isère,38680,45.093,5.405,"Presles (38680), Auvergne-Rhône-Alpes"
14300,Pressins,Auvergne-Rhône-Alpes,Isère,38480,45.527,5.632,"Pressins (38480), Auvergne-Rhône-Alpes"
14301,Primarette,Auvergne-Rhône-Alpes,Isère,38270,45.408,5.034,"Primarette (38270), Auvergne-Rhône-Alpes"
14302,Proveysieux,Auvergne-Rhône-Alpes,Isère,38120,45.287,5.715,"Proveysieux (38120), Auvergne-Rhône-Alpes"
14303,Prunières,Auvergne-Rhône-Alpes,Isère,38350,44.898,5.757,"Prunières (38350), Auvergne-Rhône-Alpes"
14304,Quaix-en-Chartreuse,Auvergne-Rhône-Alpes,Isère,38950,45.257,5.73,"Quaix-en-Chartreuse (38950), Auvergne-Rhône-Alpes"
14305,Quet-en-Beaumont,Auvergne-Rhône-Alpes,Isère,38970,44.837,5.878,"Quet-en-Beaumont (38970), Auvergne-Rhône-Alpes"
14306,Quincieu,Auvergne-Rhône-Alpes,Isère,38470,45.278,5.386,"Quincieu (38470), Auvergne-Rhône-Alpes"
14307,Réaumont,Auvergne-Rhône-Alpes,Isère,38140,45.363,5.523,"Réaumont (38140), Auvergne-Rhône-Alpes"
14308,Renage,Auvergne-Rhône-Alpes,Isère,38140,45.332,5.494,"Renage (38140), Auvergne-Rhône-Alpes"
14309,Rencurel,Auvergne-Rhône-Alpes,Isère,38680,45.118,5.473,"Rencurel (38680), Auvergne-Rhône-Alpes"
14310,Revel,Auvergne-Rhône-Alpes,Isère,38420,45.168,5.91,"Revel (38420), Auvergne-Rhône-Alpes"
14311,Revel-Tourdan,Auvergne-Rhône-Alpes,Isère,38270,45.371,5.031,"Revel-Tourdan (38270), Auvergne-Rhône-Alpes"
14312,Reventin-Vaugris,Auvergne-Rhône-Alpes,Isère,38121,45.48,4.844,"Reventin-Vaugris (38121), Auvergne-Rhône-Alpes"
14313,Rives,Auvergne-Rhône-Alpes,Isère,38140,45.361,5.487,"Rives (38140), Auvergne-Rhône-Alpes"
14314,La Rivière,Auvergne-Rhône-Alpes,Isère,38210,45.224,5.514,"La Rivière (38210), Auvergne-Rhône-Alpes"
14315,Roche,Auvergne-Rhône-Alpes,Isère,38090,45.574,5.156,"Roche (38090), Auvergne-Rhône-Alpes"
14316,Les Roches-de-Condrieu,Auvergne-Rhône-Alpes,Isère,38370,45.454,4.764,"Les Roches-de-Condrieu (38370), Auvergne-Rhône-Alpes"
14317,Rochetoirin,Auvergne-Rhône-Alpes,Isère,38110,45.588,5.416,"Rochetoirin (38110), Auvergne-Rhône-Alpes"
14318,Roissard,Auvergne-Rhône-Alpes,Isère,38650,44.884,5.636,"Roissard (38650), Auvergne-Rhône-Alpes"
14319,Romagnieu,Auvergne-Rhône-Alpes,Isère,38480,45.562,5.64,"Romagnieu (38480), Auvergne-Rhône-Alpes"
14320,Roussillon,Auvergne-Rhône-Alpes,Isère,38150,45.378,4.818,"Roussillon (38150), Auvergne-Rhône-Alpes"
14321,Rovon,Auvergne-Rhône-Alpes,Isère,38470,45.184,5.465,"Rovon (38470), Auvergne-Rhône-Alpes"
14322,Royas,Auvergne-Rhône-Alpes,Isère,38440,45.505,5.101,"Royas (38440), Auvergne-Rhône-Alpes"
14323,Roybon,Auvergne-Rhône-Alpes,Isère,38940,45.248,5.249,"Roybon (38940), Auvergne-Rhône-Alpes"
14324,Ruy-Montceau,Auvergne-Rhône-Alpes,Isère,38300,45.59,5.344,"Ruy-Montceau (38300), Auvergne-Rhône-Alpes"
14325,Sablons,Auvergne-Rhône-Alpes,Isère,38550,45.321,4.785,"Sablons (38550), Auvergne-Rhône-Alpes"
14326,Sainte-Agnès,Auvergne-Rhône-Alpes,Isère,38190,45.21,5.96,"Sainte-Agnès (38190), Auvergne-Rhône-Alpes"
14327,Saint-Agnin-sur-Bion,Auvergne-Rhône-Alpes,Isère,38300,45.539,5.239,"Saint-Agnin-sur-Bion (38300), Auvergne-Rhône-Alpes"
14328,Saint-Alban-de-Roche,Auvergne-Rhône-Alpes,Isère,38080,45.587,5.225,"Saint-Alban-de-Roche (38080), Auvergne-Rhône-Alpes"
14329,Saint-Alban-du-Rhône,Auvergne-Rhône-Alpes,Isère,38370,45.418,4.756,"Saint-Alban-du-Rhône (38370), Auvergne-Rhône-Alpes"
14330,Saint-Albin-de-Vaulserre,Auvergne-Rhône-Alpes,Isère,38480,45.502,5.698,"Saint-Albin-de-Vaulserre (38480), Auvergne-Rhône-Alpes"
14331,Saint-Andéol,Auvergne-Rhône-Alpes,Isère,38650,44.95,5.517,"Saint-Andéol (38650), Auvergne-Rhône-Alpes"
14332,Saint-André-en-Royans,Auvergne-Rhône-Alpes,Isère,38680,45.083,5.337,"Saint-André-en-Royans (38680), Auvergne-Rhône-Alpes"
14333,Saint-André-le-Gaz,Auvergne-Rhône-Alpes,Isère,38490,45.547,5.532,"Saint-André-le-Gaz (38490), Auvergne-Rhône-Alpes"
14334,Sainte-Anne-sur-Gervonde,Auvergne-Rhône-Alpes,Isère,38440,45.5,5.232,"Sainte-Anne-sur-Gervonde (38440), Auvergne-Rhône-Alpes"
14335,Saint Antoine l'Abbaye,Auvergne-Rhône-Alpes,Isère,38160,45.172,5.216,"Saint Antoine l'Abbaye (38160), Auvergne-Rhône-Alpes"
14336,Saint-Appolinard,Auvergne-Rhône-Alpes,Isère,38160,45.184,5.26,"Saint-Appolinard (38160), Auvergne-Rhône-Alpes"
14337,Saint-Arey,Auvergne-Rhône-Alpes,Isère,38350,44.882,5.742,"Saint-Arey (38350), Auvergne-Rhône-Alpes"
14338,Saint-Aupre,Auvergne-Rhône-Alpes,Isère,38960,45.406,5.662,"Saint-Aupre (38960), Auvergne-Rhône-Alpes"
14339,Saint-Barthélemy,Auvergne-Rhône-Alpes,Isère,38270,45.341,5.08,"Saint-Barthélemy (38270), Auvergne-Rhône-Alpes"
14340,Saint-Barthélemy-de-Séchilienne,Auvergne-Rhône-Alpes,Isère,38220,45.039,5.822,"Saint-Barthélemy-de-Séchilienne (38220), Auvergne-Rhône-Alpes"
14341,Saint-Baudille-de-la-Tour,Auvergne-Rhône-Alpes,Isère,38118,45.786,5.338,"Saint-Baudille-de-la-Tour (38118), Auvergne-Rhône-Alpes"
14342,Saint-Baudille-et-Pipet,Auvergne-Rhône-Alpes,Isère,38710,44.783,5.778,"Saint-Baudille-et-Pipet (38710), Auvergne-Rhône-Alpes"
14343,Saint-Blaise-du-Buis,Auvergne-Rhône-Alpes,Isère,38140,45.38,5.513,"Saint-Blaise-du-Buis (38140), Auvergne-Rhône-Alpes"
14344,Sainte-Blandine,Auvergne-Rhône-Alpes,Isère,38110,45.545,5.435,"Sainte-Blandine (38110), Auvergne-Rhône-Alpes"
14345,Saint-Bonnet-de-Chavagne,Auvergne-Rhône-Alpes,Isère,38840,45.122,5.228,"Saint-Bonnet-de-Chavagne (38840), Auvergne-Rhône-Alpes"
14346,Saint-Bueil,Auvergne-Rhône-Alpes,Isère,38620,45.474,5.681,"Saint-Bueil (38620), Auvergne-Rhône-Alpes"
14347,Saint-Cassien,Auvergne-Rhône-Alpes,Isère,38500,45.361,5.551,"Saint-Cassien (38500), Auvergne-Rhône-Alpes"
14348,Saint-Chef,Auvergne-Rhône-Alpes,Isère,38890,45.641,5.362,"Saint-Chef (38890), Auvergne-Rhône-Alpes"
14349,Saint-Christophe-en-Oisans,Auvergne-Rhône-Alpes,Isère,38520,44.929,6.244,"Saint-Christophe-en-Oisans (38520), Auvergne-Rhône-Alpes"
14350,Saint-Christophe-sur-Guiers,Auvergne-Rhône-Alpes,Isère,38380,45.41,5.793,"Saint-Christophe-sur-Guiers (38380), Auvergne-Rhône-Alpes"
14351,Saint-Clair-de-la-Tour,Auvergne-Rhône-Alpes,Isère,38110,45.571,5.488,"Saint-Clair-de-la-Tour (38110), Auvergne-Rhône-Alpes"
14352,Saint-Clair-du-Rhône,Auvergne-Rhône-Alpes,Isère,38370,45.435,4.773,"Saint-Clair-du-Rhône (38370), Auvergne-Rhône-Alpes"
14353,Saint-Clair-sur-Galaure,Auvergne-Rhône-Alpes,Isère,38940,45.273,5.148,"Saint-Clair-sur-Galaure (38940), Auvergne-Rhône-Alpes"
14354,Saint-Didier-de-Bizonnes,Auvergne-Rhône-Alpes,Isère,38690,45.461,5.345,"Saint-Didier-de-Bizonnes (38690), Auvergne-Rhône-Alpes"
14355,Saint-Didier-de-la-Tour,Auvergne-Rhône-Alpes,Isère,38110,45.548,5.487,"Saint-Didier-de-la-Tour (38110), Auvergne-Rhône-Alpes"
14356,Saint-Égrève,Auvergne-Rhône-Alpes,Isère,38120,45.233,5.684,"Saint-Égrève (38120), Auvergne-Rhône-Alpes"
14357,Saint-Étienne-de-Crossey,Auvergne-Rhône-Alpes,Isère,38960,45.38,5.637,"Saint-Étienne-de-Crossey (38960), Auvergne-Rhône-Alpes"
14358,Saint-Étienne-de-Saint-Geoirs,Auvergne-Rhône-Alpes,Isère,38590,45.346,5.348,"Saint-Étienne-de-Saint-Geoirs (38590), Auvergne-Rhône-Alpes"
14359,Saint-Geoire-en-Valdaine,Auvergne-Rhône-Alpes,Isère,38620,45.461,5.636,"Saint-Geoire-en-Valdaine (38620), Auvergne-Rhône-Alpes"
14360,Saint-Geoirs,Auvergne-Rhône-Alpes,Isère,38590,45.313,5.354,"Saint-Geoirs (38590), Auvergne-Rhône-Alpes"
14361,Saint-Georges-de-Commiers,Auvergne-Rhône-Alpes,Isère,38450,45.036,5.719,"Saint-Georges-de-Commiers (38450), Auvergne-Rhône-Alpes"
14362,Saint-Georges-d'Espéranche,Auvergne-Rhône-Alpes,Isère,38790,45.56,5.08,"Saint-Georges-d'Espéranche (38790), Auvergne-Rhône-Alpes"
14363,Saint-Gervais,Auvergne-Rhône-Alpes,Isère,38470,45.19,5.498,"Saint-Gervais (38470), Auvergne-Rhône-Alpes"
14364,Saint-Guillaume,Auvergne-Rhône-Alpes,Isère,38650,44.945,5.591,"Saint-Guillaume (38650), Auvergne-Rhône-Alpes"
14365,Saint-Hilaire-de-Brens,Auvergne-Rhône-Alpes,Isère,38460,45.676,5.291,"Saint-Hilaire-de-Brens (38460), Auvergne-Rhône-Alpes"
14366,Saint-Hilaire-de-la-Côte,Auvergne-Rhône-Alpes,Isère,38260,45.389,5.33,"Saint-Hilaire-de-la-Côte (38260), Auvergne-Rhône-Alpes"
14367,Saint-Hilaire-du-Rosier,Auvergne-Rhône-Alpes,Isère,38840,45.091,5.25,"Saint-Hilaire-du-Rosier (38840), Auvergne-Rhône-Alpes"
14368,Plateau-des-Petites-Roches,Auvergne-Rhône-Alpes,Isère,38660,45.313,5.878,"Plateau-des-Petites-Roches (38660), Auvergne-Rhône-Alpes"
14369,Saint-Honoré,Auvergne-Rhône-Alpes,Isère,38350,44.958,5.82,"Saint-Honoré (38350), Auvergne-Rhône-Alpes"
14370,Saint-Ismier,Auvergne-Rhône-Alpes,Isère,38330,45.252,5.829,"Saint-Ismier (38330), Auvergne-Rhône-Alpes"
14371,Saint-Jean-d'Avelanne,Auvergne-Rhône-Alpes,Isère,38480,45.508,5.667,"Saint-Jean-d'Avelanne (38480), Auvergne-Rhône-Alpes"
14372,Saint-Jean-de-Bournay,Auvergne-Rhône-Alpes,Isère,38440,45.498,5.148,"Saint-Jean-de-Bournay (38440), Auvergne-Rhône-Alpes"
14373,Saint-Jean-de-Moirans,Auvergne-Rhône-Alpes,Isère,38430,45.337,5.588,"Saint-Jean-de-Moirans (38430), Auvergne-Rhône-Alpes"
14374,Saint-Jean-de-Soudain,Auvergne-Rhône-Alpes,Isère,38110,45.585,5.436,"Saint-Jean-de-Soudain (38110), Auvergne-Rhône-Alpes"
14375,Saint-Jean-de-Vaulx,Auvergne-Rhône-Alpes,Isère,38220,45.017,5.752,"Saint-Jean-de-Vaulx (38220), Auvergne-Rhône-Alpes"
14376,Saint-Jean-d'Hérans,Auvergne-Rhône-Alpes,Isère,38710,44.855,5.753,"Saint-Jean-d'Hérans (38710), Auvergne-Rhône-Alpes"
14377,Saint-Jean-le-Vieux,Auvergne-Rhône-Alpes,Isère,38420,45.208,5.878,"Saint-Jean-le-Vieux (38420), Auvergne-Rhône-Alpes"
14378,Saint-Joseph-de-Rivière,Auvergne-Rhône-Alpes,Isère,38134,45.365,5.691,"Saint-Joseph-de-Rivière (38134), Auvergne-Rhône-Alpes"
14379,Saint-Julien-de-l'Herms,Auvergne-Rhône-Alpes,Isère,38122,45.431,5.086,"Saint-Julien-de-l'Herms (38122), Auvergne-Rhône-Alpes"
14380,La Sure en Chartreuse,Auvergne-Rhône-Alpes,Isère,38134,45.347,5.667,"La Sure en Chartreuse (38134), Auvergne-Rhône-Alpes"
14381,Saint-Just-Chaleyssin,Auvergne-Rhône-Alpes,Isère,38540,45.587,5.004,"Saint-Just-Chaleyssin (38540), Auvergne-Rhône-Alpes"
14382,Saint-Just-de-Claix,Auvergne-Rhône-Alpes,Isère,38680,45.077,5.28,"Saint-Just-de-Claix (38680), Auvergne-Rhône-Alpes"
14383,Saint-Lattier,Auvergne-Rhône-Alpes,Isère,38840,45.093,5.185,"Saint-Lattier (38840), Auvergne-Rhône-Alpes"
14384,Saint-Laurent-du-Pont,Auvergne-Rhône-Alpes,Isère,38380,45.38,5.735,"Saint-Laurent-du-Pont (38380), Auvergne-Rhône-Alpes"
14385,Saint-Laurent-en-Beaumont,Auvergne-Rhône-Alpes,Isère,38350,44.885,5.846,"Saint-Laurent-en-Beaumont (38350), Auvergne-Rhône-Alpes"
14386,Sainte-Luce,Auvergne-Rhône-Alpes,Isère,38970,44.85,5.905,"Sainte-Luce (38970), Auvergne-Rhône-Alpes"
14387,Saint-Marcel-Bel-Accueil,Auvergne-Rhône-Alpes,Isère,38080,45.648,5.24,"Saint-Marcel-Bel-Accueil (38080), Auvergne-Rhône-Alpes"
14388,Saint-Marcellin,Auvergne-Rhône-Alpes,Isère,38160,45.153,5.317,"Saint-Marcellin (38160), Auvergne-Rhône-Alpes"
14389,Sainte-Marie-d'Alloix,Auvergne-Rhône-Alpes,Isère,38660,45.385,5.976,"Sainte-Marie-d'Alloix (38660), Auvergne-Rhône-Alpes"
14390,Sainte-Marie-du-Mont,Auvergne-Rhône-Alpes,Isère,38660,45.406,5.93,"Sainte-Marie-du-Mont (38660), Auvergne-Rhône-Alpes"
14391,Saint-Martin-de-Clelles,Auvergne-Rhône-Alpes,Isère,38930,44.847,5.602,"Saint-Martin-de-Clelles (38930), Auvergne-Rhône-Alpes"
14392,Saint-Martin-de-Vaulserre,Auvergne-Rhône-Alpes,Isère,38480,45.493,5.681,"Saint-Martin-de-Vaulserre (38480), Auvergne-Rhône-Alpes"
14393,Saint-Martin-d'Hères,Auvergne-Rhône-Alpes,Isère,38400,45.176,5.765,"Saint-Martin-d'Hères (38400), Auvergne-Rhône-Alpes"
14394,Saint-Martin-d'Uriage,Auvergne-Rhône-Alpes,Isère,38410,45.153,5.857,"Saint-Martin-d'Uriage (38410), Auvergne-Rhône-Alpes"
14395,Saint-Martin-le-Vinoux,Auvergne-Rhône-Alpes,Isère,38950,45.219,5.715,"Saint-Martin-le-Vinoux (38950), Auvergne-Rhône-Alpes"
14396,Saint-Maurice-en-Trièves,Auvergne-Rhône-Alpes,Isère,38930,44.76,5.653,"Saint-Maurice-en-Trièves (38930), Auvergne-Rhône-Alpes"
14397,Saint-Maurice-l'Exil,Auvergne-Rhône-Alpes,Isère,38550,45.392,4.777,"Saint-Maurice-l'Exil (38550), Auvergne-Rhône-Alpes"
14398,Saint-Maximin,Auvergne-Rhône-Alpes,Isère,38530,45.426,6.05,"Saint-Maximin (38530), Auvergne-Rhône-Alpes"
14399,Saint-Michel-de-Saint-Geoirs,Auvergne-Rhône-Alpes,Isère,38590,45.3,5.359,"Saint-Michel-de-Saint-Geoirs (38590), Auvergne-Rhône-Alpes"
14400,Saint-Michel-en-Beaumont,Auvergne-Rhône-Alpes,Isère,38350,44.869,5.913,"Saint-Michel-en-Beaumont (38350), Auvergne-Rhône-Alpes"
14401,Saint-Michel-les-Portes,Auvergne-Rhône-Alpes,Isère,38650,44.865,5.59,"Saint-Michel-les-Portes (38650), Auvergne-Rhône-Alpes"
14402,Saint-Mury-Monteymond,Auvergne-Rhône-Alpes,Isère,38190,45.206,5.933,"Saint-Mury-Monteymond (38190), Auvergne-Rhône-Alpes"
14403,Saint-Nazaire-les-Eymes,Auvergne-Rhône-Alpes,Isère,38330,45.259,5.852,"Saint-Nazaire-les-Eymes (38330), Auvergne-Rhône-Alpes"
14404,Saint-Nicolas-de-Macherin,Auvergne-Rhône-Alpes,Isère,38500,45.407,5.616,"Saint-Nicolas-de-Macherin (38500), Auvergne-Rhône-Alpes"
14405,Saint-Nizier-du-Moucherotte,Auvergne-Rhône-Alpes,Isère,38250,45.165,5.632,"Saint-Nizier-du-Moucherotte (38250), Auvergne-Rhône-Alpes"
14406,Saint-Ondras,Auvergne-Rhône-Alpes,Isère,38490,45.517,5.547,"Saint-Ondras (38490), Auvergne-Rhône-Alpes"
14407,Saint-Paul-de-Varces,Auvergne-Rhône-Alpes,Isère,38760,45.065,5.631,"Saint-Paul-de-Varces (38760), Auvergne-Rhône-Alpes"
14408,Saint-Paul-d'Izeaux,Auvergne-Rhône-Alpes,Isère,38140,45.314,5.432,"Saint-Paul-d'Izeaux (38140), Auvergne-Rhône-Alpes"
14409,Saint-Paul-lès-Monestier,Auvergne-Rhône-Alpes,Isère,38650,44.927,5.614,"Saint-Paul-lès-Monestier (38650), Auvergne-Rhône-Alpes"
14410,Crêts en Belledonne,Auvergne-Rhône-Alpes,Isère,38830,45.357,6.045,"Crêts en Belledonne (38830), Auvergne-Rhône-Alpes"
14411,Saint-Pierre-de-Bressieux,Auvergne-Rhône-Alpes,Isère,38870,45.301,5.3,"Saint-Pierre-de-Bressieux (38870), Auvergne-Rhône-Alpes"
14412,Saint-Pierre-de-Chartreuse,Auvergne-Rhône-Alpes,Isère,38380,45.331,5.798,"Saint-Pierre-de-Chartreuse (38380), Auvergne-Rhône-Alpes"
14413,Saint-Pierre-de-Chérennes,Auvergne-Rhône-Alpes,Isère,38160,45.122,5.386,"Saint-Pierre-de-Chérennes (38160), Auvergne-Rhône-Alpes"
14414,Saint-Pierre-de-Méaroz,Auvergne-Rhône-Alpes,Isère,38350,44.874,5.82,"Saint-Pierre-de-Méaroz (38350), Auvergne-Rhône-Alpes"
14415,Saint-Pierre-de-Mésage,Auvergne-Rhône-Alpes,Isère,38220,45.048,5.765,"Saint-Pierre-de-Mésage (38220), Auvergne-Rhône-Alpes"
14416,Saint-Pierre-d'Entremont,Auvergne-Rhône-Alpes,Isère,38380,45.386,5.851,"Saint-Pierre-d'Entremont (38380), Auvergne-Rhône-Alpes"
14417,Saint-Prim,Auvergne-Rhône-Alpes,Isère,38370,45.445,4.801,"Saint-Prim (38370), Auvergne-Rhône-Alpes"
14418,Saint-Quentin-Fallavier,Auvergne-Rhône-Alpes,Isère,38070,45.64,5.109,"Saint-Quentin-Fallavier (38070), Auvergne-Rhône-Alpes"
14419,Saint-Quentin-sur-Isère,Auvergne-Rhône-Alpes,Isère,38210,45.278,5.548,"Saint-Quentin-sur-Isère (38210), Auvergne-Rhône-Alpes"
14420,Saint-Romain-de-Jalionas,Auvergne-Rhône-Alpes,Isère,38460,45.752,5.224,"Saint-Romain-de-Jalionas (38460), Auvergne-Rhône-Alpes"
14421,Saint-Romain-de-Surieu,Auvergne-Rhône-Alpes,Isère,38150,45.39,4.889,"Saint-Romain-de-Surieu (38150), Auvergne-Rhône-Alpes"
14422,Saint-Romans,Auvergne-Rhône-Alpes,Isère,38160,45.105,5.319,"Saint-Romans (38160), Auvergne-Rhône-Alpes"
14423,Saint-Sauveur,Auvergne-Rhône-Alpes,Isère,38160,45.146,5.345,"Saint-Sauveur (38160), Auvergne-Rhône-Alpes"
14424,Saint-Savin,Auvergne-Rhône-Alpes,Isère,38300,45.626,5.321,"Saint-Savin (38300), Auvergne-Rhône-Alpes"
14425,Châtel-en-Trièves,Auvergne-Rhône-Alpes,Isère,38710,44.849,5.804,"Châtel-en-Trièves (38710), Auvergne-Rhône-Alpes"
14426,Saint-Siméon-de-Bressieux,Auvergne-Rhône-Alpes,Isère,38870,45.326,5.262,"Saint-Siméon-de-Bressieux (38870), Auvergne-Rhône-Alpes"
14427,Saint-Sorlin-de-Morestel,Auvergne-Rhône-Alpes,Isère,38510,45.633,5.473,"Saint-Sorlin-de-Morestel (38510), Auvergne-Rhône-Alpes"
14428,Saint-Sorlin-de-Vienne,Auvergne-Rhône-Alpes,Isère,38200,45.473,4.938,"Saint-Sorlin-de-Vienne (38200), Auvergne-Rhône-Alpes"
14429,Saint-Sulpice-des-Rivoires,Auvergne-Rhône-Alpes,Isère,38620,45.468,5.604,"Saint-Sulpice-des-Rivoires (38620), Auvergne-Rhône-Alpes"
14430,Saint-Théoffrey,Auvergne-Rhône-Alpes,Isère,38119,44.991,5.776,"Saint-Théoffrey (38119), Auvergne-Rhône-Alpes"
14431,Saint-Vérand,Auvergne-Rhône-Alpes,Isère,38160,45.182,5.343,"Saint-Vérand (38160), Auvergne-Rhône-Alpes"
14432,Saint-Victor-de-Cessieu,Auvergne-Rhône-Alpes,Isère,38110,45.54,5.384,"Saint-Victor-de-Cessieu (38110), Auvergne-Rhône-Alpes"
14433,Saint-Victor-de-Morestel,Auvergne-Rhône-Alpes,Isère,38510,45.703,5.498,"Saint-Victor-de-Morestel (38510), Auvergne-Rhône-Alpes"
14434,Saint-Vincent-de-Mercuze,Auvergne-Rhône-Alpes,Isère,38660,45.375,5.959,"Saint-Vincent-de-Mercuze (38660), Auvergne-Rhône-Alpes"
14435,Salagnon,Auvergne-Rhône-Alpes,Isère,38890,45.668,5.357,"Salagnon (38890), Auvergne-Rhône-Alpes"
14436,Salaise-sur-Sanne,Auvergne-Rhône-Alpes,Isère,38150,45.344,4.809,"Salaise-sur-Sanne (38150), Auvergne-Rhône-Alpes"
14437,La Salette-Fallavaux,Auvergne-Rhône-Alpes,Isère,38970,44.843,5.985,"La Salette-Fallavaux (38970), Auvergne-Rhône-Alpes"
14438,La Salle-en-Beaumont,Auvergne-Rhône-Alpes,Isère,38350,44.86,5.861,"La Salle-en-Beaumont (38350), Auvergne-Rhône-Alpes"
14439,Le Sappey-en-Chartreuse,Auvergne-Rhône-Alpes,Isère,38700,45.265,5.784,"Le Sappey-en-Chartreuse (38700), Auvergne-Rhône-Alpes"
14440,Sarcenas,Auvergne-Rhône-Alpes,Isère,38700,45.285,5.76,"Sarcenas (38700), Auvergne-Rhône-Alpes"
14441,Sardieu,Auvergne-Rhône-Alpes,Isère,38260,45.36,5.221,"Sardieu (38260), Auvergne-Rhône-Alpes"
14442,Sassenage,Auvergne-Rhône-Alpes,Isère,38360,45.213,5.652,"Sassenage (38360), Auvergne-Rhône-Alpes"
14443,Satolas-et-Bonce,Auvergne-Rhône-Alpes,Isère,38290,45.682,5.126,"Satolas-et-Bonce (38290), Auvergne-Rhône-Alpes"
14444,Savas-Mépin,Auvergne-Rhône-Alpes,Isère,38440,45.497,5.062,"Savas-Mépin (38440), Auvergne-Rhône-Alpes"
14445,Séchilienne,Auvergne-Rhône-Alpes,Isère,38220,45.073,5.83,"Séchilienne (38220), Auvergne-Rhône-Alpes"
14446,Porte-des-Bonnevaux,Auvergne-Rhône-Alpes,Isère,38260,45.432,5.197,"Porte-des-Bonnevaux (38260), Auvergne-Rhône-Alpes"
14447,Septème,Auvergne-Rhône-Alpes,Isère,38780,45.548,4.985,"Septème (38780), Auvergne-Rhône-Alpes"
14448,Sérézin-de-la-Tour,Auvergne-Rhône-Alpes,Isère,38300,45.555,5.34,"Sérézin-de-la-Tour (38300), Auvergne-Rhône-Alpes"
14449,Sermérieu,Auvergne-Rhône-Alpes,Isère,38510,45.667,5.409,"Sermérieu (38510), Auvergne-Rhône-Alpes"
14450,Serpaize,Auvergne-Rhône-Alpes,Isère,38200,45.558,4.92,"Serpaize (38200), Auvergne-Rhône-Alpes"
14451,Seyssinet-Pariset,Auvergne-Rhône-Alpes,Isère,38170,45.173,5.67,"Seyssinet-Pariset (38170), Auvergne-Rhône-Alpes"
14452,Seyssins,Auvergne-Rhône-Alpes,Isère,38180,45.155,5.676,"Seyssins (38180), Auvergne-Rhône-Alpes"
14453,Seyssuel,Auvergne-Rhône-Alpes,Isère,38200,45.56,4.844,"Seyssuel (38200), Auvergne-Rhône-Alpes"
14454,Siccieu-Saint-Julien-et-Carisieu,Auvergne-Rhône-Alpes,Isère,38460,45.73,5.315,"Siccieu-Saint-Julien-et-Carisieu (38460), Auvergne-Rhône-Alpes"
14455,Siévoz,Auvergne-Rhône-Alpes,Isère,38350,44.905,5.85,"Siévoz (38350), Auvergne-Rhône-Alpes"
14456,Sillans,Auvergne-Rhône-Alpes,Isère,38590,45.348,5.391,"Sillans (38590), Auvergne-Rhône-Alpes"
14457,Sinard,Auvergne-Rhône-Alpes,Isère,38650,44.943,5.656,"Sinard (38650), Auvergne-Rhône-Alpes"
14458,Soleymieu,Auvergne-Rhône-Alpes,Isère,38460,45.703,5.359,"Soleymieu (38460), Auvergne-Rhône-Alpes"
14459,La Sône,Auvergne-Rhône-Alpes,Isère,38840,45.117,5.281,"La Sône (38840), Auvergne-Rhône-Alpes"
14460,Sonnay,Auvergne-Rhône-Alpes,Isère,38150,45.357,4.916,"Sonnay (38150), Auvergne-Rhône-Alpes"
14461,Sousville,Auvergne-Rhône-Alpes,Isère,38350,44.91,5.807,"Sousville (38350), Auvergne-Rhône-Alpes"
14462,Succieu,Auvergne-Rhône-Alpes,Isère,38300,45.53,5.343,"Succieu (38300), Auvergne-Rhône-Alpes"
14463,Susville,Auvergne-Rhône-Alpes,Isère,38350,44.926,5.762,"Susville (38350), Auvergne-Rhône-Alpes"
14464,Têche,Auvergne-Rhône-Alpes,Isère,38470,45.178,5.376,"Têche (38470), Auvergne-Rhône-Alpes"
14465,Tencin,Auvergne-Rhône-Alpes,Isère,38570,45.311,5.959,"Tencin (38570), Auvergne-Rhône-Alpes"
14466,La Terrasse,Auvergne-Rhône-Alpes,Isère,38660,45.325,5.932,"La Terrasse (38660), Auvergne-Rhône-Alpes"
14467,Theys,Auvergne-Rhône-Alpes,Isère,38570,45.298,6.013,"Theys (38570), Auvergne-Rhône-Alpes"
14468,Thodure,Auvergne-Rhône-Alpes,Isère,38260,45.316,5.156,"Thodure (38260), Auvergne-Rhône-Alpes"
14469,Tignieu-Jameyzieu,Auvergne-Rhône-Alpes,Isère,38230,45.734,5.184,"Tignieu-Jameyzieu (38230), Auvergne-Rhône-Alpes"
14470,Torchefelon,Auvergne-Rhône-Alpes,Isère,38690,45.519,5.403,"Torchefelon (38690), Auvergne-Rhône-Alpes"
14471,La Tour-du-Pin,Auvergne-Rhône-Alpes,Isère,38110,45.573,5.445,"La Tour-du-Pin (38110), Auvergne-Rhône-Alpes"
14472,Le Touvet,Auvergne-Rhône-Alpes,Isère,38660,45.352,5.946,"Le Touvet (38660), Auvergne-Rhône-Alpes"
14473,Tramolé,Auvergne-Rhône-Alpes,Isère,38300,45.514,5.268,"Tramolé (38300), Auvergne-Rhône-Alpes"
14474,Treffort,Auvergne-Rhône-Alpes,Isère,38650,44.903,5.662,"Treffort (38650), Auvergne-Rhône-Alpes"
14475,Tréminis,Auvergne-Rhône-Alpes,Isère,38710,44.733,5.772,"Tréminis (38710), Auvergne-Rhône-Alpes"
14476,Trept,Auvergne-Rhône-Alpes,Isère,38460,45.689,5.324,"Trept (38460), Auvergne-Rhône-Alpes"
14477,La Tronche,Auvergne-Rhône-Alpes,Isère,38700,45.21,5.743,"La Tronche (38700), Auvergne-Rhône-Alpes"
14478,Tullins,Auvergne-Rhône-Alpes,Isère,38210,45.294,5.49,"Tullins (38210), Auvergne-Rhône-Alpes"
14479,Valbonnais,Auvergne-Rhône-Alpes,Isère,38740,44.898,5.91,"Valbonnais (38740), Auvergne-Rhône-Alpes"
14480,Valencin,Auvergne-Rhône-Alpes,Isère,38540,45.608,5.028,"Valencin (38540), Auvergne-Rhône-Alpes"
14481,Valencogne,Auvergne-Rhône-Alpes,Isère,38730,45.492,5.531,"Valencogne (38730), Auvergne-Rhône-Alpes"
14482,La Valette,Auvergne-Rhône-Alpes,Isère,38350,44.945,5.853,"La Valette (38350), Auvergne-Rhône-Alpes"
14483,Valjouffrey,Auvergne-Rhône-Alpes,Isère,38740,44.882,6.08,"Valjouffrey (38740), Auvergne-Rhône-Alpes"
14484,Varacieux,Auvergne-Rhône-Alpes,Isère,38470,45.227,5.342,"Varacieux (38470), Auvergne-Rhône-Alpes"
14485,Varces-Allières-et-Risset,Auvergne-Rhône-Alpes,Isère,38760,45.091,5.677,"Varces-Allières-et-Risset (38760), Auvergne-Rhône-Alpes"
14486,Vasselin,Auvergne-Rhône-Alpes,Isère,38890,45.628,5.451,"Vasselin (38890), Auvergne-Rhône-Alpes"
14487,Vatilieu,Auvergne-Rhône-Alpes,Isère,38470,45.261,5.411,"Vatilieu (38470), Auvergne-Rhône-Alpes"
14488,Vaujany,Auvergne-Rhône-Alpes,Isère,38114,45.186,6.102,"Vaujany (38114), Auvergne-Rhône-Alpes"
14489,Vaulnaveys-le-Bas,Auvergne-Rhône-Alpes,Isère,38410,45.099,5.812,"Vaulnaveys-le-Bas (38410), Auvergne-Rhône-Alpes"
14490,Vaulnaveys-le-Haut,Auvergne-Rhône-Alpes,Isère,38410,45.115,5.84,"Vaulnaveys-le-Haut (38410), Auvergne-Rhône-Alpes"
14491,Vaulx-Milieu,Auvergne-Rhône-Alpes,Isère,38090,45.616,5.186,"Vaulx-Milieu (38090), Auvergne-Rhône-Alpes"
14492,Velanne,Auvergne-Rhône-Alpes,Isère,38620,45.489,5.646,"Velanne (38620), Auvergne-Rhône-Alpes"
14493,Vénérieu,Auvergne-Rhône-Alpes,Isère,38460,45.66,5.276,"Vénérieu (38460), Auvergne-Rhône-Alpes"
14494,Venon,Auvergne-Rhône-Alpes,Isère,38610,45.173,5.811,"Venon (38610), Auvergne-Rhône-Alpes"
14495,Vernas,Auvergne-Rhône-Alpes,Isère,38460,45.777,5.268,"Vernas (38460), Auvergne-Rhône-Alpes"
14496,Vernioz,Auvergne-Rhône-Alpes,Isère,38150,45.43,4.899,"Vernioz (38150), Auvergne-Rhône-Alpes"
14497,La Verpillière,Auvergne-Rhône-Alpes,Isère,38290,45.638,5.149,"La Verpillière (38290), Auvergne-Rhône-Alpes"
14498,Le Versoud,Auvergne-Rhône-Alpes,Isère,38420,45.222,5.859,"Le Versoud (38420), Auvergne-Rhône-Alpes"
14499,Vertrieu,Auvergne-Rhône-Alpes,Isère,38390,45.87,5.365,"Vertrieu (38390), Auvergne-Rhône-Alpes"
14500,Veurey-Voroize,Auvergne-Rhône-Alpes,Isère,38113,45.269,5.602,"Veurey-Voroize (38113), Auvergne-Rhône-Alpes"
14501,Veyssilieu,Auvergne-Rhône-Alpes,Isère,38460,45.681,5.228,"Veyssilieu (38460), Auvergne-Rhône-Alpes"
14502,Vézeronce-Curtin,Auvergne-Rhône-Alpes,Isère,38510,45.654,5.47,"Vézeronce-Curtin (38510), Auvergne-Rhône-Alpes"
14503,Vienne,Auvergne-Rhône-Alpes,Isère,38200,45.521,4.881,"Vienne (38200), Auvergne-Rhône-Alpes"
14504,Vif,Auvergne-Rhône-Alpes,Isère,38450,45.043,5.674,"Vif (38450), Auvergne-Rhône-Alpes"
14505,Vignieu,Auvergne-Rhône-Alpes,Isère,38890,45.632,5.421,"Vignieu (38890), Auvergne-Rhône-Alpes"
14506,Villard-Bonnot,Auvergne-Rhône-Alpes,Isère,38190,45.245,5.889,"Villard-Bonnot (38190), Auvergne-Rhône-Alpes"
14507,Villard-de-Lans,Auvergne-Rhône-Alpes,Isère,38250,45.06,5.544,"Villard-de-Lans (38250), Auvergne-Rhône-Alpes"
14508,Villard-Notre-Dame,Auvergne-Rhône-Alpes,Isère,38520,45.009,6.033,"Villard-Notre-Dame (38520), Auvergne-Rhône-Alpes"
14509,Villard-Reculas,Auvergne-Rhône-Alpes,Isère,38114,45.094,6.037,"Villard-Reculas (38114), Auvergne-Rhône-Alpes"
14510,Villard-Reymond,Auvergne-Rhône-Alpes,Isère,38520,45.029,6.008,"Villard-Reymond (38520), Auvergne-Rhône-Alpes"
14511,Villard-Saint-Christophe,Auvergne-Rhône-Alpes,Isère,38119,44.986,5.819,"Villard-Saint-Christophe (38119), Auvergne-Rhône-Alpes"
14512,Villefontaine,Auvergne-Rhône-Alpes,Isère,38090,45.614,5.156,"Villefontaine (38090), Auvergne-Rhône-Alpes"
14513,Villemoirieu,Auvergne-Rhône-Alpes,Isère,38460,45.714,5.232,"Villemoirieu (38460), Auvergne-Rhône-Alpes"
14514,Villeneuve-de-Marc,Auvergne-Rhône-Alpes,Isère,38440,45.463,5.115,"Villeneuve-de-Marc (38440), Auvergne-Rhône-Alpes"
14515,Ville-sous-Anjou,Auvergne-Rhône-Alpes,Isère,38150,45.376,4.859,"Ville-sous-Anjou (38150), Auvergne-Rhône-Alpes"
14516,Villette-d'Anthon,Auvergne-Rhône-Alpes,Isère,38280,45.784,5.107,"Villette-d'Anthon (38280), Auvergne-Rhône-Alpes"
14517,Villette-de-Vienne,Auvergne-Rhône-Alpes,Isère,38200,45.589,4.912,"Villette-de-Vienne (38200), Auvergne-Rhône-Alpes"
14518,Vinay,Auvergne-Rhône-Alpes,Isère,38470,45.215,5.408,"Vinay (38470), Auvergne-Rhône-Alpes"
14519,Val-de-Virieu,Auvergne-Rhône-Alpes,Isère,38730,45.471,5.477,"Val-de-Virieu (38730), Auvergne-Rhône-Alpes"
14520,Viriville,Auvergne-Rhône-Alpes,Isère,38980,45.305,5.203,"Viriville (38980), Auvergne-Rhône-Alpes"
14521,Vizille,Auvergne-Rhône-Alpes,Isère,38220,45.075,5.78,"Vizille (38220), Auvergne-Rhône-Alpes"
14522,Voiron,Auvergne-Rhône-Alpes,Isère,38500,45.379,5.582,"Voiron (38500), Auvergne-Rhône-Alpes"
14523,Voissant,Auvergne-Rhône-Alpes,Isère,38620,45.479,5.705,"Voissant (38620), Auvergne-Rhône-Alpes"
14524,Voreppe,Auvergne-Rhône-Alpes,Isère,38340,45.29,5.643,"Voreppe (38340), Auvergne-Rhône-Alpes"
14525,Vourey,Auvergne-Rhône-Alpes,Isère,38210,45.317,5.522,"Vourey (38210), Auvergne-Rhône-Alpes"
14526,Chamrousse,Auvergne-Rhône-Alpes,Isère,38410,45.12,5.894,"Chamrousse (38410), Auvergne-Rhône-Alpes"
15615,Aboën,Auvergne-Rhône-Alpes,Loire,42380,45.413,4.127,"Aboën (42380), Auvergne-Rhône-Alpes"
15616,Ailleux,Auvergne-Rhône-Alpes,Loire,42130,45.799,3.934,"Ailleux (42130), Auvergne-Rhône-Alpes"
15617,Ambierle,Auvergne-Rhône-Alpes,Loire,42820,46.106,3.892,"Ambierle (42820), Auvergne-Rhône-Alpes"
15618,Andrézieux-Bouthéon,Auvergne-Rhône-Alpes,Loire,42160,45.535,4.276,"Andrézieux-Bouthéon (42160), Auvergne-Rhône-Alpes"
15619,Apinac,Auvergne-Rhône-Alpes,Loire,42550,45.391,3.995,"Apinac (42550), Auvergne-Rhône-Alpes"
15620,Arcinges,Auvergne-Rhône-Alpes,Loire,42460,46.135,4.288,"Arcinges (42460), Auvergne-Rhône-Alpes"
15621,Arcon,Auvergne-Rhône-Alpes,Loire,42370,46.009,3.87,"Arcon (42370), Auvergne-Rhône-Alpes"
15622,Arthun,Auvergne-Rhône-Alpes,Loire,42130,45.769,4.038,"Arthun (42130), Auvergne-Rhône-Alpes"
15623,Aveizieux,Auvergne-Rhône-Alpes,Loire,42330,45.569,4.379,"Aveizieux (42330), Auvergne-Rhône-Alpes"
15624,Balbigny,Auvergne-Rhône-Alpes,Loire,42510,45.83,4.183,"Balbigny (42510), Auvergne-Rhône-Alpes"
15625,Bard,Auvergne-Rhône-Alpes,Loire,42600,45.592,3.998,"Bard (42600), Auvergne-Rhône-Alpes"
15626,Bellegarde-en-Forez,Auvergne-Rhône-Alpes,Loire,42210,45.641,4.309,"Bellegarde-en-Forez (42210), Auvergne-Rhône-Alpes"
15627,Belleroche,Auvergne-Rhône-Alpes,Loire,42670,46.16,4.409,"Belleroche (42670), Auvergne-Rhône-Alpes"
15628,Belmont-de-la-Loire,Auvergne-Rhône-Alpes,Loire,42670,46.162,4.35,"Belmont-de-la-Loire (42670), Auvergne-Rhône-Alpes"
15629,La Bénisson-Dieu,Auvergne-Rhône-Alpes,Loire,42720,46.159,4.048,"La Bénisson-Dieu (42720), Auvergne-Rhône-Alpes"
15630,Le Bessat,Auvergne-Rhône-Alpes,Loire,42660,45.374,4.515,"Le Bessat (42660), Auvergne-Rhône-Alpes"
15631,Bessey,Auvergne-Rhône-Alpes,Loire,42520,45.391,4.703,"Bessey (42520), Auvergne-Rhône-Alpes"
15632,Boën-sur-Lignon,Auvergne-Rhône-Alpes,Loire,42130,45.751,4.009,"Boën-sur-Lignon (42130), Auvergne-Rhône-Alpes"
15633,Boisset-lès-Montrond,Auvergne-Rhône-Alpes,Loire,42210,45.625,4.208,"Boisset-lès-Montrond (42210), Auvergne-Rhône-Alpes"
15634,Boisset-Saint-Priest,Auvergne-Rhône-Alpes,Loire,42560,45.513,4.119,"Boisset-Saint-Priest (42560), Auvergne-Rhône-Alpes"
15635,Bonson,Auvergne-Rhône-Alpes,Loire,42160,45.522,4.222,"Bonson (42160), Auvergne-Rhône-Alpes"
15636,Bourg-Argental,Auvergne-Rhône-Alpes,Loire,42220,45.304,4.566,"Bourg-Argental (42220), Auvergne-Rhône-Alpes"
15637,Boyer,Auvergne-Rhône-Alpes,Loire,42460,46.097,4.215,"Boyer (42460), Auvergne-Rhône-Alpes"
15638,Briennon,Auvergne-Rhône-Alpes,Loire,42720,46.147,4.077,"Briennon (42720), Auvergne-Rhône-Alpes"
15639,Bully,Auvergne-Rhône-Alpes,Loire,42260,45.929,3.993,"Bully (42260), Auvergne-Rhône-Alpes"
15640,Burdignes,Auvergne-Rhône-Alpes,Loire,42220,45.264,4.56,"Burdignes (42220), Auvergne-Rhône-Alpes"
15641,Bussières,Auvergne-Rhône-Alpes,Loire,42510,45.84,4.264,"Bussières (42510), Auvergne-Rhône-Alpes"
15642,Bussy-Albieux,Auvergne-Rhône-Alpes,Loire,42260,45.795,4.035,"Bussy-Albieux (42260), Auvergne-Rhône-Alpes"
15643,Caloire,Auvergne-Rhône-Alpes,Loire,42240,45.414,4.235,"Caloire (42240), Auvergne-Rhône-Alpes"
15644,Cellieu,Auvergne-Rhône-Alpes,Loire,42320,45.521,4.53,"Cellieu (42320), Auvergne-Rhône-Alpes"
15645,Le Cergne,Auvergne-Rhône-Alpes,Loire,42460,46.121,4.304,"Le Cergne (42460), Auvergne-Rhône-Alpes"
15646,Cervières,Auvergne-Rhône-Alpes,Loire,42440,45.852,3.754,"Cervières (42440), Auvergne-Rhône-Alpes"
15647,Cezay,Auvergne-Rhône-Alpes,Loire,42130,45.802,3.965,"Cezay (42130), Auvergne-Rhône-Alpes"
15648,Chagnon,Auvergne-Rhône-Alpes,Loire,42800,45.534,4.554,"Chagnon (42800), Auvergne-Rhône-Alpes"
15649,Chalain-d'Uzore,Auvergne-Rhône-Alpes,Loire,42600,45.673,4.06,"Chalain-d'Uzore (42600), Auvergne-Rhône-Alpes"
15650,Chalain-le-Comtal,Auvergne-Rhône-Alpes,Loire,42600,45.641,4.172,"Chalain-le-Comtal (42600), Auvergne-Rhône-Alpes"
15651,Chalmazel-Jeansagnière,Auvergne-Rhône-Alpes,Loire,42920,45.698,3.824,"Chalmazel-Jeansagnière (42920), Auvergne-Rhône-Alpes"
15652,La Chamba,Auvergne-Rhône-Alpes,Loire,42440,45.755,3.762,"La Chamba (42440), Auvergne-Rhône-Alpes"
15653,Chambéon,Auvergne-Rhône-Alpes,Loire,42110,45.697,4.173,"Chambéon (42110), Auvergne-Rhône-Alpes"
15654,Chambles,Auvergne-Rhône-Alpes,Loire,42170,45.452,4.226,"Chambles (42170), Auvergne-Rhône-Alpes"
15655,Chambœuf,Auvergne-Rhône-Alpes,Loire,42330,45.574,4.322,"Chambœuf (42330), Auvergne-Rhône-Alpes"
15656,Le Chambon-Feugerolles,Auvergne-Rhône-Alpes,Loire,42500,45.389,4.332,"Le Chambon-Feugerolles (42500), Auvergne-Rhône-Alpes"
15657,La Chambonie,Auvergne-Rhône-Alpes,Loire,42440,45.744,3.758,"La Chambonie (42440), Auvergne-Rhône-Alpes"
15658,Champdieu,Auvergne-Rhône-Alpes,Loire,42600,45.641,4.05,"Champdieu (42600), Auvergne-Rhône-Alpes"
15659,Champoly,Auvergne-Rhône-Alpes,Loire,42430,45.854,3.844,"Champoly (42430), Auvergne-Rhône-Alpes"
15660,Chandon,Auvergne-Rhône-Alpes,Loire,42190,46.147,4.202,"Chandon (42190), Auvergne-Rhône-Alpes"
15661,Changy,Auvergne-Rhône-Alpes,Loire,42310,46.146,3.9,"Changy (42310), Auvergne-Rhône-Alpes"
15662,La Chapelle-en-Lafaye,Auvergne-Rhône-Alpes,Loire,42380,45.459,3.985,"La Chapelle-en-Lafaye (42380), Auvergne-Rhône-Alpes"
15663,La Chapelle-Villars,Auvergne-Rhône-Alpes,Loire,42410,45.478,4.714,"La Chapelle-Villars (42410), Auvergne-Rhône-Alpes"
15664,Charlieu,Auvergne-Rhône-Alpes,Loire,42190,46.166,4.174,"Charlieu (42190), Auvergne-Rhône-Alpes"
15665,Châteauneuf,Auvergne-Rhône-Alpes,Loire,42800,45.515,4.634,"Châteauneuf (42800), Auvergne-Rhône-Alpes"
15666,Châtelneuf,Auvergne-Rhône-Alpes,Loire,42940,45.639,3.98,"Châtelneuf (42940), Auvergne-Rhône-Alpes"
15667,Châtelus,Auvergne-Rhône-Alpes,Loire,42140,45.59,4.462,"Châtelus (42140), Auvergne-Rhône-Alpes"
15668,Chavanay,Auvergne-Rhône-Alpes,Loire,42410,45.419,4.729,"Chavanay (42410), Auvergne-Rhône-Alpes"
15669,Chazelles-sur-Lavieu,Auvergne-Rhône-Alpes,Loire,42560,45.542,4.002,"Chazelles-sur-Lavieu (42560), Auvergne-Rhône-Alpes"
15670,Chazelles-sur-Lyon,Auvergne-Rhône-Alpes,Loire,42140,45.629,4.374,"Chazelles-sur-Lyon (42140), Auvergne-Rhône-Alpes"
15671,Chenereilles,Auvergne-Rhône-Alpes,Loire,42560,45.486,4.09,"Chenereilles (42560), Auvergne-Rhône-Alpes"
15672,Cherier,Auvergne-Rhône-Alpes,Loire,42430,45.968,3.889,"Cherier (42430), Auvergne-Rhône-Alpes"
15673,Chevrières,Auvergne-Rhône-Alpes,Loire,42140,45.59,4.408,"Chevrières (42140), Auvergne-Rhône-Alpes"
15674,Chirassimont,Auvergne-Rhône-Alpes,Loire,42114,45.913,4.283,"Chirassimont (42114), Auvergne-Rhône-Alpes"
15675,Chuyer,Auvergne-Rhône-Alpes,Loire,42410,45.456,4.702,"Chuyer (42410), Auvergne-Rhône-Alpes"
15676,Civens,Auvergne-Rhône-Alpes,Loire,42110,45.768,4.234,"Civens (42110), Auvergne-Rhône-Alpes"
15677,Cleppé,Auvergne-Rhône-Alpes,Loire,42110,45.76,4.177,"Cleppé (42110), Auvergne-Rhône-Alpes"
15678,Colombier,Auvergne-Rhône-Alpes,Loire,42220,45.354,4.594,"Colombier (42220), Auvergne-Rhône-Alpes"
15679,Combre,Auvergne-Rhône-Alpes,Loire,42840,46.022,4.264,"Combre (42840), Auvergne-Rhône-Alpes"
15680,Commelle-Vernay,Auvergne-Rhône-Alpes,Loire,42120,45.995,4.06,"Commelle-Vernay (42120), Auvergne-Rhône-Alpes"
15681,Cordelle,Auvergne-Rhône-Alpes,Loire,42123,45.943,4.059,"Cordelle (42123), Auvergne-Rhône-Alpes"
15682,Le Coteau,Auvergne-Rhône-Alpes,Loire,42120,46.017,4.091,"Le Coteau (42120), Auvergne-Rhône-Alpes"
15683,La Côte-en-Couzan,Auvergne-Rhône-Alpes,Loire,42111,45.771,3.829,"La Côte-en-Couzan (42111), Auvergne-Rhône-Alpes"
15684,Cottance,Auvergne-Rhône-Alpes,Loire,42360,45.794,4.296,"Cottance (42360), Auvergne-Rhône-Alpes"
15685,Coutouvre,Auvergne-Rhône-Alpes,Loire,42460,46.073,4.206,"Coutouvre (42460), Auvergne-Rhône-Alpes"
15686,Craintilleux,Auvergne-Rhône-Alpes,Loire,42210,45.574,4.226,"Craintilleux (42210), Auvergne-Rhône-Alpes"
15687,Cremeaux,Auvergne-Rhône-Alpes,Loire,42260,45.915,3.924,"Cremeaux (42260), Auvergne-Rhône-Alpes"
15688,Croizet-sur-Gand,Auvergne-Rhône-Alpes,Loire,42540,45.913,4.219,"Croizet-sur-Gand (42540), Auvergne-Rhône-Alpes"
15689,Le Crozet,Auvergne-Rhône-Alpes,Loire,42310,46.173,3.838,"Le Crozet (42310), Auvergne-Rhône-Alpes"
15690,Cuinzier,Auvergne-Rhône-Alpes,Loire,42460,46.124,4.266,"Cuinzier (42460), Auvergne-Rhône-Alpes"
15691,Cuzieu,Auvergne-Rhône-Alpes,Loire,42330,45.606,4.266,"Cuzieu (42330), Auvergne-Rhône-Alpes"
15692,Dargoire,Auvergne-Rhône-Alpes,Loire,42800,45.563,4.674,"Dargoire (42800), Auvergne-Rhône-Alpes"
15693,Débats-Rivière-d'Orpra,Auvergne-Rhône-Alpes,Loire,42130,45.758,3.942,"Débats-Rivière-d'Orpra (42130), Auvergne-Rhône-Alpes"
15694,Doizieux,Auvergne-Rhône-Alpes,Loire,42740,45.418,4.589,"Doizieux (42740), Auvergne-Rhône-Alpes"
15695,Écoche,Auvergne-Rhône-Alpes,Loire,42670,46.151,4.305,"Écoche (42670), Auvergne-Rhône-Alpes"
15696,Écotay-l'Olme,Auvergne-Rhône-Alpes,Loire,42600,45.587,4.045,"Écotay-l'Olme (42600), Auvergne-Rhône-Alpes"
15697,Épercieux-Saint-Paul,Auvergne-Rhône-Alpes,Loire,42110,45.791,4.201,"Épercieux-Saint-Paul (42110), Auvergne-Rhône-Alpes"
15698,Essertines-en-Châtelneuf,Auvergne-Rhône-Alpes,Loire,42600,45.618,3.999,"Essertines-en-Châtelneuf (42600), Auvergne-Rhône-Alpes"
15699,Essertines-en-Donzy,Auvergne-Rhône-Alpes,Loire,42360,45.758,4.338,"Essertines-en-Donzy (42360), Auvergne-Rhône-Alpes"
15700,Estivareilles,Auvergne-Rhône-Alpes,Loire,42380,45.431,4.017,"Estivareilles (42380), Auvergne-Rhône-Alpes"
15701,L'Étrat,Auvergne-Rhône-Alpes,Loire,42580,45.494,4.372,"L'Étrat (42580), Auvergne-Rhône-Alpes"
15702,Farnay,Auvergne-Rhône-Alpes,Loire,42320,45.485,4.602,"Farnay (42320), Auvergne-Rhône-Alpes"
15703,Feurs,Auvergne-Rhône-Alpes,Loire,42110,45.732,4.223,"Feurs (42110), Auvergne-Rhône-Alpes"
15704,Firminy,Auvergne-Rhône-Alpes,Loire,42700,45.379,4.289,"Firminy (42700), Auvergne-Rhône-Alpes"
15705,Fontanès,Auvergne-Rhône-Alpes,Loire,42140,45.542,4.431,"Fontanès (42140), Auvergne-Rhône-Alpes"
15706,La Fouillouse,Auvergne-Rhône-Alpes,Loire,42480,45.501,4.319,"La Fouillouse (42480), Auvergne-Rhône-Alpes"
15707,Fourneaux,Auvergne-Rhône-Alpes,Loire,42470,45.943,4.272,"Fourneaux (42470), Auvergne-Rhône-Alpes"
15708,Fraisses,Auvergne-Rhône-Alpes,Loire,42490,45.384,4.26,"Fraisses (42490), Auvergne-Rhône-Alpes"
15709,La Gimond,Auvergne-Rhône-Alpes,Loire,42140,45.556,4.414,"La Gimond (42140), Auvergne-Rhône-Alpes"
15710,Graix,Auvergne-Rhône-Alpes,Loire,42220,45.36,4.56,"Graix (42220), Auvergne-Rhône-Alpes"
15711,Grammond,Auvergne-Rhône-Alpes,Loire,42140,45.574,4.442,"Grammond (42140), Auvergne-Rhône-Alpes"
15712,La Grand-Croix,Auvergne-Rhône-Alpes,Loire,42320,45.504,4.559,"La Grand-Croix (42320), Auvergne-Rhône-Alpes"
15713,La Gresle,Auvergne-Rhône-Alpes,Loire,42460,46.072,4.276,"La Gresle (42460), Auvergne-Rhône-Alpes"
15714,Grézieux-le-Fromental,Auvergne-Rhône-Alpes,Loire,42600,45.615,4.155,"Grézieux-le-Fromental (42600), Auvergne-Rhône-Alpes"
15715,Grézolles,Auvergne-Rhône-Alpes,Loire,42260,45.864,3.948,"Grézolles (42260), Auvergne-Rhône-Alpes"
15716,Gumières,Auvergne-Rhône-Alpes,Loire,42560,45.527,3.977,"Gumières (42560), Auvergne-Rhône-Alpes"
15717,L'Hôpital-le-Grand,Auvergne-Rhône-Alpes,Loire,42210,45.592,4.197,"L'Hôpital-le-Grand (42210), Auvergne-Rhône-Alpes"
15718,L'Hôpital-sous-Rochefort,Auvergne-Rhône-Alpes,Loire,42130,45.772,3.936,"L'Hôpital-sous-Rochefort (42130), Auvergne-Rhône-Alpes"
15719,L'Horme,Auvergne-Rhône-Alpes,Loire,42152,45.492,4.541,"L'Horme (42152), Auvergne-Rhône-Alpes"
15720,Jarnosse,Auvergne-Rhône-Alpes,Loire,42460,46.101,4.246,"Jarnosse (42460), Auvergne-Rhône-Alpes"
15721,Jas,Auvergne-Rhône-Alpes,Loire,42110,45.743,4.319,"Jas (42110), Auvergne-Rhône-Alpes"
15722,Jonzieux,Auvergne-Rhône-Alpes,Loire,42660,45.32,4.362,"Jonzieux (42660), Auvergne-Rhône-Alpes"
15723,Juré,Auvergne-Rhône-Alpes,Loire,42430,45.892,3.894,"Juré (42430), Auvergne-Rhône-Alpes"
15724,Lavieu,Auvergne-Rhône-Alpes,Loire,42560,45.54,4.042,"Lavieu (42560), Auvergne-Rhône-Alpes"
15725,Lay,Auvergne-Rhône-Alpes,Loire,42470,45.969,4.241,"Lay (42470), Auvergne-Rhône-Alpes"
15726,Leigneux,Auvergne-Rhône-Alpes,Loire,42130,45.744,3.984,"Leigneux (42130), Auvergne-Rhône-Alpes"
15727,Lentigny,Auvergne-Rhône-Alpes,Loire,42155,45.992,3.975,"Lentigny (42155), Auvergne-Rhône-Alpes"
15728,Lérigneux,Auvergne-Rhône-Alpes,Loire,42600,45.594,3.947,"Lérigneux (42600), Auvergne-Rhône-Alpes"
15729,Lézigneux,Auvergne-Rhône-Alpes,Loire,42600,45.56,4.057,"Lézigneux (42600), Auvergne-Rhône-Alpes"
15730,Lorette,Auvergne-Rhône-Alpes,Loire,42420,45.511,4.581,"Lorette (42420), Auvergne-Rhône-Alpes"
15731,Lupé,Auvergne-Rhône-Alpes,Loire,42520,45.373,4.701,"Lupé (42520), Auvergne-Rhône-Alpes"
15732,Luré,Auvergne-Rhône-Alpes,Loire,42260,45.883,3.929,"Luré (42260), Auvergne-Rhône-Alpes"
15733,Luriecq,Auvergne-Rhône-Alpes,Loire,42380,45.451,4.074,"Luriecq (42380), Auvergne-Rhône-Alpes"
15734,Mably,Auvergne-Rhône-Alpes,Loire,42300,46.092,4.063,"Mably (42300), Auvergne-Rhône-Alpes"
15735,Machézal,Auvergne-Rhône-Alpes,Loire,42114,45.926,4.315,"Machézal (42114), Auvergne-Rhône-Alpes"
15736,Maclas,Auvergne-Rhône-Alpes,Loire,42520,45.361,4.698,"Maclas (42520), Auvergne-Rhône-Alpes"
15737,Magneux-Haute-Rive,Auvergne-Rhône-Alpes,Loire,42600,45.67,4.171,"Magneux-Haute-Rive (42600), Auvergne-Rhône-Alpes"
15738,Maizilly,Auvergne-Rhône-Alpes,Loire,42750,46.176,4.243,"Maizilly (42750), Auvergne-Rhône-Alpes"
15739,Malleval,Auvergne-Rhône-Alpes,Loire,42520,45.386,4.726,"Malleval (42520), Auvergne-Rhône-Alpes"
15740,Marcenod,Auvergne-Rhône-Alpes,Loire,42140,45.573,4.482,"Marcenod (42140), Auvergne-Rhône-Alpes"
15741,Marcilly-le-Châtel,Auvergne-Rhône-Alpes,Loire,42130,45.689,4.029,"Marcilly-le-Châtel (42130), Auvergne-Rhône-Alpes"
15742,Marclopt,Auvergne-Rhône-Alpes,Loire,42210,45.664,4.221,"Marclopt (42210), Auvergne-Rhône-Alpes"
15743,Marcoux,Auvergne-Rhône-Alpes,Loire,42130,45.704,3.998,"Marcoux (42130), Auvergne-Rhône-Alpes"
15744,Margerie-Chantagret,Auvergne-Rhône-Alpes,Loire,42560,45.525,4.053,"Margerie-Chantagret (42560), Auvergne-Rhône-Alpes"
15745,Maringes,Auvergne-Rhône-Alpes,Loire,42140,45.661,4.354,"Maringes (42140), Auvergne-Rhône-Alpes"
15746,Marlhes,Auvergne-Rhône-Alpes,Loire,42660,45.293,4.397,"Marlhes (42660), Auvergne-Rhône-Alpes"
15747,Marols,Auvergne-Rhône-Alpes,Loire,42560,45.475,4.039,"Marols (42560), Auvergne-Rhône-Alpes"
15748,Mars,Auvergne-Rhône-Alpes,Loire,42750,46.15,4.251,"Mars (42750), Auvergne-Rhône-Alpes"
15749,Merle-Leignec,Auvergne-Rhône-Alpes,Loire,42380,45.374,4.024,"Merle-Leignec (42380), Auvergne-Rhône-Alpes"
15750,Mizérieux,Auvergne-Rhône-Alpes,Loire,42110,45.791,4.166,"Mizérieux (42110), Auvergne-Rhône-Alpes"
15751,Montagny,Auvergne-Rhône-Alpes,Loire,42840,46.033,4.226,"Montagny (42840), Auvergne-Rhône-Alpes"
15752,Montarcher,Auvergne-Rhône-Alpes,Loire,42380,45.458,3.99,"Montarcher (42380), Auvergne-Rhône-Alpes"
15753,Montbrison,Auvergne-Rhône-Alpes,Loire,42600,45.601,4.071,"Montbrison (42600), Auvergne-Rhône-Alpes"
15754,Montchal,Auvergne-Rhône-Alpes,Loire,42360,45.824,4.328,"Montchal (42360), Auvergne-Rhône-Alpes"
15755,Montrond-les-Bains,Auvergne-Rhône-Alpes,Loire,42210,45.635,4.241,"Montrond-les-Bains (42210), Auvergne-Rhône-Alpes"
15756,Montverdun,Auvergne-Rhône-Alpes,Loire,42130,45.712,4.077,"Montverdun (42130), Auvergne-Rhône-Alpes"
15757,Mornand-en-Forez,Auvergne-Rhône-Alpes,Loire,42600,45.672,4.12,"Mornand-en-Forez (42600), Auvergne-Rhône-Alpes"
15758,Nandax,Auvergne-Rhône-Alpes,Loire,42720,46.099,4.17,"Nandax (42720), Auvergne-Rhône-Alpes"
15759,Neaux,Auvergne-Rhône-Alpes,Loire,42470,45.958,4.167,"Neaux (42470), Auvergne-Rhône-Alpes"
15760,Néronde,Auvergne-Rhône-Alpes,Loire,42510,45.836,4.231,"Néronde (42510), Auvergne-Rhône-Alpes"
15761,Nervieux,Auvergne-Rhône-Alpes,Loire,42510,45.812,4.142,"Nervieux (42510), Auvergne-Rhône-Alpes"
15762,Neulise,Auvergne-Rhône-Alpes,Loire,42590,45.9,4.168,"Neulise (42590), Auvergne-Rhône-Alpes"
15763,Noailly,Auvergne-Rhône-Alpes,Loire,42640,46.141,4.004,"Noailly (42640), Auvergne-Rhône-Alpes"
15764,Les Noës,Auvergne-Rhône-Alpes,Loire,42370,46.035,3.836,"Les Noës (42370), Auvergne-Rhône-Alpes"
15765,Noirétable,Auvergne-Rhône-Alpes,Loire,42440,45.806,3.744,"Noirétable (42440), Auvergne-Rhône-Alpes"
15766,Nollieux,Auvergne-Rhône-Alpes,Loire,42260,45.818,3.99,"Nollieux (42260), Auvergne-Rhône-Alpes"
15767,Notre-Dame-de-Boisset,Auvergne-Rhône-Alpes,Loire,42120,45.989,4.135,"Notre-Dame-de-Boisset (42120), Auvergne-Rhône-Alpes"
15768,Ouches,Auvergne-Rhône-Alpes,Loire,42155,46.013,3.996,"Ouches (42155), Auvergne-Rhône-Alpes"
15769,La Pacaudière,Auvergne-Rhône-Alpes,Loire,42310,46.185,3.88,"La Pacaudière (42310), Auvergne-Rhône-Alpes"
15770,Palogneux,Auvergne-Rhône-Alpes,Loire,42990,45.743,3.926,"Palogneux (42990), Auvergne-Rhône-Alpes"
15771,Panissières,Auvergne-Rhône-Alpes,Loire,42360,45.794,4.344,"Panissières (42360), Auvergne-Rhône-Alpes"
15772,Parigny,Auvergne-Rhône-Alpes,Loire,42120,45.988,4.092,"Parigny (42120), Auvergne-Rhône-Alpes"
15773,Pavezin,Auvergne-Rhône-Alpes,Loire,42410,45.465,4.66,"Pavezin (42410), Auvergne-Rhône-Alpes"
15774,Pélussin,Auvergne-Rhône-Alpes,Loire,42410,45.423,4.66,"Pélussin (42410), Auvergne-Rhône-Alpes"
15775,Périgneux,Auvergne-Rhône-Alpes,Loire,42380,45.447,4.143,"Périgneux (42380), Auvergne-Rhône-Alpes"
15776,Perreux,Auvergne-Rhône-Alpes,Loire,42120,46.04,4.145,"Perreux (42120), Auvergne-Rhône-Alpes"
15777,Pinay,Auvergne-Rhône-Alpes,Loire,42590,45.871,4.135,"Pinay (42590), Auvergne-Rhône-Alpes"
15778,Planfoy,Auvergne-Rhône-Alpes,Loire,42660,45.386,4.431,"Planfoy (42660), Auvergne-Rhône-Alpes"
15779,Pommiers-en-Forez,Auvergne-Rhône-Alpes,Loire,42260,45.831,4.076,"Pommiers-en-Forez (42260), Auvergne-Rhône-Alpes"
15780,Poncins,Auvergne-Rhône-Alpes,Loire,42110,45.727,4.151,"Poncins (42110), Auvergne-Rhône-Alpes"
15781,Pouilly-lès-Feurs,Auvergne-Rhône-Alpes,Loire,42110,45.801,4.233,"Pouilly-lès-Feurs (42110), Auvergne-Rhône-Alpes"
15782,Pouilly-les-Nonains,Auvergne-Rhône-Alpes,Loire,42155,46.045,3.978,"Pouilly-les-Nonains (42155), Auvergne-Rhône-Alpes"
15783,Pouilly-sous-Charlieu,Auvergne-Rhône-Alpes,Loire,42720,46.135,4.132,"Pouilly-sous-Charlieu (42720), Auvergne-Rhône-Alpes"
15784,Pradines,Auvergne-Rhône-Alpes,Loire,42630,46.0,4.172,"Pradines (42630), Auvergne-Rhône-Alpes"
15785,Pralong,Auvergne-Rhône-Alpes,Loire,42600,45.66,4.021,"Pralong (42600), Auvergne-Rhône-Alpes"
15786,Précieux,Auvergne-Rhône-Alpes,Loire,42600,45.588,4.149,"Précieux (42600), Auvergne-Rhône-Alpes"
15787,Régny,Auvergne-Rhône-Alpes,Loire,42630,45.997,4.214,"Régny (42630), Auvergne-Rhône-Alpes"
15788,Renaison,Auvergne-Rhône-Alpes,Loire,42370,46.048,3.909,"Renaison (42370), Auvergne-Rhône-Alpes"
15789,La Ricamarie,Auvergne-Rhône-Alpes,Loire,42150,45.403,4.369,"La Ricamarie (42150), Auvergne-Rhône-Alpes"
15790,Riorges,Auvergne-Rhône-Alpes,Loire,42153,46.043,4.034,"Riorges (42153), Auvergne-Rhône-Alpes"
15791,Rivas,Auvergne-Rhône-Alpes,Loire,42340,45.588,4.25,"Rivas (42340), Auvergne-Rhône-Alpes"
15792,Rive-de-Gier,Auvergne-Rhône-Alpes,Loire,42800,45.523,4.61,"Rive-de-Gier (42800), Auvergne-Rhône-Alpes"
15793,Roanne,Auvergne-Rhône-Alpes,Loire,42300,46.045,4.08,"Roanne (42300), Auvergne-Rhône-Alpes"
15794,Roche,Auvergne-Rhône-Alpes,Loire,42600,45.616,3.921,"Roche (42600), Auvergne-Rhône-Alpes"
15795,Roche-la-Molière,Auvergne-Rhône-Alpes,Loire,42230,45.426,4.325,"Roche-la-Molière (42230), Auvergne-Rhône-Alpes"
15796,Roisey,Auvergne-Rhône-Alpes,Loire,42520,45.391,4.658,"Roisey (42520), Auvergne-Rhône-Alpes"
15797,Rozier-Côtes-d'Aurec,Auvergne-Rhône-Alpes,Loire,42380,45.376,4.114,"Rozier-Côtes-d'Aurec (42380), Auvergne-Rhône-Alpes"
15798,Rozier-en-Donzy,Auvergne-Rhône-Alpes,Loire,42810,45.804,4.273,"Rozier-en-Donzy (42810), Auvergne-Rhône-Alpes"
15799,Sail-les-Bains,Auvergne-Rhône-Alpes,Loire,42310,46.239,3.843,"Sail-les-Bains (42310), Auvergne-Rhône-Alpes"
15800,Sail-sous-Couzan,Auvergne-Rhône-Alpes,Loire,42890,45.736,3.961,"Sail-sous-Couzan (42890), Auvergne-Rhône-Alpes"
15801,Sainte-Agathe-en-Donzy,Auvergne-Rhône-Alpes,Loire,42510,45.836,4.305,"Sainte-Agathe-en-Donzy (42510), Auvergne-Rhône-Alpes"
15802,Sainte-Agathe-la-Bouteresse,Auvergne-Rhône-Alpes,Loire,42130,45.744,4.051,"Sainte-Agathe-la-Bouteresse (42130), Auvergne-Rhône-Alpes"
15803,Saint-Alban-les-Eaux,Auvergne-Rhône-Alpes,Loire,42370,46.006,3.931,"Saint-Alban-les-Eaux (42370), Auvergne-Rhône-Alpes"
15804,Saint-André-d'Apchon,Auvergne-Rhône-Alpes,Loire,42370,46.027,3.935,"Saint-André-d'Apchon (42370), Auvergne-Rhône-Alpes"
15805,Saint-André-le-Puy,Auvergne-Rhône-Alpes,Loire,42210,45.647,4.264,"Saint-André-le-Puy (42210), Auvergne-Rhône-Alpes"
15806,Saint-Appolinard,Auvergne-Rhône-Alpes,Loire,42520,45.346,4.648,"Saint-Appolinard (42520), Auvergne-Rhône-Alpes"
15807,Saint-Barthélemy-Lestra,Auvergne-Rhône-Alpes,Loire,42110,45.719,4.328,"Saint-Barthélemy-Lestra (42110), Auvergne-Rhône-Alpes"
15808,Saint-Bonnet-des-Quarts,Auvergne-Rhône-Alpes,Loire,42310,46.13,3.828,"Saint-Bonnet-des-Quarts (42310), Auvergne-Rhône-Alpes"
15809,Saint-Bonnet-le-Château,Auvergne-Rhône-Alpes,Loire,42380,45.425,4.065,"Saint-Bonnet-le-Château (42380), Auvergne-Rhône-Alpes"
15810,Saint-Bonnet-le-Courreau,Auvergne-Rhône-Alpes,Loire,42940,45.655,3.926,"Saint-Bonnet-le-Courreau (42940), Auvergne-Rhône-Alpes"
15811,Saint-Bonnet-les-Oules,Auvergne-Rhône-Alpes,Loire,42330,45.541,4.332,"Saint-Bonnet-les-Oules (42330), Auvergne-Rhône-Alpes"
15812,Saint-Chamond,Auvergne-Rhône-Alpes,Loire,42400,45.47,4.502,"Saint-Chamond (42400), Auvergne-Rhône-Alpes"
15813,Saint-Christo-en-Jarez,Auvergne-Rhône-Alpes,Loire,42320,45.536,4.467,"Saint-Christo-en-Jarez (42320), Auvergne-Rhône-Alpes"
15814,Sainte-Colombe-sur-Gand,Auvergne-Rhône-Alpes,Loire,42540,45.868,4.283,"Sainte-Colombe-sur-Gand (42540), Auvergne-Rhône-Alpes"
15815,Sainte-Croix-en-Jarez,Auvergne-Rhône-Alpes,Loire,42800,45.477,4.634,"Sainte-Croix-en-Jarez (42800), Auvergne-Rhône-Alpes"
15816,Saint-Cyprien,Auvergne-Rhône-Alpes,Loire,42160,45.54,4.23,"Saint-Cyprien (42160), Auvergne-Rhône-Alpes"
15817,Saint-Cyr-de-Favières,Auvergne-Rhône-Alpes,Loire,42123,45.962,4.105,"Saint-Cyr-de-Favières (42123), Auvergne-Rhône-Alpes"
15818,Saint-Cyr-de-Valorges,Auvergne-Rhône-Alpes,Loire,42114,45.889,4.313,"Saint-Cyr-de-Valorges (42114), Auvergne-Rhône-Alpes"
15819,Saint-Cyr-les-Vignes,Auvergne-Rhône-Alpes,Loire,42210,45.677,4.289,"Saint-Cyr-les-Vignes (42210), Auvergne-Rhône-Alpes"
15820,Saint-Denis-de-Cabanne,Auvergne-Rhône-Alpes,Loire,42750,46.176,4.208,"Saint-Denis-de-Cabanne (42750), Auvergne-Rhône-Alpes"
15821,Saint-Denis-sur-Coise,Auvergne-Rhône-Alpes,Loire,42140,45.612,4.431,"Saint-Denis-sur-Coise (42140), Auvergne-Rhône-Alpes"
15822,Saint-Didier-sur-Rochefort,Auvergne-Rhône-Alpes,Loire,42111,45.793,3.864,"Saint-Didier-sur-Rochefort (42111), Auvergne-Rhône-Alpes"
15823,Saint-Étienne,Auvergne-Rhône-Alpes,Loire,42100,45.43,4.379,"Saint-Étienne (42100), Auvergne-Rhône-Alpes"
15824,Saint-Étienne-le-Molard,Auvergne-Rhône-Alpes,Loire,42130,45.74,4.097,"Saint-Étienne-le-Molard (42130), Auvergne-Rhône-Alpes"
15825,Saint-Forgeux-Lespinasse,Auvergne-Rhône-Alpes,Loire,42640,46.139,3.943,"Saint-Forgeux-Lespinasse (42640), Auvergne-Rhône-Alpes"
15826,Sainte-Foy-Saint-Sulpice,Auvergne-Rhône-Alpes,Loire,42110,45.777,4.109,"Sainte-Foy-Saint-Sulpice (42110), Auvergne-Rhône-Alpes"
15827,Saint-Galmier,Auvergne-Rhône-Alpes,Loire,42330,45.603,4.314,"Saint-Galmier (42330), Auvergne-Rhône-Alpes"
15828,Saint-Genest-Lerpt,Auvergne-Rhône-Alpes,Loire,42530,45.456,4.331,"Saint-Genest-Lerpt (42530), Auvergne-Rhône-Alpes"
15829,Saint-Genest-Malifaux,Auvergne-Rhône-Alpes,Loire,42660,45.347,4.431,"Saint-Genest-Malifaux (42660), Auvergne-Rhône-Alpes"
15830,Genilac,Auvergne-Rhône-Alpes,Loire,42800,45.535,4.573,"Genilac (42800), Auvergne-Rhône-Alpes"
15831,Saint-Georges-de-Baroille,Auvergne-Rhône-Alpes,Loire,42510,45.854,4.107,"Saint-Georges-de-Baroille (42510), Auvergne-Rhône-Alpes"
15832,Saint-Georges-en-Couzan,Auvergne-Rhône-Alpes,Loire,42990,45.707,3.93,"Saint-Georges-en-Couzan (42990), Auvergne-Rhône-Alpes"
15833,Saint-Georges-Haute-Ville,Auvergne-Rhône-Alpes,Loire,42610,45.544,4.092,"Saint-Georges-Haute-Ville (42610), Auvergne-Rhône-Alpes"
15834,Saint-Germain-la-Montagne,Auvergne-Rhône-Alpes,Loire,42670,46.199,4.391,"Saint-Germain-la-Montagne (42670), Auvergne-Rhône-Alpes"
15835,Saint-Germain-Laval,Auvergne-Rhône-Alpes,Loire,42260,45.831,4.02,"Saint-Germain-Laval (42260), Auvergne-Rhône-Alpes"
15836,Saint-Germain-Lespinasse,Auvergne-Rhône-Alpes,Loire,42640,46.109,3.964,"Saint-Germain-Lespinasse (42640), Auvergne-Rhône-Alpes"
15837,Saint-Haon-le-Châtel,Auvergne-Rhône-Alpes,Loire,42370,46.065,3.917,"Saint-Haon-le-Châtel (42370), Auvergne-Rhône-Alpes"
15838,Saint-Haon-le-Vieux,Auvergne-Rhône-Alpes,Loire,42370,46.074,3.905,"Saint-Haon-le-Vieux (42370), Auvergne-Rhône-Alpes"
15839,Saint-Héand,Auvergne-Rhône-Alpes,Loire,42570,45.53,4.382,"Saint-Héand (42570), Auvergne-Rhône-Alpes"
15840,Saint-Hilaire-Cusson-la-Valmitte,Auvergne-Rhône-Alpes,Loire,42380,45.368,4.06,"Saint-Hilaire-Cusson-la-Valmitte (42380), Auvergne-Rhône-Alpes"
15841,Saint-Hilaire-sous-Charlieu,Auvergne-Rhône-Alpes,Loire,42190,46.121,4.183,"Saint-Hilaire-sous-Charlieu (42190), Auvergne-Rhône-Alpes"
15842,Saint-Jean-Bonnefonds,Auvergne-Rhône-Alpes,Loire,42650,45.457,4.448,"Saint-Jean-Bonnefonds (42650), Auvergne-Rhône-Alpes"
15843,Saint-Jean-la-Vêtre,Auvergne-Rhône-Alpes,Loire,42440,45.775,3.792,"Saint-Jean-la-Vêtre (42440), Auvergne-Rhône-Alpes"
15844,Saint-Jean-Saint-Maurice-sur-Loire,Auvergne-Rhône-Alpes,Loire,42155,45.958,3.986,"Saint-Jean-Saint-Maurice-sur-Loire (42155), Auvergne-Rhône-Alpes"
15845,Saint-Jean-Soleymieux,Auvergne-Rhône-Alpes,Loire,42560,45.501,4.011,"Saint-Jean-Soleymieux (42560), Auvergne-Rhône-Alpes"
15846,Saint-Jodard,Auvergne-Rhône-Alpes,Loire,42590,45.888,4.127,"Saint-Jodard (42590), Auvergne-Rhône-Alpes"
15847,Saint-Joseph,Auvergne-Rhône-Alpes,Loire,42800,45.555,4.619,"Saint-Joseph (42800), Auvergne-Rhône-Alpes"
15848,Saint-Julien-d'Oddes,Auvergne-Rhône-Alpes,Loire,42260,45.852,3.991,"Saint-Julien-d'Oddes (42260), Auvergne-Rhône-Alpes"
15849,Vêtre-sur-Anzon,Auvergne-Rhône-Alpes,Loire,42111,45.82,3.818,"Vêtre-sur-Anzon (42111), Auvergne-Rhône-Alpes"
15850,Saint-Julien-Molin-Molette,Auvergne-Rhône-Alpes,Loire,42220,45.322,4.618,"Saint-Julien-Molin-Molette (42220), Auvergne-Rhône-Alpes"
15851,Saint-Just-en-Bas,Auvergne-Rhône-Alpes,Loire,42990,45.732,3.88,"Saint-Just-en-Bas (42990), Auvergne-Rhône-Alpes"
15852,Saint-Just-en-Chevalet,Auvergne-Rhône-Alpes,Loire,42430,45.924,3.843,"Saint-Just-en-Chevalet (42430), Auvergne-Rhône-Alpes"
15853,Saint-Just-la-Pendue,Auvergne-Rhône-Alpes,Loire,42540,45.888,4.242,"Saint-Just-la-Pendue (42540), Auvergne-Rhône-Alpes"
15854,Saint-Laurent-la-Conche,Auvergne-Rhône-Alpes,Loire,42210,45.689,4.232,"Saint-Laurent-la-Conche (42210), Auvergne-Rhône-Alpes"
15855,Saint-Laurent-Rochefort,Auvergne-Rhône-Alpes,Loire,42130,45.774,3.906,"Saint-Laurent-Rochefort (42130), Auvergne-Rhône-Alpes"
15856,Saint-Léger-sur-Roanne,Auvergne-Rhône-Alpes,Loire,42155,46.042,4.001,"Saint-Léger-sur-Roanne (42155), Auvergne-Rhône-Alpes"
15857,Saint-Marcel-de-Félines,Auvergne-Rhône-Alpes,Loire,42122,45.862,4.188,"Saint-Marcel-de-Félines (42122), Auvergne-Rhône-Alpes"
15858,Saint-Marcel-d'Urfé,Auvergne-Rhône-Alpes,Loire,42430,45.871,3.88,"Saint-Marcel-d'Urfé (42430), Auvergne-Rhône-Alpes"
15859,Saint-Marcellin-en-Forez,Auvergne-Rhône-Alpes,Loire,42680,45.489,4.168,"Saint-Marcellin-en-Forez (42680), Auvergne-Rhône-Alpes"
15860,Saint-Martin-d'Estréaux,Auvergne-Rhône-Alpes,Loire,42620,46.209,3.818,"Saint-Martin-d'Estréaux (42620), Auvergne-Rhône-Alpes"
15861,Saint-Martin-la-Plaine,Auvergne-Rhône-Alpes,Loire,42800,45.552,4.591,"Saint-Martin-la-Plaine (42800), Auvergne-Rhône-Alpes"
15862,Saint-Martin-la-Sauveté,Auvergne-Rhône-Alpes,Loire,42260,45.837,3.921,"Saint-Martin-la-Sauveté (42260), Auvergne-Rhône-Alpes"
15863,Saint-Martin-Lestra,Auvergne-Rhône-Alpes,Loire,42110,45.732,4.369,"Saint-Martin-Lestra (42110), Auvergne-Rhône-Alpes"
15864,Saint-Maurice-en-Gourgois,Auvergne-Rhône-Alpes,Loire,42240,45.408,4.184,"Saint-Maurice-en-Gourgois (42240), Auvergne-Rhône-Alpes"
15865,Saint-Médard-en-Forez,Auvergne-Rhône-Alpes,Loire,42330,45.592,4.362,"Saint-Médard-en-Forez (42330), Auvergne-Rhône-Alpes"
15866,Saint-Michel-sur-Rhône,Auvergne-Rhône-Alpes,Loire,42410,45.444,4.734,"Saint-Michel-sur-Rhône (42410), Auvergne-Rhône-Alpes"
15867,Saint-Nizier-de-Fornas,Auvergne-Rhône-Alpes,Loire,42380,45.405,4.082,"Saint-Nizier-de-Fornas (42380), Auvergne-Rhône-Alpes"
15868,Saint-Nizier-sous-Charlieu,Auvergne-Rhône-Alpes,Loire,42190,46.162,4.126,"Saint-Nizier-sous-Charlieu (42190), Auvergne-Rhône-Alpes"
15869,Vézelin-sur-Loire,Auvergne-Rhône-Alpes,Loire,42260,45.889,4.083,"Vézelin-sur-Loire (42260), Auvergne-Rhône-Alpes"
15870,Saint-Paul-d'Uzore,Auvergne-Rhône-Alpes,Loire,42600,45.675,4.09,"Saint-Paul-d'Uzore (42600), Auvergne-Rhône-Alpes"
15871,Saint-Paul-en-Cornillon,Auvergne-Rhône-Alpes,Loire,42240,45.396,4.239,"Saint-Paul-en-Cornillon (42240), Auvergne-Rhône-Alpes"
15872,Saint-Paul-en-Jarez,Auvergne-Rhône-Alpes,Loire,42740,45.471,4.579,"Saint-Paul-en-Jarez (42740), Auvergne-Rhône-Alpes"
15873,Saint-Pierre-de-Bœuf,Auvergne-Rhône-Alpes,Loire,42520,45.377,4.744,"Saint-Pierre-de-Bœuf (42520), Auvergne-Rhône-Alpes"
15874,Saint-Pierre-la-Noaille,Auvergne-Rhône-Alpes,Loire,42190,46.183,4.103,"Saint-Pierre-la-Noaille (42190), Auvergne-Rhône-Alpes"
15875,Saint-Polgues,Auvergne-Rhône-Alpes,Loire,42260,45.91,3.981,"Saint-Polgues (42260), Auvergne-Rhône-Alpes"
15876,Saint-Priest-en-Jarez,Auvergne-Rhône-Alpes,Loire,42270,45.475,4.373,"Saint-Priest-en-Jarez (42270), Auvergne-Rhône-Alpes"
15877,Saint-Priest-la-Prugne,Auvergne-Rhône-Alpes,Loire,42830,45.946,3.742,"Saint-Priest-la-Prugne (42830), Auvergne-Rhône-Alpes"
15878,Saint-Priest-la-Roche,Auvergne-Rhône-Alpes,Loire,42590,45.92,4.106,"Saint-Priest-la-Roche (42590), Auvergne-Rhône-Alpes"
15879,Saint-Priest-la-Vêtre,Auvergne-Rhône-Alpes,Loire,42440,45.802,3.81,"Saint-Priest-la-Vêtre (42440), Auvergne-Rhône-Alpes"
15880,Saint-Just-Saint-Rambert,Auvergne-Rhône-Alpes,Loire,42170,45.49,4.25,"Saint-Just-Saint-Rambert (42170), Auvergne-Rhône-Alpes"
15881,Saint-Régis-du-Coin,Auvergne-Rhône-Alpes,Loire,42660,45.289,4.455,"Saint-Régis-du-Coin (42660), Auvergne-Rhône-Alpes"
15882,Saint-Rirand,Auvergne-Rhône-Alpes,Loire,42370,46.071,3.837,"Saint-Rirand (42370), Auvergne-Rhône-Alpes"
15883,Saint-Romain-d'Urfé,Auvergne-Rhône-Alpes,Loire,42430,45.886,3.818,"Saint-Romain-d'Urfé (42430), Auvergne-Rhône-Alpes"
15884,Saint-Romain-en-Jarez,Auvergne-Rhône-Alpes,Loire,42800,45.565,4.542,"Saint-Romain-en-Jarez (42800), Auvergne-Rhône-Alpes"
15885,Saint-Romain-la-Motte,Auvergne-Rhône-Alpes,Loire,42640,46.082,3.995,"Saint-Romain-la-Motte (42640), Auvergne-Rhône-Alpes"
15886,Saint-Romain-le-Puy,Auvergne-Rhône-Alpes,Loire,42610,45.557,4.131,"Saint-Romain-le-Puy (42610), Auvergne-Rhône-Alpes"
15887,Saint-Romain-les-Atheux,Auvergne-Rhône-Alpes,Loire,42660,45.366,4.371,"Saint-Romain-les-Atheux (42660), Auvergne-Rhône-Alpes"
15888,Saint-Sauveur-en-Rue,Auvergne-Rhône-Alpes,Loire,42220,45.271,4.501,"Saint-Sauveur-en-Rue (42220), Auvergne-Rhône-Alpes"
15889,Saint-Sixte,Auvergne-Rhône-Alpes,Loire,42130,45.772,3.974,"Saint-Sixte (42130), Auvergne-Rhône-Alpes"
15890,Saint-Symphorien-de-Lay,Auvergne-Rhône-Alpes,Loire,42470,45.944,4.217,"Saint-Symphorien-de-Lay (42470), Auvergne-Rhône-Alpes"
15891,Saint-Thomas-la-Garde,Auvergne-Rhône-Alpes,Loire,42600,45.571,4.086,"Saint-Thomas-la-Garde (42600), Auvergne-Rhône-Alpes"
15892,Saint-Victor-sur-Rhins,Auvergne-Rhône-Alpes,Loire,42630,46.006,4.283,"Saint-Victor-sur-Rhins (42630), Auvergne-Rhône-Alpes"
15893,Saint-Vincent-de-Boisset,Auvergne-Rhône-Alpes,Loire,42120,46.009,4.116,"Saint-Vincent-de-Boisset (42120), Auvergne-Rhône-Alpes"
15894,Les Salles,Auvergne-Rhône-Alpes,Loire,42440,45.855,3.784,"Les Salles (42440), Auvergne-Rhône-Alpes"
15895,Salt-en-Donzy,Auvergne-Rhône-Alpes,Loire,42110,45.734,4.283,"Salt-en-Donzy (42110), Auvergne-Rhône-Alpes"
15896,Salvizinet,Auvergne-Rhône-Alpes,Loire,42110,45.759,4.276,"Salvizinet (42110), Auvergne-Rhône-Alpes"
15897,Sauvain,Auvergne-Rhône-Alpes,Loire,42990,45.664,3.86,"Sauvain (42990), Auvergne-Rhône-Alpes"
15898,Savigneux,Auvergne-Rhône-Alpes,Loire,42600,45.622,4.1,"Savigneux (42600), Auvergne-Rhône-Alpes"
15899,Sevelinges,Auvergne-Rhône-Alpes,Loire,42460,46.099,4.288,"Sevelinges (42460), Auvergne-Rhône-Alpes"
15900,Soleymieux,Auvergne-Rhône-Alpes,Loire,42560,45.506,4.064,"Soleymieux (42560), Auvergne-Rhône-Alpes"
15901,Sorbiers,Auvergne-Rhône-Alpes,Loire,42290,45.5,4.437,"Sorbiers (42290), Auvergne-Rhône-Alpes"
15902,Souternon,Auvergne-Rhône-Alpes,Loire,42260,45.88,3.99,"Souternon (42260), Auvergne-Rhône-Alpes"
15903,Sury-le-Comtal,Auvergne-Rhône-Alpes,Loire,42450,45.542,4.182,"Sury-le-Comtal (42450), Auvergne-Rhône-Alpes"
15904,La Talaudière,Auvergne-Rhône-Alpes,Loire,42350,45.478,4.424,"La Talaudière (42350), Auvergne-Rhône-Alpes"
15905,Tarentaise,Auvergne-Rhône-Alpes,Loire,42660,45.361,4.492,"Tarentaise (42660), Auvergne-Rhône-Alpes"
15906,Tartaras,Auvergne-Rhône-Alpes,Loire,42800,45.554,4.664,"Tartaras (42800), Auvergne-Rhône-Alpes"
15907,La Terrasse-sur-Dorlay,Auvergne-Rhône-Alpes,Loire,42740,45.448,4.579,"La Terrasse-sur-Dorlay (42740), Auvergne-Rhône-Alpes"
15908,Thélis-la-Combe,Auvergne-Rhône-Alpes,Loire,42220,45.336,4.547,"Thélis-la-Combe (42220), Auvergne-Rhône-Alpes"
15909,La Tour-en-Jarez,Auvergne-Rhône-Alpes,Loire,42580,45.488,4.398,"La Tour-en-Jarez (42580), Auvergne-Rhône-Alpes"
15910,La Tourette,Auvergne-Rhône-Alpes,Loire,42380,45.424,4.083,"La Tourette (42380), Auvergne-Rhône-Alpes"
15911,Trelins,Auvergne-Rhône-Alpes,Loire,42130,45.725,4.001,"Trelins (42130), Auvergne-Rhône-Alpes"
15912,La Tuilière,Auvergne-Rhône-Alpes,Loire,42830,45.959,3.813,"La Tuilière (42830), Auvergne-Rhône-Alpes"
15913,Unias,Auvergne-Rhône-Alpes,Loire,42210,45.607,4.227,"Unias (42210), Auvergne-Rhône-Alpes"
15914,Unieux,Auvergne-Rhône-Alpes,Loire,42240,45.407,4.269,"Unieux (42240), Auvergne-Rhône-Alpes"
15915,Urbise,Auvergne-Rhône-Alpes,Loire,42310,46.251,3.886,"Urbise (42310), Auvergne-Rhône-Alpes"
15916,Usson-en-Forez,Auvergne-Rhône-Alpes,Loire,42550,45.392,3.934,"Usson-en-Forez (42550), Auvergne-Rhône-Alpes"
15917,Valeille,Auvergne-Rhône-Alpes,Loire,42110,45.708,4.281,"Valeille (42110), Auvergne-Rhône-Alpes"
15918,Valfleury,Auvergne-Rhône-Alpes,Loire,42320,45.542,4.512,"Valfleury (42320), Auvergne-Rhône-Alpes"
15919,La Valla-sur-Rochefort,Auvergne-Rhône-Alpes,Loire,42111,45.757,3.844,"La Valla-sur-Rochefort (42111), Auvergne-Rhône-Alpes"
15920,La Valla-en-Gier,Auvergne-Rhône-Alpes,Loire,42131,45.405,4.525,"La Valla-en-Gier (42131), Auvergne-Rhône-Alpes"
15921,Veauche,Auvergne-Rhône-Alpes,Loire,42340,45.562,4.29,"Veauche (42340), Auvergne-Rhône-Alpes"
15922,Veauchette,Auvergne-Rhône-Alpes,Loire,42340,45.562,4.251,"Veauchette (42340), Auvergne-Rhône-Alpes"
15923,Vendranges,Auvergne-Rhône-Alpes,Loire,42590,45.933,4.135,"Vendranges (42590), Auvergne-Rhône-Alpes"
15924,Véranne,Auvergne-Rhône-Alpes,Loire,42520,45.372,4.635,"Véranne (42520), Auvergne-Rhône-Alpes"
15925,Vérin,Auvergne-Rhône-Alpes,Loire,42410,45.46,4.741,"Vérin (42410), Auvergne-Rhône-Alpes"
15926,Verrières-en-Forez,Auvergne-Rhône-Alpes,Loire,42600,45.568,3.989,"Verrières-en-Forez (42600), Auvergne-Rhône-Alpes"
15927,La Versanne,Auvergne-Rhône-Alpes,Loire,42220,45.321,4.506,"La Versanne (42220), Auvergne-Rhône-Alpes"
15928,Villars,Auvergne-Rhône-Alpes,Loire,42390,45.469,4.352,"Villars (42390), Auvergne-Rhône-Alpes"
15929,Villemontais,Auvergne-Rhône-Alpes,Loire,42155,45.982,3.936,"Villemontais (42155), Auvergne-Rhône-Alpes"
15930,Villerest,Auvergne-Rhône-Alpes,Loire,42300,45.998,4.028,"Villerest (42300), Auvergne-Rhône-Alpes"
15931,Villers,Auvergne-Rhône-Alpes,Loire,42460,46.125,4.227,"Villers (42460), Auvergne-Rhône-Alpes"
15932,Violay,Auvergne-Rhône-Alpes,Loire,42780,45.852,4.349,"Violay (42780), Auvergne-Rhône-Alpes"
15933,Viricelles,Auvergne-Rhône-Alpes,Loire,42140,45.655,4.382,"Viricelles (42140), Auvergne-Rhône-Alpes"
15934,Virigneux,Auvergne-Rhône-Alpes,Loire,42140,45.687,4.346,"Virigneux (42140), Auvergne-Rhône-Alpes"
15935,Vivans,Auvergne-Rhône-Alpes,Loire,42310,46.182,3.937,"Vivans (42310), Auvergne-Rhône-Alpes"
15936,Vougy,Auvergne-Rhône-Alpes,Loire,42720,46.093,4.124,"Vougy (42720), Auvergne-Rhône-Alpes"
15937,Chausseterre,Auvergne-Rhône-Alpes,Loire,42430,45.902,3.771,"Chausseterre (42430), Auvergne-Rhône-Alpes"
15938,Agnat,Auvergne-Rhône-Alpes,Haute-Loire,43100,45.345,3.45,"Agnat (43100), Auvergne-Rhône-Alpes"
15939,Aiguilhe,Auvergne-Rhône-Alpes,Haute-Loire,43000,45.053,3.885,"Aiguilhe (43000), Auvergne-Rhône-Alpes"
15940,Allègre,Auvergne-Rhône-Alpes,Haute-Loire,43270,45.188,3.69,"Allègre (43270), Auvergne-Rhône-Alpes"
15941,Alleyrac,Auvergne-Rhône-Alpes,Haute-Loire,43150,44.894,3.989,"Alleyrac (43150), Auvergne-Rhône-Alpes"
15942,Alleyras,Auvergne-Rhône-Alpes,Haute-Loire,43580,44.907,3.68,"Alleyras (43580), Auvergne-Rhône-Alpes"
15943,Ally,Auvergne-Rhône-Alpes,Haute-Loire,43380,45.15,3.317,"Ally (43380), Auvergne-Rhône-Alpes"
15944,Araules,Auvergne-Rhône-Alpes,Haute-Loire,43200,45.065,4.169,"Araules (43200), Auvergne-Rhône-Alpes"
15945,Arlempdes,Auvergne-Rhône-Alpes,Haute-Loire,43490,44.867,3.903,"Arlempdes (43490), Auvergne-Rhône-Alpes"
15946,Arlet,Auvergne-Rhône-Alpes,Haute-Loire,43380,45.113,3.41,"Arlet (43380), Auvergne-Rhône-Alpes"
15947,Arsac-en-Velay,Auvergne-Rhône-Alpes,Haute-Loire,43700,44.994,3.955,"Arsac-en-Velay (43700), Auvergne-Rhône-Alpes"
15948,Aubazat,Auvergne-Rhône-Alpes,Haute-Loire,43380,45.128,3.445,"Aubazat (43380), Auvergne-Rhône-Alpes"
15949,Aurec-sur-Loire,Auvergne-Rhône-Alpes,Haute-Loire,43110,45.369,4.205,"Aurec-sur-Loire (43110), Auvergne-Rhône-Alpes"
15950,Vissac-Auteyrac,Auvergne-Rhône-Alpes,Haute-Loire,43300,45.116,3.624,"Vissac-Auteyrac (43300), Auvergne-Rhône-Alpes"
15951,Autrac,Auvergne-Rhône-Alpes,Haute-Loire,43450,45.337,3.129,"Autrac (43450), Auvergne-Rhône-Alpes"
15952,Auvers,Auvergne-Rhône-Alpes,Haute-Loire,43300,44.997,3.392,"Auvers (43300), Auvergne-Rhône-Alpes"
15953,Auzon,Auvergne-Rhône-Alpes,Haute-Loire,43390,45.387,3.378,"Auzon (43390), Auvergne-Rhône-Alpes"
15954,Azérat,Auvergne-Rhône-Alpes,Haute-Loire,43390,45.354,3.399,"Azérat (43390), Auvergne-Rhône-Alpes"
15955,Bains,Auvergne-Rhône-Alpes,Haute-Loire,43370,44.996,3.764,"Bains (43370), Auvergne-Rhône-Alpes"
15956,Barges,Auvergne-Rhône-Alpes,Haute-Loire,43340,44.834,3.884,"Barges (43340), Auvergne-Rhône-Alpes"
15957,Bas-en-Basset,Auvergne-Rhône-Alpes,Haute-Loire,43210,45.316,4.105,"Bas-en-Basset (43210), Auvergne-Rhône-Alpes"
15958,Beaulieu,Auvergne-Rhône-Alpes,Haute-Loire,43800,45.143,3.951,"Beaulieu (43800), Auvergne-Rhône-Alpes"
15959,Beaumont,Auvergne-Rhône-Alpes,Haute-Loire,43100,45.312,3.331,"Beaumont (43100), Auvergne-Rhône-Alpes"
15960,Beaune-sur-Arzon,Auvergne-Rhône-Alpes,Haute-Loire,43500,45.288,3.821,"Beaune-sur-Arzon (43500), Auvergne-Rhône-Alpes"
15961,Beaux,Auvergne-Rhône-Alpes,Haute-Loire,43200,45.194,4.082,"Beaux (43200), Auvergne-Rhône-Alpes"
15962,Beauzac,Auvergne-Rhône-Alpes,Haute-Loire,43590,45.257,4.093,"Beauzac (43590), Auvergne-Rhône-Alpes"
15963,Bellevue-la-Montagne,Auvergne-Rhône-Alpes,Haute-Loire,43350,45.217,3.815,"Bellevue-la-Montagne (43350), Auvergne-Rhône-Alpes"
15964,Berbezit,Auvergne-Rhône-Alpes,Haute-Loire,43160,45.287,3.595,"Berbezit (43160), Auvergne-Rhône-Alpes"
15965,Bessamorel,Auvergne-Rhône-Alpes,Haute-Loire,43200,45.131,4.08,"Bessamorel (43200), Auvergne-Rhône-Alpes"
15966,La Besseyre-Saint-Mary,Auvergne-Rhône-Alpes,Haute-Loire,43170,44.971,3.415,"La Besseyre-Saint-Mary (43170), Auvergne-Rhône-Alpes"
15967,Blanzac,Auvergne-Rhône-Alpes,Haute-Loire,43350,45.111,3.85,"Blanzac (43350), Auvergne-Rhône-Alpes"
15968,Blassac,Auvergne-Rhône-Alpes,Haute-Loire,43380,45.161,3.384,"Blassac (43380), Auvergne-Rhône-Alpes"
15969,Blavozy,Auvergne-Rhône-Alpes,Haute-Loire,43700,45.062,3.972,"Blavozy (43700), Auvergne-Rhône-Alpes"
15970,Blesle,Auvergne-Rhône-Alpes,Haute-Loire,43450,45.318,3.177,"Blesle (43450), Auvergne-Rhône-Alpes"
15971,Boisset,Auvergne-Rhône-Alpes,Haute-Loire,43500,45.317,3.982,"Boisset (43500), Auvergne-Rhône-Alpes"
15972,Bonneval,Auvergne-Rhône-Alpes,Haute-Loire,43160,45.307,3.733,"Bonneval (43160), Auvergne-Rhône-Alpes"
15973,Borne,Auvergne-Rhône-Alpes,Haute-Loire,43350,45.094,3.792,"Borne (43350), Auvergne-Rhône-Alpes"
15974,Le Bouchet-Saint-Nicolas,Auvergne-Rhône-Alpes,Haute-Loire,43510,44.887,3.788,"Le Bouchet-Saint-Nicolas (43510), Auvergne-Rhône-Alpes"
15975,Bournoncle-Saint-Pierre,Auvergne-Rhône-Alpes,Haute-Loire,43360,45.343,3.324,"Bournoncle-Saint-Pierre (43360), Auvergne-Rhône-Alpes"
15976,Le Brignon,Auvergne-Rhône-Alpes,Haute-Loire,43370,44.916,3.877,"Le Brignon (43370), Auvergne-Rhône-Alpes"
15977,Brioude,Auvergne-Rhône-Alpes,Haute-Loire,43100,45.296,3.385,"Brioude (43100), Auvergne-Rhône-Alpes"
15978,Brives-Charensac,Auvergne-Rhône-Alpes,Haute-Loire,43700,45.046,3.924,"Brives-Charensac (43700), Auvergne-Rhône-Alpes"
15979,Cayres,Auvergne-Rhône-Alpes,Haute-Loire,43510,44.922,3.811,"Cayres (43510), Auvergne-Rhône-Alpes"
15980,Céaux-d'Allègre,Auvergne-Rhône-Alpes,Haute-Loire,43270,45.183,3.76,"Céaux-d'Allègre (43270), Auvergne-Rhône-Alpes"
15981,Cerzat,Auvergne-Rhône-Alpes,Haute-Loire,43380,45.159,3.472,"Cerzat (43380), Auvergne-Rhône-Alpes"
15982,Ceyssac,Auvergne-Rhône-Alpes,Haute-Loire,43000,45.035,3.83,"Ceyssac (43000), Auvergne-Rhône-Alpes"
15983,Chadrac,Auvergne-Rhône-Alpes,Haute-Loire,43770,45.061,3.901,"Chadrac (43770), Auvergne-Rhône-Alpes"
15984,Chadron,Auvergne-Rhône-Alpes,Haute-Loire,43150,44.95,3.937,"Chadron (43150), Auvergne-Rhône-Alpes"
15985,La Chaise-Dieu,Auvergne-Rhône-Alpes,Haute-Loire,43160,45.319,3.693,"La Chaise-Dieu (43160), Auvergne-Rhône-Alpes"
15986,Chamalières-sur-Loire,Auvergne-Rhône-Alpes,Haute-Loire,43800,45.187,3.981,"Chamalières-sur-Loire (43800), Auvergne-Rhône-Alpes"
15987,Chambezon,Auvergne-Rhône-Alpes,Haute-Loire,43410,45.382,3.24,"Chambezon (43410), Auvergne-Rhône-Alpes"
15988,Le Chambon-sur-Lignon,Auvergne-Rhône-Alpes,Haute-Loire,43400,45.052,4.32,"Le Chambon-sur-Lignon (43400), Auvergne-Rhône-Alpes"
15989,Champagnac-le-Vieux,Auvergne-Rhône-Alpes,Haute-Loire,43440,45.355,3.504,"Champagnac-le-Vieux (43440), Auvergne-Rhône-Alpes"
15990,Champclause,Auvergne-Rhône-Alpes,Haute-Loire,43260,45.024,4.161,"Champclause (43260), Auvergne-Rhône-Alpes"
15991,Chanaleilles,Auvergne-Rhône-Alpes,Haute-Loire,43170,44.857,3.488,"Chanaleilles (43170), Auvergne-Rhône-Alpes"
15992,Chaniat,Auvergne-Rhône-Alpes,Haute-Loire,43100,45.316,3.48,"Chaniat (43100), Auvergne-Rhône-Alpes"
15993,Chanteuges,Auvergne-Rhône-Alpes,Haute-Loire,43300,45.068,3.53,"Chanteuges (43300), Auvergne-Rhône-Alpes"
15994,La Chapelle-Bertin,Auvergne-Rhône-Alpes,Haute-Loire,43270,45.217,3.648,"La Chapelle-Bertin (43270), Auvergne-Rhône-Alpes"
15995,La Chapelle-d'Aurec,Auvergne-Rhône-Alpes,Haute-Loire,43120,45.331,4.205,"La Chapelle-d'Aurec (43120), Auvergne-Rhône-Alpes"
15996,La Chapelle-Geneste,Auvergne-Rhône-Alpes,Haute-Loire,43160,45.353,3.674,"La Chapelle-Geneste (43160), Auvergne-Rhône-Alpes"
15997,Charraix,Auvergne-Rhône-Alpes,Haute-Loire,43300,45.025,3.559,"Charraix (43300), Auvergne-Rhône-Alpes"
15998,Chaspinhac,Auvergne-Rhône-Alpes,Haute-Loire,43700,45.088,3.931,"Chaspinhac (43700), Auvergne-Rhône-Alpes"
15999,Chaspuzac,Auvergne-Rhône-Alpes,Haute-Loire,43320,45.065,3.75,"Chaspuzac (43320), Auvergne-Rhône-Alpes"
16000,Chassagnes,Auvergne-Rhône-Alpes,Haute-Loire,43230,45.22,3.55,"Chassagnes (43230), Auvergne-Rhône-Alpes"
16001,Chassignolles,Auvergne-Rhône-Alpes,Haute-Loire,43440,45.4,3.487,"Chassignolles (43440), Auvergne-Rhône-Alpes"
16002,Chastel,Auvergne-Rhône-Alpes,Haute-Loire,43300,45.063,3.321,"Chastel (43300), Auvergne-Rhône-Alpes"
16003,Chaudeyrolles,Auvergne-Rhône-Alpes,Haute-Loire,43430,44.946,4.196,"Chaudeyrolles (43430), Auvergne-Rhône-Alpes"
16004,Chavaniac-Lafayette,Auvergne-Rhône-Alpes,Haute-Loire,43230,45.158,3.585,"Chavaniac-Lafayette (43230), Auvergne-Rhône-Alpes"
16005,Chazelles,Auvergne-Rhône-Alpes,Haute-Loire,43300,45.022,3.49,"Chazelles (43300), Auvergne-Rhône-Alpes"
16006,Chenereilles,Auvergne-Rhône-Alpes,Haute-Loire,43190,45.137,4.237,"Chenereilles (43190), Auvergne-Rhône-Alpes"
16007,Chilhac,Auvergne-Rhône-Alpes,Haute-Loire,43380,45.157,3.441,"Chilhac (43380), Auvergne-Rhône-Alpes"
16008,Chomelix,Auvergne-Rhône-Alpes,Haute-Loire,43500,45.259,3.821,"Chomelix (43500), Auvergne-Rhône-Alpes"
16009,La Chomette,Auvergne-Rhône-Alpes,Haute-Loire,43230,45.228,3.467,"La Chomette (43230), Auvergne-Rhône-Alpes"
16010,Cistrières,Auvergne-Rhône-Alpes,Haute-Loire,43160,45.33,3.609,"Cistrières (43160), Auvergne-Rhône-Alpes"
16011,Cohade,Auvergne-Rhône-Alpes,Haute-Loire,43100,45.335,3.371,"Cohade (43100), Auvergne-Rhône-Alpes"
16012,Collat,Auvergne-Rhône-Alpes,Haute-Loire,43230,45.244,3.602,"Collat (43230), Auvergne-Rhône-Alpes"
16013,Connangles,Auvergne-Rhône-Alpes,Haute-Loire,43160,45.299,3.646,"Connangles (43160), Auvergne-Rhône-Alpes"
16014,Costaros,Auvergne-Rhône-Alpes,Haute-Loire,43490,44.892,3.842,"Costaros (43490), Auvergne-Rhône-Alpes"
16015,Coubon,Auvergne-Rhône-Alpes,Haute-Loire,43700,45.0,3.927,"Coubon (43700), Auvergne-Rhône-Alpes"
16016,Couteuges,Auvergne-Rhône-Alpes,Haute-Loire,43230,45.185,3.497,"Couteuges (43230), Auvergne-Rhône-Alpes"
16017,Craponne-sur-Arzon,Auvergne-Rhône-Alpes,Haute-Loire,43500,45.332,3.853,"Craponne-sur-Arzon (43500), Auvergne-Rhône-Alpes"
16018,Cronce,Auvergne-Rhône-Alpes,Haute-Loire,43300,45.082,3.362,"Cronce (43300), Auvergne-Rhône-Alpes"
16019,Cubelles,Auvergne-Rhône-Alpes,Haute-Loire,43170,44.997,3.564,"Cubelles (43170), Auvergne-Rhône-Alpes"
16020,Cussac-sur-Loire,Auvergne-Rhône-Alpes,Haute-Loire,43370,44.985,3.875,"Cussac-sur-Loire (43370), Auvergne-Rhône-Alpes"
16021,Desges,Auvergne-Rhône-Alpes,Haute-Loire,43300,45.022,3.442,"Desges (43300), Auvergne-Rhône-Alpes"
16022,Domeyrat,Auvergne-Rhône-Alpes,Haute-Loire,43230,45.246,3.506,"Domeyrat (43230), Auvergne-Rhône-Alpes"
16023,Dunières,Auvergne-Rhône-Alpes,Haute-Loire,43220,45.215,4.346,"Dunières (43220), Auvergne-Rhône-Alpes"
16024,Espalem,Auvergne-Rhône-Alpes,Haute-Loire,43450,45.303,3.233,"Espalem (43450), Auvergne-Rhône-Alpes"
16025,Espaly-Saint-Marcel,Auvergne-Rhône-Alpes,Haute-Loire,43000,45.046,3.858,"Espaly-Saint-Marcel (43000), Auvergne-Rhône-Alpes"
16026,Esplantas-Vazeilles,Auvergne-Rhône-Alpes,Haute-Loire,43170,44.903,3.547,"Esplantas-Vazeilles (43170), Auvergne-Rhône-Alpes"
16027,Les Estables,Auvergne-Rhône-Alpes,Haute-Loire,43150,44.907,4.141,"Les Estables (43150), Auvergne-Rhône-Alpes"
16028,Fay-sur-Lignon,Auvergne-Rhône-Alpes,Haute-Loire,43430,44.986,4.212,"Fay-sur-Lignon (43430), Auvergne-Rhône-Alpes"
16029,Félines,Auvergne-Rhône-Alpes,Haute-Loire,43160,45.265,3.753,"Félines (43160), Auvergne-Rhône-Alpes"
16030,Ferrussac,Auvergne-Rhône-Alpes,Haute-Loire,43300,45.086,3.405,"Ferrussac (43300), Auvergne-Rhône-Alpes"
16031,Fix-Saint-Geneys,Auvergne-Rhône-Alpes,Haute-Loire,43320,45.142,3.665,"Fix-Saint-Geneys (43320), Auvergne-Rhône-Alpes"
16032,Fontannes,Auvergne-Rhône-Alpes,Haute-Loire,43100,45.289,3.43,"Fontannes (43100), Auvergne-Rhône-Alpes"
16033,Freycenet-la-Cuche,Auvergne-Rhône-Alpes,Haute-Loire,43150,44.898,4.094,"Freycenet-la-Cuche (43150), Auvergne-Rhône-Alpes"
16034,Freycenet-la-Tour,Auvergne-Rhône-Alpes,Haute-Loire,43150,44.935,4.07,"Freycenet-la-Tour (43150), Auvergne-Rhône-Alpes"
16035,Frugerès-les-Mines,Auvergne-Rhône-Alpes,Haute-Loire,43250,45.387,3.309,"Frugerès-les-Mines (43250), Auvergne-Rhône-Alpes"
16036,Frugières-le-Pin,Auvergne-Rhône-Alpes,Haute-Loire,43230,45.271,3.5,"Frugières-le-Pin (43230), Auvergne-Rhône-Alpes"
16037,Goudet,Auvergne-Rhône-Alpes,Haute-Loire,43150,44.893,3.921,"Goudet (43150), Auvergne-Rhône-Alpes"
16038,Grazac,Auvergne-Rhône-Alpes,Haute-Loire,43200,45.192,4.184,"Grazac (43200), Auvergne-Rhône-Alpes"
16039,Grenier-Montgon,Auvergne-Rhône-Alpes,Haute-Loire,43450,45.286,3.21,"Grenier-Montgon (43450), Auvergne-Rhône-Alpes"
16040,Grèzes,Auvergne-Rhône-Alpes,Haute-Loire,43170,44.91,3.469,"Grèzes (43170), Auvergne-Rhône-Alpes"
16041,Javaugues,Auvergne-Rhône-Alpes,Haute-Loire,43100,45.292,3.49,"Javaugues (43100), Auvergne-Rhône-Alpes"
16042,Jax,Auvergne-Rhône-Alpes,Haute-Loire,43230,45.17,3.618,"Jax (43230), Auvergne-Rhône-Alpes"
16043,Josat,Auvergne-Rhône-Alpes,Haute-Loire,43230,45.214,3.61,"Josat (43230), Auvergne-Rhône-Alpes"
16044,Jullianges,Auvergne-Rhône-Alpes,Haute-Loire,43500,45.306,3.782,"Jullianges (43500), Auvergne-Rhône-Alpes"
16045,Lafarre,Auvergne-Rhône-Alpes,Haute-Loire,43490,44.837,3.989,"Lafarre (43490), Auvergne-Rhône-Alpes"
16046,Lamothe,Auvergne-Rhône-Alpes,Haute-Loire,43100,45.315,3.427,"Lamothe (43100), Auvergne-Rhône-Alpes"
16047,Landos,Auvergne-Rhône-Alpes,Haute-Loire,43340,44.85,3.845,"Landos (43340), Auvergne-Rhône-Alpes"
16048,Langeac,Auvergne-Rhône-Alpes,Haute-Loire,43300,45.082,3.478,"Langeac (43300), Auvergne-Rhône-Alpes"
16049,Lantriac,Auvergne-Rhône-Alpes,Haute-Loire,43260,44.989,4.004,"Lantriac (43260), Auvergne-Rhône-Alpes"
16050,Lapte,Auvergne-Rhône-Alpes,Haute-Loire,43200,45.18,4.235,"Lapte (43200), Auvergne-Rhône-Alpes"
16051,Laussonne,Auvergne-Rhône-Alpes,Haute-Loire,43150,44.967,4.052,"Laussonne (43150), Auvergne-Rhône-Alpes"
16052,Laval-sur-Doulon,Auvergne-Rhône-Alpes,Haute-Loire,43440,45.355,3.568,"Laval-sur-Doulon (43440), Auvergne-Rhône-Alpes"
16053,Lavaudieu,Auvergne-Rhône-Alpes,Haute-Loire,43100,45.263,3.455,"Lavaudieu (43100), Auvergne-Rhône-Alpes"
16054,Lavoûte-Chilhac,Auvergne-Rhône-Alpes,Haute-Loire,43380,45.156,3.411,"Lavoûte-Chilhac (43380), Auvergne-Rhône-Alpes"
16055,Lavoûte-sur-Loire,Auvergne-Rhône-Alpes,Haute-Loire,43800,45.12,3.903,"Lavoûte-sur-Loire (43800), Auvergne-Rhône-Alpes"
16056,Lempdes-sur-Allagnon,Auvergne-Rhône-Alpes,Haute-Loire,43410,45.379,3.28,"Lempdes-sur-Allagnon (43410), Auvergne-Rhône-Alpes"
16057,Léotoing,Auvergne-Rhône-Alpes,Haute-Loire,43410,45.353,3.24,"Léotoing (43410), Auvergne-Rhône-Alpes"
16058,Lissac,Auvergne-Rhône-Alpes,Haute-Loire,43350,45.134,3.76,"Lissac (43350), Auvergne-Rhône-Alpes"
16059,Lorlanges,Auvergne-Rhône-Alpes,Haute-Loire,43360,45.324,3.263,"Lorlanges (43360), Auvergne-Rhône-Alpes"
16060,Loudes,Auvergne-Rhône-Alpes,Haute-Loire,43320,45.098,3.745,"Loudes (43320), Auvergne-Rhône-Alpes"
16061,Lubilhac,Auvergne-Rhône-Alpes,Haute-Loire,43100,45.243,3.252,"Lubilhac (43100), Auvergne-Rhône-Alpes"
16062,Malrevers,Auvergne-Rhône-Alpes,Haute-Loire,43800,45.099,3.967,"Malrevers (43800), Auvergne-Rhône-Alpes"
16063,Malvalette,Auvergne-Rhône-Alpes,Haute-Loire,43210,45.355,4.153,"Malvalette (43210), Auvergne-Rhône-Alpes"
16064,Malvières,Auvergne-Rhône-Alpes,Haute-Loire,43160,45.343,3.726,"Malvières (43160), Auvergne-Rhône-Alpes"
16065,Le Mas-de-Tence,Auvergne-Rhône-Alpes,Haute-Loire,43190,45.119,4.369,"Le Mas-de-Tence (43190), Auvergne-Rhône-Alpes"
16066,Mazet-Saint-Voy,Auvergne-Rhône-Alpes,Haute-Loire,43520,45.044,4.24,"Mazet-Saint-Voy (43520), Auvergne-Rhône-Alpes"
16067,Mazerat-Aurouze,Auvergne-Rhône-Alpes,Haute-Loire,43230,45.188,3.566,"Mazerat-Aurouze (43230), Auvergne-Rhône-Alpes"
16068,Mazeyrat-d'Allier,Auvergne-Rhône-Alpes,Haute-Loire,43300,45.128,3.528,"Mazeyrat-d'Allier (43300), Auvergne-Rhône-Alpes"
16069,Mercœur,Auvergne-Rhône-Alpes,Haute-Loire,43100,45.188,3.304,"Mercœur (43100), Auvergne-Rhône-Alpes"
16070,Mézères,Auvergne-Rhône-Alpes,Haute-Loire,43800,45.168,4.014,"Mézères (43800), Auvergne-Rhône-Alpes"
16071,Le Monastier-sur-Gazeille,Auvergne-Rhône-Alpes,Haute-Loire,43150,44.934,4.007,"Le Monastier-sur-Gazeille (43150), Auvergne-Rhône-Alpes"
16072,Monistrol-d'Allier,Auvergne-Rhône-Alpes,Haute-Loire,43580,44.976,3.636,"Monistrol-d'Allier (43580), Auvergne-Rhône-Alpes"
16073,Monistrol-sur-Loire,Auvergne-Rhône-Alpes,Haute-Loire,43120,45.291,4.184,"Monistrol-sur-Loire (43120), Auvergne-Rhône-Alpes"
16074,Monlet,Auvergne-Rhône-Alpes,Haute-Loire,43270,45.229,3.714,"Monlet (43270), Auvergne-Rhône-Alpes"
16075,Montclard,Auvergne-Rhône-Alpes,Haute-Loire,43230,45.264,3.58,"Montclard (43230), Auvergne-Rhône-Alpes"
16076,Le Monteil,Auvergne-Rhône-Alpes,Haute-Loire,43700,45.067,3.913,"Le Monteil (43700), Auvergne-Rhône-Alpes"
16077,Montfaucon-en-Velay,Auvergne-Rhône-Alpes,Haute-Loire,43290,45.184,4.323,"Montfaucon-en-Velay (43290), Auvergne-Rhône-Alpes"
16078,Montregard,Auvergne-Rhône-Alpes,Haute-Loire,43290,45.16,4.355,"Montregard (43290), Auvergne-Rhône-Alpes"
16079,Montusclat,Auvergne-Rhône-Alpes,Haute-Loire,43260,45.01,4.114,"Montusclat (43260), Auvergne-Rhône-Alpes"
16080,Moudeyres,Auvergne-Rhône-Alpes,Haute-Loire,43150,44.949,4.103,"Moudeyres (43150), Auvergne-Rhône-Alpes"
16081,Ouides,Auvergne-Rhône-Alpes,Haute-Loire,43510,44.906,3.74,"Ouides (43510), Auvergne-Rhône-Alpes"
16082,Paulhac,Auvergne-Rhône-Alpes,Haute-Loire,43100,45.295,3.341,"Paulhac (43100), Auvergne-Rhône-Alpes"
16083,Paulhaguet,Auvergne-Rhône-Alpes,Haute-Loire,43230,45.218,3.515,"Paulhaguet (43230), Auvergne-Rhône-Alpes"
16084,Pébrac,Auvergne-Rhône-Alpes,Haute-Loire,43300,45.029,3.521,"Pébrac (43300), Auvergne-Rhône-Alpes"
16085,Le Pertuis,Auvergne-Rhône-Alpes,Haute-Loire,43200,45.102,4.064,"Le Pertuis (43200), Auvergne-Rhône-Alpes"
16086,Pinols,Auvergne-Rhône-Alpes,Haute-Loire,43300,45.039,3.385,"Pinols (43300), Auvergne-Rhône-Alpes"
16087,Polignac,Auvergne-Rhône-Alpes,Haute-Loire,43000,45.08,3.861,"Polignac (43000), Auvergne-Rhône-Alpes"
16088,Pont-Salomon,Auvergne-Rhône-Alpes,Haute-Loire,43330,45.335,4.243,"Pont-Salomon (43330), Auvergne-Rhône-Alpes"
16089,Pradelles,Auvergne-Rhône-Alpes,Haute-Loire,43420,44.765,3.872,"Pradelles (43420), Auvergne-Rhône-Alpes"
16090,Prades,Auvergne-Rhône-Alpes,Haute-Loire,43300,45.025,3.594,"Prades (43300), Auvergne-Rhône-Alpes"
16091,Présailles,Auvergne-Rhône-Alpes,Haute-Loire,43150,44.891,4.044,"Présailles (43150), Auvergne-Rhône-Alpes"
16092,Le Puy-en-Velay,Auvergne-Rhône-Alpes,Haute-Loire,43000,45.028,3.895,"Le Puy-en-Velay (43000), Auvergne-Rhône-Alpes"
16093,Queyrières,Auvergne-Rhône-Alpes,Haute-Loire,43260,45.07,4.104,"Queyrières (43260), Auvergne-Rhône-Alpes"
16094,Raucoules,Auvergne-Rhône-Alpes,Haute-Loire,43290,45.192,4.283,"Raucoules (43290), Auvergne-Rhône-Alpes"
16095,Rauret,Auvergne-Rhône-Alpes,Haute-Loire,43340,44.805,3.801,"Rauret (43340), Auvergne-Rhône-Alpes"
16096,Retournac,Auvergne-Rhône-Alpes,Haute-Loire,43130,45.219,4.028,"Retournac (43130), Auvergne-Rhône-Alpes"
16097,Riotord,Auvergne-Rhône-Alpes,Haute-Loire,43220,45.235,4.422,"Riotord (43220), Auvergne-Rhône-Alpes"
16098,Roche-en-Régnier,Auvergne-Rhône-Alpes,Haute-Loire,43810,45.233,3.948,"Roche-en-Régnier (43810), Auvergne-Rhône-Alpes"
16099,Rosières,Auvergne-Rhône-Alpes,Haute-Loire,43800,45.131,4.003,"Rosières (43800), Auvergne-Rhône-Alpes"
16100,Saint-André-de-Chalencon,Auvergne-Rhône-Alpes,Haute-Loire,43130,45.275,3.954,"Saint-André-de-Chalencon (43130), Auvergne-Rhône-Alpes"
16101,Saint-Arcons-d'Allier,Auvergne-Rhône-Alpes,Haute-Loire,43300,45.084,3.563,"Saint-Arcons-d'Allier (43300), Auvergne-Rhône-Alpes"
16102,Saint-Arcons-de-Barges,Auvergne-Rhône-Alpes,Haute-Loire,43420,44.834,3.924,"Saint-Arcons-de-Barges (43420), Auvergne-Rhône-Alpes"
16103,Saint-Austremoine,Auvergne-Rhône-Alpes,Haute-Loire,43380,45.119,3.357,"Saint-Austremoine (43380), Auvergne-Rhône-Alpes"
16104,Saint-Beauzire,Auvergne-Rhône-Alpes,Haute-Loire,43100,45.277,3.283,"Saint-Beauzire (43100), Auvergne-Rhône-Alpes"
16105,Saint-Bérain,Auvergne-Rhône-Alpes,Haute-Loire,43300,45.03,3.63,"Saint-Bérain (43300), Auvergne-Rhône-Alpes"
16106,Saint-Bonnet-le-Froid,Auvergne-Rhône-Alpes,Haute-Loire,43290,45.144,4.433,"Saint-Bonnet-le-Froid (43290), Auvergne-Rhône-Alpes"
16107,Saint-Christophe-d'Allier,Auvergne-Rhône-Alpes,Haute-Loire,43340,44.849,3.702,"Saint-Christophe-d'Allier (43340), Auvergne-Rhône-Alpes"
16108,Saint-Christophe-sur-Dolaison,Auvergne-Rhône-Alpes,Haute-Loire,43370,44.99,3.826,"Saint-Christophe-sur-Dolaison (43370), Auvergne-Rhône-Alpes"
16109,Saint-Cirgues,Auvergne-Rhône-Alpes,Haute-Loire,43380,45.134,3.39,"Saint-Cirgues (43380), Auvergne-Rhône-Alpes"
16110,Saint-Didier-en-Velay,Auvergne-Rhône-Alpes,Haute-Loire,43140,45.31,4.285,"Saint-Didier-en-Velay (43140), Auvergne-Rhône-Alpes"
16111,Saint-Didier-sur-Doulon,Auvergne-Rhône-Alpes,Haute-Loire,43440,45.305,3.548,"Saint-Didier-sur-Doulon (43440), Auvergne-Rhône-Alpes"
16112,Saint-Étienne-du-Vigan,Auvergne-Rhône-Alpes,Haute-Loire,43420,44.789,3.836,"Saint-Étienne-du-Vigan (43420), Auvergne-Rhône-Alpes"
16113,Saint-Étienne-Lardeyrol,Auvergne-Rhône-Alpes,Haute-Loire,43260,45.086,4.006,"Saint-Étienne-Lardeyrol (43260), Auvergne-Rhône-Alpes"
16114,Saint-Étienne-sur-Blesle,Auvergne-Rhône-Alpes,Haute-Loire,43450,45.304,3.126,"Saint-Étienne-sur-Blesle (43450), Auvergne-Rhône-Alpes"
16115,Sainte-Eugénie-de-Villeneuve,Auvergne-Rhône-Alpes,Haute-Loire,43230,45.142,3.63,"Sainte-Eugénie-de-Villeneuve (43230), Auvergne-Rhône-Alpes"
16116,Saint-Ferréol-d'Auroure,Auvergne-Rhône-Alpes,Haute-Loire,43330,45.357,4.259,"Saint-Ferréol-d'Auroure (43330), Auvergne-Rhône-Alpes"
16117,Sainte-Florine,Auvergne-Rhône-Alpes,Haute-Loire,43250,45.402,3.31,"Sainte-Florine (43250), Auvergne-Rhône-Alpes"
16118,Saint-Front,Auvergne-Rhône-Alpes,Haute-Loire,43550,44.973,4.139,"Saint-Front (43550), Auvergne-Rhône-Alpes"
16119,Saint-Geneys-près-Saint-Paulien,Auvergne-Rhône-Alpes,Haute-Loire,43350,45.174,3.831,"Saint-Geneys-près-Saint-Paulien (43350), Auvergne-Rhône-Alpes"
16120,Saint-Georges-d'Aurac,Auvergne-Rhône-Alpes,Haute-Loire,43230,45.159,3.552,"Saint-Georges-d'Aurac (43230), Auvergne-Rhône-Alpes"
16121,Saint-Georges-Lagricol,Auvergne-Rhône-Alpes,Haute-Loire,43500,45.304,3.888,"Saint-Georges-Lagricol (43500), Auvergne-Rhône-Alpes"
16122,Saint-Germain-Laprade,Auvergne-Rhône-Alpes,Haute-Loire,43700,45.033,3.978,"Saint-Germain-Laprade (43700), Auvergne-Rhône-Alpes"
16123,Saint-Géron,Auvergne-Rhône-Alpes,Haute-Loire,43360,45.335,3.294,"Saint-Géron (43360), Auvergne-Rhône-Alpes"
16124,Saint-Haon,Auvergne-Rhône-Alpes,Haute-Loire,43340,44.855,3.762,"Saint-Haon (43340), Auvergne-Rhône-Alpes"
16125,Saint-Hilaire,Auvergne-Rhône-Alpes,Haute-Loire,43390,45.381,3.439,"Saint-Hilaire (43390), Auvergne-Rhône-Alpes"
16126,Saint-Hostien,Auvergne-Rhône-Alpes,Haute-Loire,43260,45.078,4.049,"Saint-Hostien (43260), Auvergne-Rhône-Alpes"
16127,Saint-Ilpize,Auvergne-Rhône-Alpes,Haute-Loire,43380,45.2,3.406,"Saint-Ilpize (43380), Auvergne-Rhône-Alpes"
16128,Saint-Jean-d'Aubrigoux,Auvergne-Rhône-Alpes,Haute-Loire,43500,45.364,3.811,"Saint-Jean-d'Aubrigoux (43500), Auvergne-Rhône-Alpes"
16129,Saint-Jean-de-Nay,Auvergne-Rhône-Alpes,Haute-Loire,43320,45.065,3.69,"Saint-Jean-de-Nay (43320), Auvergne-Rhône-Alpes"
16130,Saint-Jean-Lachalm,Auvergne-Rhône-Alpes,Haute-Loire,43510,44.942,3.724,"Saint-Jean-Lachalm (43510), Auvergne-Rhône-Alpes"
16131,Saint-Jeures,Auvergne-Rhône-Alpes,Haute-Loire,43200,45.104,4.212,"Saint-Jeures (43200), Auvergne-Rhône-Alpes"
16132,Saint-Julien-Chapteuil,Auvergne-Rhône-Alpes,Haute-Loire,43260,45.03,4.08,"Saint-Julien-Chapteuil (43260), Auvergne-Rhône-Alpes"
16133,Saint-Julien-d'Ance,Auvergne-Rhône-Alpes,Haute-Loire,43500,45.306,3.924,"Saint-Julien-d'Ance (43500), Auvergne-Rhône-Alpes"
16134,Saint-Julien-des-Chazes,Auvergne-Rhône-Alpes,Haute-Loire,43300,45.048,3.576,"Saint-Julien-des-Chazes (43300), Auvergne-Rhône-Alpes"
16135,Saint-Julien-du-Pinet,Auvergne-Rhône-Alpes,Haute-Loire,43200,45.147,4.048,"Saint-Julien-du-Pinet (43200), Auvergne-Rhône-Alpes"
16136,Saint-Julien-Molhesabate,Auvergne-Rhône-Alpes,Haute-Loire,43220,45.19,4.437,"Saint-Julien-Molhesabate (43220), Auvergne-Rhône-Alpes"
16137,Saint-Just-Malmont,Auvergne-Rhône-Alpes,Haute-Loire,43240,45.346,4.322,"Saint-Just-Malmont (43240), Auvergne-Rhône-Alpes"
16138,Saint-Just-près-Brioude,Auvergne-Rhône-Alpes,Haute-Loire,43100,45.233,3.331,"Saint-Just-près-Brioude (43100), Auvergne-Rhône-Alpes"
16139,Saint-Laurent-Chabreuges,Auvergne-Rhône-Alpes,Haute-Loire,43100,45.277,3.347,"Saint-Laurent-Chabreuges (43100), Auvergne-Rhône-Alpes"
16140,Sainte-Marguerite,Auvergne-Rhône-Alpes,Haute-Loire,43230,45.211,3.583,"Sainte-Marguerite (43230), Auvergne-Rhône-Alpes"
16141,Saint-Martin-de-Fugères,Auvergne-Rhône-Alpes,Haute-Loire,43150,44.907,3.946,"Saint-Martin-de-Fugères (43150), Auvergne-Rhône-Alpes"
16142,Saint-Maurice-de-Lignon,Auvergne-Rhône-Alpes,Haute-Loire,43200,45.22,4.135,"Saint-Maurice-de-Lignon (43200), Auvergne-Rhône-Alpes"
16143,Saint-Pal-de-Chalencon,Auvergne-Rhône-Alpes,Haute-Loire,43500,45.348,3.963,"Saint-Pal-de-Chalencon (43500), Auvergne-Rhône-Alpes"
16144,Saint-Pal-de-Mons,Auvergne-Rhône-Alpes,Haute-Loire,43620,45.242,4.283,"Saint-Pal-de-Mons (43620), Auvergne-Rhône-Alpes"
16145,Saint-Pal-de-Senouire,Auvergne-Rhône-Alpes,Haute-Loire,43160,45.258,3.647,"Saint-Pal-de-Senouire (43160), Auvergne-Rhône-Alpes"
16146,Saint-Paul-de-Tartas,Auvergne-Rhône-Alpes,Haute-Loire,43420,44.799,3.894,"Saint-Paul-de-Tartas (43420), Auvergne-Rhône-Alpes"
16147,Saint-Paulien,Auvergne-Rhône-Alpes,Haute-Loire,43350,45.135,3.821,"Saint-Paulien (43350), Auvergne-Rhône-Alpes"
16148,Saint-Pierre-du-Champ,Auvergne-Rhône-Alpes,Haute-Loire,43810,45.246,3.888,"Saint-Pierre-du-Champ (43810), Auvergne-Rhône-Alpes"
16149,Saint-Pierre-Eynac,Auvergne-Rhône-Alpes,Haute-Loire,43260,45.047,4.027,"Saint-Pierre-Eynac (43260), Auvergne-Rhône-Alpes"
16150,Saint-Préjet-Armandon,Auvergne-Rhône-Alpes,Haute-Loire,43230,45.249,3.552,"Saint-Préjet-Armandon (43230), Auvergne-Rhône-Alpes"
16151,Saint-Préjet-d'Allier,Auvergne-Rhône-Alpes,Haute-Loire,43580,44.92,3.625,"Saint-Préjet-d'Allier (43580), Auvergne-Rhône-Alpes"
16152,Saint-Privat-d'Allier,Auvergne-Rhône-Alpes,Haute-Loire,43580,45.002,3.67,"Saint-Privat-d'Allier (43580), Auvergne-Rhône-Alpes"
16153,Saint-Privat-du-Dragon,Auvergne-Rhône-Alpes,Haute-Loire,43380,45.195,3.443,"Saint-Privat-du-Dragon (43380), Auvergne-Rhône-Alpes"
16154,Saint-Romain-Lachalm,Auvergne-Rhône-Alpes,Haute-Loire,43620,45.265,4.34,"Saint-Romain-Lachalm (43620), Auvergne-Rhône-Alpes"
16155,Sainte-Sigolène,Auvergne-Rhône-Alpes,Haute-Loire,43600,45.247,4.228,"Sainte-Sigolène (43600), Auvergne-Rhône-Alpes"
16156,Saint-Vénérand,Auvergne-Rhône-Alpes,Haute-Loire,43580,44.875,3.675,"Saint-Vénérand (43580), Auvergne-Rhône-Alpes"
16157,Saint-Vert,Auvergne-Rhône-Alpes,Haute-Loire,43440,45.377,3.542,"Saint-Vert (43440), Auvergne-Rhône-Alpes"
16158,Saint-Victor-Malescours,Auvergne-Rhône-Alpes,Haute-Loire,43140,45.294,4.324,"Saint-Victor-Malescours (43140), Auvergne-Rhône-Alpes"
16159,Saint-Victor-sur-Arlanc,Auvergne-Rhône-Alpes,Haute-Loire,43500,45.336,3.776,"Saint-Victor-sur-Arlanc (43500), Auvergne-Rhône-Alpes"
16160,Saint-Vidal,Auvergne-Rhône-Alpes,Haute-Loire,43320,45.075,3.799,"Saint-Vidal (43320), Auvergne-Rhône-Alpes"
16161,Saint-Vincent,Auvergne-Rhône-Alpes,Haute-Loire,43800,45.152,3.898,"Saint-Vincent (43800), Auvergne-Rhône-Alpes"
16162,Salettes,Auvergne-Rhône-Alpes,Haute-Loire,43150,44.866,3.981,"Salettes (43150), Auvergne-Rhône-Alpes"
16163,Salzuit,Auvergne-Rhône-Alpes,Haute-Loire,43230,45.21,3.483,"Salzuit (43230), Auvergne-Rhône-Alpes"
16164,Sanssac-l'Église,Auvergne-Rhône-Alpes,Haute-Loire,43320,45.046,3.791,"Sanssac-l'Église (43320), Auvergne-Rhône-Alpes"
16165,Saugues,Auvergne-Rhône-Alpes,Haute-Loire,43170,44.948,3.539,"Saugues (43170), Auvergne-Rhône-Alpes"
16166,La Séauve-sur-Semène,Auvergne-Rhône-Alpes,Haute-Loire,43140,45.295,4.25,"La Séauve-sur-Semène (43140), Auvergne-Rhône-Alpes"
16167,Sembadel,Auvergne-Rhône-Alpes,Haute-Loire,43160,45.272,3.694,"Sembadel (43160), Auvergne-Rhône-Alpes"
16168,Séneujols,Auvergne-Rhône-Alpes,Haute-Loire,43510,44.954,3.783,"Séneujols (43510), Auvergne-Rhône-Alpes"
16169,Siaugues-Sainte-Marie,Auvergne-Rhône-Alpes,Haute-Loire,43300,45.079,3.627,"Siaugues-Sainte-Marie (43300), Auvergne-Rhône-Alpes"
16170,Solignac-sous-Roche,Auvergne-Rhône-Alpes,Haute-Loire,43130,45.252,3.997,"Solignac-sous-Roche (43130), Auvergne-Rhône-Alpes"
16171,Solignac-sur-Loire,Auvergne-Rhône-Alpes,Haute-Loire,43370,44.958,3.881,"Solignac-sur-Loire (43370), Auvergne-Rhône-Alpes"
16172,Tailhac,Auvergne-Rhône-Alpes,Haute-Loire,43300,45.05,3.457,"Tailhac (43300), Auvergne-Rhône-Alpes"
16173,Tence,Auvergne-Rhône-Alpes,Haute-Loire,43190,45.113,4.3,"Tence (43190), Auvergne-Rhône-Alpes"
16174,Thoras,Auvergne-Rhône-Alpes,Haute-Loire,43580,44.859,3.561,"Thoras (43580), Auvergne-Rhône-Alpes"
16175,Tiranges,Auvergne-Rhône-Alpes,Haute-Loire,43530,45.288,4.012,"Tiranges (43530), Auvergne-Rhône-Alpes"
16176,Torsiac,Auvergne-Rhône-Alpes,Haute-Loire,43450,45.352,3.198,"Torsiac (43450), Auvergne-Rhône-Alpes"
16177,Valprivas,Auvergne-Rhône-Alpes,Haute-Loire,43210,45.321,4.047,"Valprivas (43210), Auvergne-Rhône-Alpes"
16178,Vals-le-Chastel,Auvergne-Rhône-Alpes,Haute-Loire,43230,45.271,3.528,"Vals-le-Chastel (43230), Auvergne-Rhône-Alpes"
16179,Vals-près-le-Puy,Auvergne-Rhône-Alpes,Haute-Loire,43750,45.024,3.866,"Vals-près-le-Puy (43750), Auvergne-Rhône-Alpes"
16180,Varennes-Saint-Honorat,Auvergne-Rhône-Alpes,Haute-Loire,43270,45.177,3.645,"Varennes-Saint-Honorat (43270), Auvergne-Rhône-Alpes"
16181,Les Vastres,Auvergne-Rhône-Alpes,Haute-Loire,43430,44.99,4.27,"Les Vastres (43430), Auvergne-Rhône-Alpes"
16182,Vazeilles-Limandre,Auvergne-Rhône-Alpes,Haute-Loire,43320,45.117,3.694,"Vazeilles-Limandre (43320), Auvergne-Rhône-Alpes"
16183,Venteuges,Auvergne-Rhône-Alpes,Haute-Loire,43170,44.982,3.483,"Venteuges (43170), Auvergne-Rhône-Alpes"
16184,Vergezac,Auvergne-Rhône-Alpes,Haute-Loire,43320,45.032,3.734,"Vergezac (43320), Auvergne-Rhône-Alpes"
16185,Vergongheon,Auvergne-Rhône-Alpes,Haute-Loire,43360,45.372,3.331,"Vergongheon (43360), Auvergne-Rhône-Alpes"
16186,Vernassal,Auvergne-Rhône-Alpes,Haute-Loire,43270,45.146,3.711,"Vernassal (43270), Auvergne-Rhône-Alpes"
16187,Le Vernet,Auvergne-Rhône-Alpes,Haute-Loire,43320,45.039,3.662,"Le Vernet (43320), Auvergne-Rhône-Alpes"
16188,Vézézoux,Auvergne-Rhône-Alpes,Haute-Loire,43390,45.405,3.348,"Vézézoux (43390), Auvergne-Rhône-Alpes"
16189,Vieille-Brioude,Auvergne-Rhône-Alpes,Haute-Loire,43100,45.251,3.404,"Vieille-Brioude (43100), Auvergne-Rhône-Alpes"
16190,Vielprat,Auvergne-Rhône-Alpes,Haute-Loire,43490,44.851,3.951,"Vielprat (43490), Auvergne-Rhône-Alpes"
16191,Villeneuve-d'Allier,Auvergne-Rhône-Alpes,Haute-Loire,43380,45.194,3.378,"Villeneuve-d'Allier (43380), Auvergne-Rhône-Alpes"
16192,Les Villettes,Auvergne-Rhône-Alpes,Haute-Loire,43600,45.24,4.179,"Les Villettes (43600), Auvergne-Rhône-Alpes"
16193,Vorey,Auvergne-Rhône-Alpes,Haute-Loire,43800,45.193,3.905,"Vorey (43800), Auvergne-Rhône-Alpes"
16194,Yssingeaux,Auvergne-Rhône-Alpes,Haute-Loire,43200,45.139,4.131,"Yssingeaux (43200), Auvergne-Rhône-Alpes"
20499,Allaire,Bretagne,Morbihan,56350,47.639,-2.177,"Allaire (56350), Bretagne"
20500,Ambon,Bretagne,Morbihan,56190,47.557,-2.541,"Ambon (56190), Bretagne"
20501,Arradon,Bretagne,Morbihan,56610,47.634,-2.822,"Arradon (56610), Bretagne"
20502,Arzal,Bretagne,Morbihan,56190,47.52,-2.405,"Arzal (56190), Bretagne"
20503,Arzon,Bretagne,Morbihan,56640,47.547,-2.888,"Arzon (56640), Bretagne"
20504,Augan,Bretagne,Morbihan,56800,47.912,-2.268,"Augan (56800), Bretagne"
20505,Auray,Bretagne,Morbihan,56400,47.668,-2.99,"Auray (56400), Bretagne"
20506,Baden,Bretagne,Morbihan,56870,47.615,-2.904,"Baden (56870), Bretagne"
20507,Bangor,Bretagne,Morbihan,56360,47.313,-3.192,"Bangor (56360), Bretagne"
20508,Baud,Bretagne,Morbihan,56150,47.875,-3.031,"Baud (56150), Bretagne"
20509,Béganne,Bretagne,Morbihan,56350,47.603,-2.244,"Béganne (56350), Bretagne"
20510,Beignon,Bretagne,Morbihan,56380,47.966,-2.18,"Beignon (56380), Bretagne"
20511,Belz,Bretagne,Morbihan,56550,47.672,-3.162,"Belz (56550), Bretagne"
20512,Berné,Bretagne,Morbihan,56240,47.985,-3.374,"Berné (56240), Bretagne"
20513,Berric,Bretagne,Morbihan,56230,47.638,-2.528,"Berric (56230), Bretagne"
20514,Bignan,Bretagne,Morbihan,56500,47.877,-2.759,"Bignan (56500), Bretagne"
20515,Billiers,Bretagne,Morbihan,56190,47.524,-2.48,"Billiers (56190), Bretagne"
20516,Billio,Bretagne,Morbihan,56420,47.868,-2.648,"Billio (56420), Bretagne"
20517,Bohal,Bretagne,Morbihan,56140,47.784,-2.447,"Bohal (56140), Bretagne"
20518,Brandérion,Bretagne,Morbihan,56700,47.792,-3.193,"Brandérion (56700), Bretagne"
20519,Brandivy,Bretagne,Morbihan,56390,47.784,-2.922,"Brandivy (56390), Bretagne"
20520,Brech,Bretagne,Morbihan,56400,47.709,-3.024,"Brech (56400), Bretagne"
20521,Bréhan,Bretagne,Morbihan,56580,48.07,-2.687,"Bréhan (56580), Bretagne"
20522,Brignac,Bretagne,Morbihan,56430,48.112,-2.395,"Brignac (56430), Bretagne"
20523,Bubry,Bretagne,Morbihan,56310,47.969,-3.176,"Bubry (56310), Bretagne"
20524,Buléon,Bretagne,Morbihan,56420,47.92,-2.675,"Buléon (56420), Bretagne"
20525,Caden,Bretagne,Morbihan,56220,47.64,-2.299,"Caden (56220), Bretagne"
20526,Calan,Bretagne,Morbihan,56240,47.88,-3.312,"Calan (56240), Bretagne"
20527,Camoël,Bretagne,Morbihan,56130,47.479,-2.399,"Camoël (56130), Bretagne"
20528,Camors,Bretagne,Morbihan,56330,47.83,-3.0,"Camors (56330), Bretagne"
20529,Campénéac,Bretagne,Morbihan,56800,47.962,-2.278,"Campénéac (56800), Bretagne"
20530,Carentoir,Bretagne,Morbihan,56910,47.82,-2.146,"Carentoir (56910), Bretagne"
20531,Carnac,Bretagne,Morbihan,56340,47.608,-3.07,"Carnac (56340), Bretagne"
20532,Caro,Bretagne,Morbihan,56140,47.862,-2.328,"Caro (56140), Bretagne"
20533,Caudan,Bretagne,Morbihan,56850,47.813,-3.341,"Caudan (56850), Bretagne"
20534,La Chapelle-Neuve,Bretagne,Morbihan,56500,47.855,-2.934,"La Chapelle-Neuve (56500), Bretagne"
20535,Cléguer,Bretagne,Morbihan,56620,47.865,-3.365,"Cléguer (56620), Bretagne"
20536,Cléguérec,Bretagne,Morbihan,56480,48.128,-3.063,"Cléguérec (56480), Bretagne"
20537,Colpo,Bretagne,Morbihan,56390,47.816,-2.807,"Colpo (56390), Bretagne"
20538,Concoret,Bretagne,Morbihan,56430,48.066,-2.208,"Concoret (56430), Bretagne"
20539,Cournon,Bretagne,Morbihan,56200,47.749,-2.098,"Cournon (56200), Bretagne"
20540,Le Cours,Bretagne,Morbihan,56230,47.75,-2.508,"Le Cours (56230), Bretagne"
20541,Crach,Bretagne,Morbihan,56950,47.63,-3.001,"Crach (56950), Bretagne"
20542,Crédin,Bretagne,Morbihan,56580,48.038,-2.765,"Crédin (56580), Bretagne"
20543,Le Croisty,Bretagne,Morbihan,56540,48.061,-3.373,"Le Croisty (56540), Bretagne"
20544,La Croix-Helléan,Bretagne,Morbihan,56120,47.964,-2.511,"La Croix-Helléan (56120), Bretagne"
20545,Cruguel,Bretagne,Morbihan,56420,47.878,-2.591,"Cruguel (56420), Bretagne"
20546,Damgan,Bretagne,Morbihan,56750,47.523,-2.586,"Damgan (56750), Bretagne"
20547,Elven,Bretagne,Morbihan,56250,47.733,-2.593,"Elven (56250), Bretagne"
20548,Erdeven,Bretagne,Morbihan,56410,47.637,-3.156,"Erdeven (56410), Bretagne"
20549,Étel,Bretagne,Morbihan,56410,47.657,-3.198,"Étel (56410), Bretagne"
20550,Évriguet,Bretagne,Morbihan,56490,48.083,-2.405,"Évriguet (56490), Bretagne"
20551,Le Faouët,Bretagne,Morbihan,56320,48.049,-3.509,"Le Faouët (56320), Bretagne"
20552,Férel,Bretagne,Morbihan,56130,47.487,-2.34,"Férel (56130), Bretagne"
20553,Les Fougerêts,Bretagne,Morbihan,56200,47.748,-2.197,"Les Fougerêts (56200), Bretagne"
20554,La Gacilly,Bretagne,Morbihan,56200,47.773,-2.156,"La Gacilly (56200), Bretagne"
20555,Gâvres,Bretagne,Morbihan,56680,47.695,-3.334,"Gâvres (56680), Bretagne"
20556,Gestel,Bretagne,Morbihan,56530,47.808,-3.438,"Gestel (56530), Bretagne"
20557,Gourhel,Bretagne,Morbihan,56800,47.939,-2.358,"Gourhel (56800), Bretagne"
20558,Gourin,Bretagne,Morbihan,56110,48.136,-3.604,"Gourin (56110), Bretagne"
20559,Grand-Champ,Bretagne,Morbihan,56390,47.761,-2.848,"Grand-Champ (56390), Bretagne"
20560,La Grée-Saint-Laurent,Bretagne,Morbihan,56120,48.002,-2.503,"La Grée-Saint-Laurent (56120), Bretagne"
20561,Groix,Bretagne,Morbihan,56590,47.637,-3.464,"Groix (56590), Bretagne"
20562,Guégon,Bretagne,Morbihan,56120,47.926,-2.586,"Guégon (56120), Bretagne"
20563,Guéhenno,Bretagne,Morbihan,56420,47.892,-2.651,"Guéhenno (56420), Bretagne"
20564,Gueltas,Bretagne,Morbihan,56920,48.092,-2.81,"Gueltas (56920), Bretagne"
20565,Guémené-sur-Scorff,Bretagne,Morbihan,56160,48.066,-3.206,"Guémené-sur-Scorff (56160), Bretagne"
20566,Guénin,Bretagne,Morbihan,56150,47.906,-2.967,"Guénin (56150), Bretagne"
20567,Guer,Bretagne,Morbihan,56380,47.907,-2.129,"Guer (56380), Bretagne"
20568,Guern,Bretagne,Morbihan,56310,48.035,-3.102,"Guern (56310), Bretagne"
20569,Le Guerno,Bretagne,Morbihan,56190,47.591,-2.4,"Le Guerno (56190), Bretagne"
20570,Guidel,Bretagne,Morbihan,56520,47.794,-3.492,"Guidel (56520), Bretagne"
20571,Guillac,Bretagne,Morbihan,56800,47.924,-2.48,"Guillac (56800), Bretagne"
20572,Guilliers,Bretagne,Morbihan,56490,48.052,-2.414,"Guilliers (56490), Bretagne"
20573,Guiscriff,Bretagne,Morbihan,56560,48.043,-3.624,"Guiscriff (56560), Bretagne"
20574,Helléan,Bretagne,Morbihan,56120,47.968,-2.481,"Helléan (56120), Bretagne"
20575,Hennebont,Bretagne,Morbihan,56700,47.808,-3.27,"Hennebont (56700), Bretagne"
20576,Le Hézo,Bretagne,Morbihan,56450,47.581,-2.692,"Le Hézo (56450), Bretagne"
20577,Hœdic,Bretagne,Morbihan,56170,47.34,-2.876,"Hœdic (56170), Bretagne"
20578,Île-d'Houat,Bretagne,Morbihan,56170,47.389,-2.967,"Île-d'Houat (56170), Bretagne"
20579,Île-aux-Moines,Bretagne,Morbihan,56780,47.586,-2.849,"Île-aux-Moines (56780), Bretagne"
20580,Île-d'Arz,Bretagne,Morbihan,56840,47.592,-2.8,"Île-d'Arz (56840), Bretagne"
20581,Inguiniel,Bretagne,Morbihan,56240,47.956,-3.26,"Inguiniel (56240), Bretagne"
20582,Inzinzac-Lochrist,Bretagne,Morbihan,56650,47.856,-3.252,"Inzinzac-Lochrist (56650), Bretagne"
20583,Josselin,Bretagne,Morbihan,56120,47.954,-2.549,"Josselin (56120), Bretagne"
20584,Kerfourn,Bretagne,Morbihan,56920,48.043,-2.836,"Kerfourn (56920), Bretagne"
20585,Kergrist,Bretagne,Morbihan,56300,48.147,-2.928,"Kergrist (56300), Bretagne"
20586,Kervignac,Bretagne,Morbihan,56700,47.769,-3.248,"Kervignac (56700), Bretagne"
20587,Landaul,Bretagne,Morbihan,56690,47.742,-3.099,"Landaul (56690), Bretagne"
20588,Landévant,Bretagne,Morbihan,56690,47.771,-3.114,"Landévant (56690), Bretagne"
20589,Lanester,Bretagne,Morbihan,56600,47.769,-3.326,"Lanester (56600), Bretagne"
20590,Langoëlan,Bretagne,Morbihan,56160,48.121,-3.233,"Langoëlan (56160), Bretagne"
20591,Langonnet,Bretagne,Morbihan,56630,48.132,-3.481,"Langonnet (56630), Bretagne"
20592,Languidic,Bretagne,Morbihan,56440,47.837,-3.148,"Languidic (56440), Bretagne"
20593,Forges de Lanouée,Bretagne,Morbihan,56120,47.987,-2.576,"Forges de Lanouée (56120), Bretagne"
20594,Lantillac,Bretagne,Morbihan,56120,47.951,-2.661,"Lantillac (56120), Bretagne"
20595,Lanvaudan,Bretagne,Morbihan,56240,47.893,-3.245,"Lanvaudan (56240), Bretagne"
20596,Lanvénégen,Bretagne,Morbihan,56320,48.004,-3.532,"Lanvénégen (56320), Bretagne"
20597,Larmor-Baden,Bretagne,Morbihan,56870,47.593,-2.899,"Larmor-Baden (56870), Bretagne"
20598,Larmor-Plage,Bretagne,Morbihan,56260,47.716,-3.391,"Larmor-Plage (56260), Bretagne"
20599,Larré,Bretagne,Morbihan,56230,47.716,-2.495,"Larré (56230), Bretagne"
20600,Lauzach,Bretagne,Morbihan,56190,47.611,-2.556,"Lauzach (56190), Bretagne"
20601,Lignol,Bretagne,Morbihan,56160,48.027,-3.272,"Lignol (56160), Bretagne"
20602,Limerzel,Bretagne,Morbihan,56220,47.636,-2.361,"Limerzel (56220), Bretagne"
20603,Lizio,Bretagne,Morbihan,56460,47.864,-2.52,"Lizio (56460), Bretagne"
20604,Locmalo,Bretagne,Morbihan,56160,48.062,-3.183,"Locmalo (56160), Bretagne"
20605,Locmaria,Bretagne,Morbihan,56360,47.302,-3.106,"Locmaria (56360), Bretagne"
20606,Locmaria-Grand-Champ,Bretagne,Morbihan,56390,47.76,-2.79,"Locmaria-Grand-Champ (56390), Bretagne"
20607,Locmariaquer,Bretagne,Morbihan,56740,47.578,-2.963,"Locmariaquer (56740), Bretagne"
20608,Locminé,Bretagne,Morbihan,56500,47.88,-2.838,"Locminé (56500), Bretagne"
20609,Locmiquélic,Bretagne,Morbihan,56570,47.73,-3.328,"Locmiquélic (56570), Bretagne"
20610,Locoal-Mendon,Bretagne,Morbihan,56550,47.702,-3.11,"Locoal-Mendon (56550), Bretagne"
20611,Locqueltas,Bretagne,Morbihan,56390,47.764,-2.758,"Locqueltas (56390), Bretagne"
20612,Lorient,Bretagne,Morbihan,56100,47.75,-3.378,"Lorient (56100), Bretagne"
20613,Loyat,Bretagne,Morbihan,56800,47.992,-2.384,"Loyat (56800), Bretagne"
20614,Malansac,Bretagne,Morbihan,56220,47.686,-2.3,"Malansac (56220), Bretagne"
20615,Malestroit,Bretagne,Morbihan,56140,47.808,-2.387,"Malestroit (56140), Bretagne"
20616,Malguénac,Bretagne,Morbihan,56300,48.069,-3.056,"Malguénac (56300), Bretagne"
20617,Marzan,Bretagne,Morbihan,56130,47.542,-2.354,"Marzan (56130), Bretagne"
20618,Mauron,Bretagne,Morbihan,56430,48.082,-2.304,"Mauron (56430), Bretagne"
20619,Melrand,Bretagne,Morbihan,56310,47.975,-3.1,"Melrand (56310), Bretagne"
20620,Ménéac,Bretagne,Morbihan,56490,48.131,-2.454,"Ménéac (56490), Bretagne"
20621,Merlevenez,Bretagne,Morbihan,56700,47.733,-3.243,"Merlevenez (56700), Bretagne"
20622,Meslan,Bretagne,Morbihan,56320,47.988,-3.448,"Meslan (56320), Bretagne"
20623,Meucon,Bretagne,Morbihan,56890,47.724,-2.774,"Meucon (56890), Bretagne"
20624,Missiriac,Bretagne,Morbihan,56140,47.824,-2.356,"Missiriac (56140), Bretagne"
20625,Mohon,Bretagne,Morbihan,56490,48.063,-2.496,"Mohon (56490), Bretagne"
20626,Molac,Bretagne,Morbihan,56230,47.736,-2.44,"Molac (56230), Bretagne"
20627,Monteneuf,Bretagne,Morbihan,56380,47.878,-2.193,"Monteneuf (56380), Bretagne"
20628,Monterblanc,Bretagne,Morbihan,56250,47.732,-2.696,"Monterblanc (56250), Bretagne"
20629,Montertelot,Bretagne,Morbihan,56800,47.886,-2.412,"Montertelot (56800), Bretagne"
20630,Moréac,Bretagne,Morbihan,56500,47.933,-2.804,"Moréac (56500), Bretagne"
20631,Moustoir-Ac,Bretagne,Morbihan,56500,47.843,-2.858,"Moustoir-Ac (56500), Bretagne"
20632,Muzillac,Bretagne,Morbihan,56190,47.555,-2.473,"Muzillac (56190), Bretagne"
20633,Évellys,Bretagne,Morbihan,56500,47.997,-2.844,"Évellys (56500), Bretagne"
20634,Néant-sur-Yvel,Bretagne,Morbihan,56430,48.022,-2.333,"Néant-sur-Yvel (56430), Bretagne"
20635,Neulliac,Bretagne,Morbihan,56300,48.122,-2.972,"Neulliac (56300), Bretagne"
20636,Nivillac,Bretagne,Morbihan,56130,47.541,-2.249,"Nivillac (56130), Bretagne"
20637,Nostang,Bretagne,Morbihan,56690,47.755,-3.175,"Nostang (56690), Bretagne"
20638,Noyal-Muzillac,Bretagne,Morbihan,56190,47.6,-2.46,"Noyal-Muzillac (56190), Bretagne"
20639,Noyal-Pontivy,Bretagne,Morbihan,56920,48.061,-2.891,"Noyal-Pontivy (56920), Bretagne"
20640,Le Palais,Bretagne,Morbihan,56360,47.343,-3.171,"Le Palais (56360), Bretagne"
20641,Péaule,Bretagne,Morbihan,56130,47.583,-2.336,"Péaule (56130), Bretagne"
20642,Peillac,Bretagne,Morbihan,56220,47.715,-2.219,"Peillac (56220), Bretagne"
20643,Pénestin,Bretagne,Morbihan,56760,47.473,-2.465,"Pénestin (56760), Bretagne"
20644,Persquen,Bretagne,Morbihan,56160,48.015,-3.219,"Persquen (56160), Bretagne"
20645,Plaudren,Bretagne,Morbihan,56420,47.779,-2.696,"Plaudren (56420), Bretagne"
20646,Plescop,Bretagne,Morbihan,56890,47.697,-2.831,"Plescop (56890), Bretagne"
20647,Pleucadeuc,Bretagne,Morbihan,56140,47.77,-2.387,"Pleucadeuc (56140), Bretagne"
20648,Pleugriffet,Bretagne,Morbihan,56120,47.994,-2.692,"Pleugriffet (56120), Bretagne"
20649,Ploemel,Bretagne,Morbihan,56400,47.66,-3.072,"Ploemel (56400), Bretagne"
20650,Ploemeur,Bretagne,Morbihan,56270,47.733,-3.442,"Ploemeur (56270), Bretagne"
20651,Ploërdut,Bretagne,Morbihan,56160,48.092,-3.288,"Ploërdut (56160), Bretagne"
20652,Ploeren,Bretagne,Morbihan,56880,47.662,-2.843,"Ploeren (56880), Bretagne"
20653,Ploërmel,Bretagne,Morbihan,56800,47.922,-2.383,"Ploërmel (56800), Bretagne"
20654,Plouay,Bretagne,Morbihan,56240,47.927,-3.337,"Plouay (56240), Bretagne"
20655,Plougoumelen,Bretagne,Morbihan,56400,47.661,-2.898,"Plougoumelen (56400), Bretagne"
20656,Plouharnel,Bretagne,Morbihan,56340,47.6,-3.123,"Plouharnel (56340), Bretagne"
20657,Plouhinec,Bretagne,Morbihan,56680,47.693,-3.234,"Plouhinec (56680), Bretagne"
20658,Plouray,Bretagne,Morbihan,56770,48.134,-3.376,"Plouray (56770), Bretagne"
20659,Pluherlin,Bretagne,Morbihan,56220,47.715,-2.37,"Pluherlin (56220), Bretagne"
20660,Plumelec,Bretagne,Morbihan,56420,47.826,-2.623,"Plumelec (56420), Bretagne"
20661,Pluméliau-Bieuzy,Bretagne,Morbihan,56310,47.965,-2.981,"Pluméliau-Bieuzy (56310), Bretagne"
20662,Plumelin,Bretagne,Morbihan,56500,47.882,-2.888,"Plumelin (56500), Bretagne"
20663,Plumergat,Bretagne,Morbihan,56400,47.728,-2.923,"Plumergat (56400), Bretagne"
20664,Pluneret,Bretagne,Morbihan,56400,47.678,-2.946,"Pluneret (56400), Bretagne"
20665,Pluvigner,Bretagne,Morbihan,56330,47.782,-3.016,"Pluvigner (56330), Bretagne"
20666,Pontivy,Bretagne,Morbihan,56300,48.073,-2.97,"Pontivy (56300), Bretagne"
20667,Pont-Scorff,Bretagne,Morbihan,56620,47.839,-3.42,"Pont-Scorff (56620), Bretagne"
20668,Porcaro,Bretagne,Morbihan,56380,47.92,-2.194,"Porcaro (56380), Bretagne"
20669,Port-Louis,Bretagne,Morbihan,56290,47.71,-3.348,"Port-Louis (56290), Bretagne"
20670,Priziac,Bretagne,Morbihan,56320,48.056,-3.435,"Priziac (56320), Bretagne"
20671,Questembert,Bretagne,Morbihan,56230,47.664,-2.437,"Questembert (56230), Bretagne"
20672,Quéven,Bretagne,Morbihan,56530,47.784,-3.42,"Quéven (56530), Bretagne"
20673,Quiberon,Bretagne,Morbihan,56170,47.488,-3.123,"Quiberon (56170), Bretagne"
20674,Quistinic,Bretagne,Morbihan,56310,47.909,-3.128,"Quistinic (56310), Bretagne"
20675,Radenac,Bretagne,Morbihan,56500,47.949,-2.713,"Radenac (56500), Bretagne"
20676,Réguiny,Bretagne,Morbihan,56500,47.986,-2.772,"Réguiny (56500), Bretagne"
20677,Réminiac,Bretagne,Morbihan,56140,47.864,-2.253,"Réminiac (56140), Bretagne"
20678,Riantec,Bretagne,Morbihan,56670,47.718,-3.302,"Riantec (56670), Bretagne"
20679,Rieux,Bretagne,Morbihan,56350,47.606,-2.126,"Rieux (56350), Bretagne"
20680,La Roche-Bernard,Bretagne,Morbihan,56130,47.519,-2.303,"La Roche-Bernard (56130), Bretagne"
20681,Rochefort-en-Terre,Bretagne,Morbihan,56220,47.698,-2.344,"Rochefort-en-Terre (56220), Bretagne"
20682,Val d'Oust,Bretagne,Morbihan,56460,47.869,-2.456,"Val d'Oust (56460), Bretagne"
20683,Rohan,Bretagne,Morbihan,56580,48.09,-2.743,"Rohan (56580), Bretagne"
20684,Roudouallec,Bretagne,Morbihan,56110,48.12,-3.694,"Roudouallec (56110), Bretagne"
20685,Ruffiac,Bretagne,Morbihan,56140,47.814,-2.285,"Ruffiac (56140), Bretagne"
20686,Le Saint,Bretagne,Morbihan,56110,48.096,-3.565,"Le Saint (56110), Bretagne"
20687,Saint-Abraham,Bretagne,Morbihan,56140,47.848,-2.406,"Saint-Abraham (56140), Bretagne"
20688,Saint-Aignan,Bretagne,Morbihan,56480,48.182,-3.049,"Saint-Aignan (56480), Bretagne"
20689,Saint-Allouestre,Bretagne,Morbihan,56500,47.908,-2.736,"Saint-Allouestre (56500), Bretagne"
20690,Saint-Armel,Bretagne,Morbihan,56450,47.563,-2.711,"Saint-Armel (56450), Bretagne"
20691,Saint-Avé,Bretagne,Morbihan,56890,47.699,-2.742,"Saint-Avé (56890), Bretagne"
20692,Saint-Barthélemy,Bretagne,Morbihan,56150,47.926,-3.041,"Saint-Barthélemy (56150), Bretagne"
20693,Saint-Brieuc-de-Mauron,Bretagne,Morbihan,56430,48.09,-2.362,"Saint-Brieuc-de-Mauron (56430), Bretagne"
20694,Sainte-Brigitte,Bretagne,Morbihan,56480,48.177,-3.11,"Sainte-Brigitte (56480), Bretagne"
20695,Saint-Caradec-Trégomel,Bretagne,Morbihan,56540,48.032,-3.351,"Saint-Caradec-Trégomel (56540), Bretagne"
20696,Saint-Congard,Bretagne,Morbihan,56140,47.768,-2.329,"Saint-Congard (56140), Bretagne"
20697,Saint-Dolay,Bretagne,Morbihan,56130,47.548,-2.172,"Saint-Dolay (56130), Bretagne"
20698,Saint-Gérand-Croixanvec,Bretagne,Morbihan,56920,48.108,-2.886,"Saint-Gérand-Croixanvec (56920), Bretagne"
20699,Saint-Gildas-de-Rhuys,Bretagne,Morbihan,56730,47.513,-2.833,"Saint-Gildas-de-Rhuys (56730), Bretagne"
20700,Saint-Gonnery,Bretagne,Morbihan,56920,48.126,-2.822,"Saint-Gonnery (56920), Bretagne"
20701,Saint-Gorgon,Bretagne,Morbihan,56350,47.642,-2.238,"Saint-Gorgon (56350), Bretagne"
20702,Saint-Gravé,Bretagne,Morbihan,56220,47.723,-2.288,"Saint-Gravé (56220), Bretagne"
20703,Saint-Guyomard,Bretagne,Morbihan,56460,47.779,-2.502,"Saint-Guyomard (56460), Bretagne"
20704,Sainte-Hélène,Bretagne,Morbihan,56700,47.717,-3.185,"Sainte-Hélène (56700), Bretagne"
20705,Saint-Jacut-les-Pins,Bretagne,Morbihan,56220,47.678,-2.212,"Saint-Jacut-les-Pins (56220), Bretagne"
20706,Saint-Jean-Brévelay,Bretagne,Morbihan,56660,47.831,-2.728,"Saint-Jean-Brévelay (56660), Bretagne"
20707,Saint-Jean-la-Poterie,Bretagne,Morbihan,56350,47.645,-2.123,"Saint-Jean-la-Poterie (56350), Bretagne"
20708,Saint-Laurent-sur-Oust,Bretagne,Morbihan,56140,47.792,-2.314,"Saint-Laurent-sur-Oust (56140), Bretagne"
20709,Saint-Léry,Bretagne,Morbihan,56430,48.091,-2.263,"Saint-Léry (56430), Bretagne"
20710,Saint-Malo-de-Beignon,Bretagne,Morbihan,56380,47.957,-2.144,"Saint-Malo-de-Beignon (56380), Bretagne"
20711,Saint-Malo-des-Trois-Fontaines,Bretagne,Morbihan,56490,48.017,-2.468,"Saint-Malo-des-Trois-Fontaines (56490), Bretagne"
20712,Saint-Marcel,Bretagne,Morbihan,56140,47.811,-2.416,"Saint-Marcel (56140), Bretagne"
20713,Saint-Martin-sur-Oust,Bretagne,Morbihan,56200,47.763,-2.264,"Saint-Martin-sur-Oust (56200), Bretagne"
20714,Saint-Nicolas-du-Tertre,Bretagne,Morbihan,56910,47.796,-2.218,"Saint-Nicolas-du-Tertre (56910), Bretagne"
20715,Saint-Nolff,Bretagne,Morbihan,56250,47.698,-2.666,"Saint-Nolff (56250), Bretagne"
20716,Saint-Perreux,Bretagne,Morbihan,56350,47.672,-2.123,"Saint-Perreux (56350), Bretagne"
20717,Saint-Philibert,Bretagne,Morbihan,56470,47.588,-3.001,"Saint-Philibert (56470), Bretagne"
20718,Saint-Pierre-Quiberon,Bretagne,Morbihan,56510,47.523,-3.138,"Saint-Pierre-Quiberon (56510), Bretagne"
20719,Saint-Servant,Bretagne,Morbihan,56120,47.899,-2.512,"Saint-Servant (56120), Bretagne"
20720,Saint-Thuriau,Bretagne,Morbihan,56300,48.016,-2.943,"Saint-Thuriau (56300), Bretagne"
20721,Saint-Tugdual,Bretagne,Morbihan,56540,48.096,-3.367,"Saint-Tugdual (56540), Bretagne"
20722,Saint-Vincent-sur-Oust,Bretagne,Morbihan,56350,47.702,-2.148,"Saint-Vincent-sur-Oust (56350), Bretagne"
20723,Sarzeau,Bretagne,Morbihan,56370,47.524,-2.751,"Sarzeau (56370), Bretagne"
20724,Sauzon,Bretagne,Morbihan,56360,47.354,-3.23,"Sauzon (56360), Bretagne"
20725,Séglien,Bretagne,Morbihan,56160,48.102,-3.152,"Séglien (56160), Bretagne"
20726,Séné,Bretagne,Morbihan,56860,47.623,-2.724,"Séné (56860), Bretagne"
20727,Sérent,Bretagne,Morbihan,56460,47.824,-2.497,"Sérent (56460), Bretagne"
20728,Silfiac,Bretagne,Morbihan,56480,48.145,-3.172,"Silfiac (56480), Bretagne"
20729,Le Sourn,Bretagne,Morbihan,56300,48.038,-2.995,"Le Sourn (56300), Bretagne"
20730,Sulniac,Bretagne,Morbihan,56250,47.66,-2.563,"Sulniac (56250), Bretagne"
20731,Surzur,Bretagne,Morbihan,56450,47.569,-2.627,"Surzur (56450), Bretagne"
20732,Taupont,Bretagne,Morbihan,56800,47.962,-2.443,"Taupont (56800), Bretagne"
20733,Théhillac,Bretagne,Morbihan,56130,47.552,-2.118,"Théhillac (56130), Bretagne"
20734,Theix-Noyalo,Bretagne,Morbihan,56450,47.636,-2.647,"Theix-Noyalo (56450), Bretagne"
20735,Le Tour-du-Parc,Bretagne,Morbihan,56370,47.529,-2.654,"Le Tour-du-Parc (56370), Bretagne"
20736,Tréal,Bretagne,Morbihan,56140,47.833,-2.23,"Tréal (56140), Bretagne"
20737,Trédion,Bretagne,Morbihan,56250,47.783,-2.584,"Trédion (56250), Bretagne"
20738,Treffléan,Bretagne,Morbihan,56250,47.678,-2.622,"Treffléan (56250), Bretagne"
20739,Tréhorenteuc,Bretagne,Morbihan,56430,48.004,-2.295,"Tréhorenteuc (56430), Bretagne"
20740,La Trinité-Porhoët,Bretagne,Morbihan,56490,48.098,-2.525,"La Trinité-Porhoët (56490), Bretagne"
20741,La Trinité-sur-Mer,Bretagne,Morbihan,56470,47.591,-3.037,"La Trinité-sur-Mer (56470), Bretagne"
20742,La Trinité-Surzur,Bretagne,Morbihan,56190,47.605,-2.592,"La Trinité-Surzur (56190), Bretagne"
20743,Vannes,Bretagne,Morbihan,56000,47.66,-2.757,"Vannes (56000), Bretagne"
20744,La Vraie-Croix,Bretagne,Morbihan,56250,47.69,-2.519,"La Vraie-Croix (56250), Bretagne"
20745,Le Bono,Bretagne,Morbihan,56400,47.637,-2.94,"Le Bono (56400), Bretagne"
20746,Sainte-Anne-d'Auray,Bretagne,Morbihan,56400,47.701,-2.953,"Sainte-Anne-d'Auray (56400), Bretagne"
20747,Kernascléden,Bretagne,Morbihan,56540,48.008,-3.329,"Kernascléden (56540), Bretagne"
24385,Aigueperse,Auvergne-Rhône-Alpes,Puy-de-Dôme,63260,46.015,3.201,"Aigueperse (63260), Auvergne-Rhône-Alpes"
24386,Aix-la-Fayette,Auvergne-Rhône-Alpes,Puy-de-Dôme,63980,45.507,3.529,"Aix-la-Fayette (63980), Auvergne-Rhône-Alpes"
24387,Ambert,Auvergne-Rhône-Alpes,Puy-de-Dôme,63600,45.556,3.756,"Ambert (63600), Auvergne-Rhône-Alpes"
24388,Les Ancizes-Comps,Auvergne-Rhône-Alpes,Puy-de-Dôme,63770,45.933,2.805,"Les Ancizes-Comps (63770), Auvergne-Rhône-Alpes"
24389,Antoingt,Auvergne-Rhône-Alpes,Puy-de-Dôme,63340,45.5,3.184,"Antoingt (63340), Auvergne-Rhône-Alpes"
24390,Anzat-le-Luguet,Auvergne-Rhône-Alpes,Puy-de-Dôme,63420,45.331,3.012,"Anzat-le-Luguet (63420), Auvergne-Rhône-Alpes"
24391,Apchat,Auvergne-Rhône-Alpes,Puy-de-Dôme,63420,45.374,3.148,"Apchat (63420), Auvergne-Rhône-Alpes"
24392,Arconsat,Auvergne-Rhône-Alpes,Puy-de-Dôme,63250,45.898,3.716,"Arconsat (63250), Auvergne-Rhône-Alpes"
24393,Ardes,Auvergne-Rhône-Alpes,Puy-de-Dôme,63420,45.398,3.118,"Ardes (63420), Auvergne-Rhône-Alpes"
24394,Arlanc,Auvergne-Rhône-Alpes,Puy-de-Dôme,63220,45.421,3.723,"Arlanc (63220), Auvergne-Rhône-Alpes"
24395,Ars-les-Favets,Auvergne-Rhône-Alpes,Puy-de-Dôme,63700,46.2,2.748,"Ars-les-Favets (63700), Auvergne-Rhône-Alpes"
24396,Artonne,Auvergne-Rhône-Alpes,Puy-de-Dôme,63460,46.006,3.15,"Artonne (63460), Auvergne-Rhône-Alpes"
24397,Aubiat,Auvergne-Rhône-Alpes,Puy-de-Dôme,63260,45.981,3.193,"Aubiat (63260), Auvergne-Rhône-Alpes"
24398,Aubière,Auvergne-Rhône-Alpes,Puy-de-Dôme,63170,45.751,3.126,"Aubière (63170), Auvergne-Rhône-Alpes"
24399,Aubusson-d'Auvergne,Auvergne-Rhône-Alpes,Puy-de-Dôme,63120,45.753,3.599,"Aubusson-d'Auvergne (63120), Auvergne-Rhône-Alpes"
24400,Augerolles,Auvergne-Rhône-Alpes,Puy-de-Dôme,63930,45.737,3.631,"Augerolles (63930), Auvergne-Rhône-Alpes"
24401,Augnat,Auvergne-Rhône-Alpes,Puy-de-Dôme,63340,45.414,3.179,"Augnat (63340), Auvergne-Rhône-Alpes"
24402,Aulnat,Auvergne-Rhône-Alpes,Puy-de-Dôme,63510,45.793,3.171,"Aulnat (63510), Auvergne-Rhône-Alpes"
24403,Aurières,Auvergne-Rhône-Alpes,Puy-de-Dôme,63210,45.682,2.916,"Aurières (63210), Auvergne-Rhône-Alpes"
24404,Authezat,Auvergne-Rhône-Alpes,Puy-de-Dôme,63114,45.639,3.193,"Authezat (63114), Auvergne-Rhône-Alpes"
24405,Auzat-la-Combelle,Auvergne-Rhône-Alpes,Puy-de-Dôme,63570,45.451,3.326,"Auzat-la-Combelle (63570), Auvergne-Rhône-Alpes"
24406,Auzelles,Auvergne-Rhône-Alpes,Puy-de-Dôme,63590,45.607,3.519,"Auzelles (63590), Auvergne-Rhône-Alpes"
24407,Avèze,Auvergne-Rhône-Alpes,Puy-de-Dôme,63690,45.597,2.606,"Avèze (63690), Auvergne-Rhône-Alpes"
24408,Ayat-sur-Sioule,Auvergne-Rhône-Alpes,Puy-de-Dôme,63390,46.062,2.887,"Ayat-sur-Sioule (63390), Auvergne-Rhône-Alpes"
24409,Aydat,Auvergne-Rhône-Alpes,Puy-de-Dôme,63970,45.667,2.984,"Aydat (63970), Auvergne-Rhône-Alpes"
24410,Baffie,Auvergne-Rhône-Alpes,Puy-de-Dôme,63600,45.477,3.828,"Baffie (63600), Auvergne-Rhône-Alpes"
24411,Bagnols,Auvergne-Rhône-Alpes,Puy-de-Dôme,63810,45.498,2.639,"Bagnols (63810), Auvergne-Rhône-Alpes"
24412,Bansat,Auvergne-Rhône-Alpes,Puy-de-Dôme,63570,45.484,3.36,"Bansat (63570), Auvergne-Rhône-Alpes"
24413,Bas-et-Lezat,Auvergne-Rhône-Alpes,Puy-de-Dôme,63310,46.037,3.308,"Bas-et-Lezat (63310), Auvergne-Rhône-Alpes"
24414,Beaulieu,Auvergne-Rhône-Alpes,Puy-de-Dôme,63570,45.443,3.286,"Beaulieu (63570), Auvergne-Rhône-Alpes"
24415,Beaumont,Auvergne-Rhône-Alpes,Puy-de-Dôme,63110,45.75,3.087,"Beaumont (63110), Auvergne-Rhône-Alpes"
24416,Beaumont-lès-Randan,Auvergne-Rhône-Alpes,Puy-de-Dôme,63310,45.996,3.383,"Beaumont-lès-Randan (63310), Auvergne-Rhône-Alpes"
24417,Beauregard-l'Évêque,Auvergne-Rhône-Alpes,Puy-de-Dôme,63116,45.814,3.299,"Beauregard-l'Évêque (63116), Auvergne-Rhône-Alpes"
24418,Beauregard-Vendon,Auvergne-Rhône-Alpes,Puy-de-Dôme,63460,45.966,3.113,"Beauregard-Vendon (63460), Auvergne-Rhône-Alpes"
24419,Bergonne,Auvergne-Rhône-Alpes,Puy-de-Dôme,63500,45.51,3.217,"Bergonne (63500), Auvergne-Rhône-Alpes"
24420,Bertignat,Auvergne-Rhône-Alpes,Puy-de-Dôme,63480,45.618,3.691,"Bertignat (63480), Auvergne-Rhône-Alpes"
24421,Besse-et-Saint-Anastaise,Auvergne-Rhône-Alpes,Puy-de-Dôme,63610,45.497,2.907,"Besse-et-Saint-Anastaise (63610), Auvergne-Rhône-Alpes"
24422,Beurières,Auvergne-Rhône-Alpes,Puy-de-Dôme,63220,45.432,3.779,"Beurières (63220), Auvergne-Rhône-Alpes"
24423,Billom,Auvergne-Rhône-Alpes,Puy-de-Dôme,63160,45.725,3.323,"Billom (63160), Auvergne-Rhône-Alpes"
24424,Biollet,Auvergne-Rhône-Alpes,Puy-de-Dôme,63640,45.993,2.693,"Biollet (63640), Auvergne-Rhône-Alpes"
24425,Blanzat,Auvergne-Rhône-Alpes,Puy-de-Dôme,63112,45.828,3.073,"Blanzat (63112), Auvergne-Rhône-Alpes"
24426,Blot-l'Église,Auvergne-Rhône-Alpes,Puy-de-Dôme,63440,46.034,2.958,"Blot-l'Église (63440), Auvergne-Rhône-Alpes"
24427,Bongheat,Auvergne-Rhône-Alpes,Puy-de-Dôme,63160,45.724,3.427,"Bongheat (63160), Auvergne-Rhône-Alpes"
24428,Bort-l'Étang,Auvergne-Rhône-Alpes,Puy-de-Dôme,63190,45.781,3.435,"Bort-l'Étang (63190), Auvergne-Rhône-Alpes"
24429,Boudes,Auvergne-Rhône-Alpes,Puy-de-Dôme,63340,45.452,3.182,"Boudes (63340), Auvergne-Rhône-Alpes"
24430,La Bourboule,Auvergne-Rhône-Alpes,Puy-de-Dôme,63150,45.58,2.75,"La Bourboule (63150), Auvergne-Rhône-Alpes"
24431,Bourg-Lastic,Auvergne-Rhône-Alpes,Puy-de-Dôme,63760,45.657,2.563,"Bourg-Lastic (63760), Auvergne-Rhône-Alpes"
24432,Bouzel,Auvergne-Rhône-Alpes,Puy-de-Dôme,63910,45.78,3.319,"Bouzel (63910), Auvergne-Rhône-Alpes"
24433,Brassac-les-Mines,Auvergne-Rhône-Alpes,Puy-de-Dôme,63570,45.42,3.321,"Brassac-les-Mines (63570), Auvergne-Rhône-Alpes"
24434,Brenat,Auvergne-Rhône-Alpes,Puy-de-Dôme,63500,45.55,3.31,"Brenat (63500), Auvergne-Rhône-Alpes"
24435,Le Breuil-sur-Couze,Auvergne-Rhône-Alpes,Puy-de-Dôme,63340,45.467,3.267,"Le Breuil-sur-Couze (63340), Auvergne-Rhône-Alpes"
24436,Briffons,Auvergne-Rhône-Alpes,Puy-de-Dôme,63820,45.701,2.654,"Briffons (63820), Auvergne-Rhône-Alpes"
24437,Le Broc,Auvergne-Rhône-Alpes,Puy-de-Dôme,63500,45.504,3.252,"Le Broc (63500), Auvergne-Rhône-Alpes"
24438,Bromont-Lamothe,Auvergne-Rhône-Alpes,Puy-de-Dôme,63230,45.832,2.81,"Bromont-Lamothe (63230), Auvergne-Rhône-Alpes"
24439,Brousse,Auvergne-Rhône-Alpes,Puy-de-Dôme,63490,45.6,3.464,"Brousse (63490), Auvergne-Rhône-Alpes"
24440,Le Brugeron,Auvergne-Rhône-Alpes,Puy-de-Dôme,63880,45.712,3.742,"Le Brugeron (63880), Auvergne-Rhône-Alpes"
24441,Bulhon,Auvergne-Rhône-Alpes,Puy-de-Dôme,63350,45.885,3.391,"Bulhon (63350), Auvergne-Rhône-Alpes"
24442,Busséol,Auvergne-Rhône-Alpes,Puy-de-Dôme,63270,45.693,3.262,"Busséol (63270), Auvergne-Rhône-Alpes"
24443,Bussières,Auvergne-Rhône-Alpes,Puy-de-Dôme,63330,46.064,2.647,"Bussières (63330), Auvergne-Rhône-Alpes"
24444,Bussières-et-Pruns,Auvergne-Rhône-Alpes,Puy-de-Dôme,63260,46.007,3.238,"Bussières-et-Pruns (63260), Auvergne-Rhône-Alpes"
24445,Buxières-sous-Montaigut,Auvergne-Rhône-Alpes,Puy-de-Dôme,63700,46.202,2.837,"Buxières-sous-Montaigut (63700), Auvergne-Rhône-Alpes"
24446,Cébazat,Auvergne-Rhône-Alpes,Puy-de-Dôme,63118,45.832,3.108,"Cébazat (63118), Auvergne-Rhône-Alpes"
24447,La Celle,Auvergne-Rhône-Alpes,Puy-de-Dôme,63620,45.85,2.474,"La Celle (63620), Auvergne-Rhône-Alpes"
24448,Ceilloux,Auvergne-Rhône-Alpes,Puy-de-Dôme,63520,45.655,3.516,"Ceilloux (63520), Auvergne-Rhône-Alpes"
24449,Celles-sur-Durolle,Auvergne-Rhône-Alpes,Puy-de-Dôme,63250,45.872,3.652,"Celles-sur-Durolle (63250), Auvergne-Rhône-Alpes"
24450,La Cellette,Auvergne-Rhône-Alpes,Puy-de-Dôme,63330,46.096,2.726,"La Cellette (63330), Auvergne-Rhône-Alpes"
24451,Le Cendre,Auvergne-Rhône-Alpes,Puy-de-Dôme,63670,45.718,3.194,"Le Cendre (63670), Auvergne-Rhône-Alpes"
24452,Ceyrat,Auvergne-Rhône-Alpes,Puy-de-Dôme,63122,45.739,3.064,"Ceyrat (63122), Auvergne-Rhône-Alpes"
24453,Ceyssat,Auvergne-Rhône-Alpes,Puy-de-Dôme,63210,45.77,2.924,"Ceyssat (63210), Auvergne-Rhône-Alpes"
24454,Chabreloche,Auvergne-Rhône-Alpes,Puy-de-Dôme,63250,45.871,3.699,"Chabreloche (63250), Auvergne-Rhône-Alpes"
24455,Chadeleuf,Auvergne-Rhône-Alpes,Puy-de-Dôme,63320,45.581,3.181,"Chadeleuf (63320), Auvergne-Rhône-Alpes"
24456,Chalus,Auvergne-Rhône-Alpes,Puy-de-Dôme,63340,45.465,3.208,"Chalus (63340), Auvergne-Rhône-Alpes"
24457,Chamalières,Auvergne-Rhône-Alpes,Puy-de-Dôme,63400,45.775,3.061,"Chamalières (63400), Auvergne-Rhône-Alpes"
24458,Chambon-sur-Dolore,Auvergne-Rhône-Alpes,Puy-de-Dôme,63980,45.497,3.625,"Chambon-sur-Dolore (63980), Auvergne-Rhône-Alpes"
24459,Chambon-sur-Lac,Auvergne-Rhône-Alpes,Puy-de-Dôme,63790,45.56,2.869,"Chambon-sur-Lac (63790), Auvergne-Rhône-Alpes"
24460,Champagnat-le-Jeune,Auvergne-Rhône-Alpes,Puy-de-Dôme,63580,45.445,3.416,"Champagnat-le-Jeune (63580), Auvergne-Rhône-Alpes"
24461,Champeix,Auvergne-Rhône-Alpes,Puy-de-Dôme,63320,45.584,3.129,"Champeix (63320), Auvergne-Rhône-Alpes"
24462,Champétières,Auvergne-Rhône-Alpes,Puy-de-Dôme,63600,45.516,3.679,"Champétières (63600), Auvergne-Rhône-Alpes"
24463,Champs,Auvergne-Rhône-Alpes,Puy-de-Dôme,63440,46.062,3.094,"Champs (63440), Auvergne-Rhône-Alpes"
24464,Chanat-la-Mouteyre,Auvergne-Rhône-Alpes,Puy-de-Dôme,63530,45.825,3.007,"Chanat-la-Mouteyre (63530), Auvergne-Rhône-Alpes"
24465,Chanonat,Auvergne-Rhône-Alpes,Puy-de-Dôme,63450,45.695,3.083,"Chanonat (63450), Auvergne-Rhône-Alpes"
24466,Chapdes-Beaufort,Auvergne-Rhône-Alpes,Puy-de-Dôme,63230,45.892,2.855,"Chapdes-Beaufort (63230), Auvergne-Rhône-Alpes"
24467,La Chapelle-Agnon,Auvergne-Rhône-Alpes,Puy-de-Dôme,63590,45.63,3.629,"La Chapelle-Agnon (63590), Auvergne-Rhône-Alpes"
24468,La Chapelle-Marcousse,Auvergne-Rhône-Alpes,Puy-de-Dôme,63420,45.442,3.081,"La Chapelle-Marcousse (63420), Auvergne-Rhône-Alpes"
24469,La Chapelle-sur-Usson,Auvergne-Rhône-Alpes,Puy-de-Dôme,63580,45.464,3.392,"La Chapelle-sur-Usson (63580), Auvergne-Rhône-Alpes"
24470,Chappes,Auvergne-Rhône-Alpes,Puy-de-Dôme,63720,45.865,3.227,"Chappes (63720), Auvergne-Rhône-Alpes"
24471,Chaptuzat,Auvergne-Rhône-Alpes,Puy-de-Dôme,63260,46.03,3.17,"Chaptuzat (63260), Auvergne-Rhône-Alpes"
24472,Charbonnier-les-Mines,Auvergne-Rhône-Alpes,Puy-de-Dôme,63340,45.418,3.282,"Charbonnier-les-Mines (63340), Auvergne-Rhône-Alpes"
24473,Charbonnières-les-Varennes,Auvergne-Rhône-Alpes,Puy-de-Dôme,63410,45.898,2.98,"Charbonnières-les-Varennes (63410), Auvergne-Rhône-Alpes"
24474,Charbonnières-les-Vieilles,Auvergne-Rhône-Alpes,Puy-de-Dôme,63410,45.992,3.008,"Charbonnières-les-Vieilles (63410), Auvergne-Rhône-Alpes"
24475,Charensat,Auvergne-Rhône-Alpes,Puy-de-Dôme,63640,45.983,2.644,"Charensat (63640), Auvergne-Rhône-Alpes"
24476,Charnat,Auvergne-Rhône-Alpes,Puy-de-Dôme,63290,45.945,3.435,"Charnat (63290), Auvergne-Rhône-Alpes"
24477,Chas,Auvergne-Rhône-Alpes,Puy-de-Dôme,63160,45.747,3.307,"Chas (63160), Auvergne-Rhône-Alpes"
24478,Chassagne,Auvergne-Rhône-Alpes,Puy-de-Dôme,63320,45.493,3.062,"Chassagne (63320), Auvergne-Rhône-Alpes"
24479,Chastreix,Auvergne-Rhône-Alpes,Puy-de-Dôme,63680,45.512,2.754,"Chastreix (63680), Auvergne-Rhône-Alpes"
24480,Châteaugay,Auvergne-Rhône-Alpes,Puy-de-Dôme,63119,45.854,3.093,"Châteaugay (63119), Auvergne-Rhône-Alpes"
24481,Châteauneuf-les-Bains,Auvergne-Rhône-Alpes,Puy-de-Dôme,63390,46.026,2.887,"Châteauneuf-les-Bains (63390), Auvergne-Rhône-Alpes"
24482,Château-sur-Cher,Auvergne-Rhône-Alpes,Puy-de-Dôme,63330,46.117,2.569,"Château-sur-Cher (63330), Auvergne-Rhône-Alpes"
24483,Châteldon,Auvergne-Rhône-Alpes,Puy-de-Dôme,63290,45.973,3.553,"Châteldon (63290), Auvergne-Rhône-Alpes"
24484,Châtel-Guyon,Auvergne-Rhône-Alpes,Puy-de-Dôme,63140,45.921,3.063,"Châtel-Guyon (63140), Auvergne-Rhône-Alpes"
24485,La Chaulme,Auvergne-Rhône-Alpes,Puy-de-Dôme,63660,45.472,3.958,"La Chaulme (63660), Auvergne-Rhône-Alpes"
24486,Chaumont-le-Bourg,Auvergne-Rhône-Alpes,Puy-de-Dôme,63220,45.458,3.766,"Chaumont-le-Bourg (63220), Auvergne-Rhône-Alpes"
24487,Chauriat,Auvergne-Rhône-Alpes,Puy-de-Dôme,63117,45.744,3.278,"Chauriat (63117), Auvergne-Rhône-Alpes"
24488,Chavaroux,Auvergne-Rhône-Alpes,Puy-de-Dôme,63720,45.856,3.258,"Chavaroux (63720), Auvergne-Rhône-Alpes"
24489,Le Cheix,Auvergne-Rhône-Alpes,Puy-de-Dôme,63200,45.957,3.182,"Le Cheix (63200), Auvergne-Rhône-Alpes"
24490,Chidrac,Auvergne-Rhône-Alpes,Puy-de-Dôme,63320,45.56,3.15,"Chidrac (63320), Auvergne-Rhône-Alpes"
24491,Cisternes-la-Forêt,Auvergne-Rhône-Alpes,Puy-de-Dôme,63740,45.808,2.715,"Cisternes-la-Forêt (63740), Auvergne-Rhône-Alpes"
24492,Clémensat,Auvergne-Rhône-Alpes,Puy-de-Dôme,63320,45.564,3.105,"Clémensat (63320), Auvergne-Rhône-Alpes"
24493,Clerlande,Auvergne-Rhône-Alpes,Puy-de-Dôme,63720,45.916,3.19,"Clerlande (63720), Auvergne-Rhône-Alpes"
24494,Clermont-Ferrand,Auvergne-Rhône-Alpes,Puy-de-Dôme,63100,45.786,3.116,"Clermont-Ferrand (63100), Auvergne-Rhône-Alpes"
24495,Collanges,Auvergne-Rhône-Alpes,Puy-de-Dôme,63340,45.435,3.215,"Collanges (63340), Auvergne-Rhône-Alpes"
24496,Combrailles,Auvergne-Rhône-Alpes,Puy-de-Dôme,63380,45.841,2.642,"Combrailles (63380), Auvergne-Rhône-Alpes"
24497,Combronde,Auvergne-Rhône-Alpes,Puy-de-Dôme,63460,45.986,3.081,"Combronde (63460), Auvergne-Rhône-Alpes"
24498,Compains,Auvergne-Rhône-Alpes,Puy-de-Dôme,63610,45.436,2.925,"Compains (63610), Auvergne-Rhône-Alpes"
24499,Condat-en-Combraille,Auvergne-Rhône-Alpes,Puy-de-Dôme,63380,45.862,2.566,"Condat-en-Combraille (63380), Auvergne-Rhône-Alpes"
24500,Condat-lès-Montboissier,Auvergne-Rhône-Alpes,Puy-de-Dôme,63490,45.558,3.478,"Condat-lès-Montboissier (63490), Auvergne-Rhône-Alpes"
24501,Corent,Auvergne-Rhône-Alpes,Puy-de-Dôme,63730,45.66,3.193,"Corent (63730), Auvergne-Rhône-Alpes"
24502,Coudes,Auvergne-Rhône-Alpes,Puy-de-Dôme,63114,45.61,3.201,"Coudes (63114), Auvergne-Rhône-Alpes"
24503,Courgoul,Auvergne-Rhône-Alpes,Puy-de-Dôme,63320,45.512,3.046,"Courgoul (63320), Auvergne-Rhône-Alpes"
24504,Cournols,Auvergne-Rhône-Alpes,Puy-de-Dôme,63450,45.642,3.037,"Cournols (63450), Auvergne-Rhône-Alpes"
24505,Cournon-d'Auvergne,Auvergne-Rhône-Alpes,Puy-de-Dôme,63800,45.743,3.187,"Cournon-d'Auvergne (63800), Auvergne-Rhône-Alpes"
24506,Courpière,Auvergne-Rhône-Alpes,Puy-de-Dôme,63120,45.758,3.541,"Courpière (63120), Auvergne-Rhône-Alpes"
24507,Le Crest,Auvergne-Rhône-Alpes,Puy-de-Dôme,63450,45.689,3.133,"Le Crest (63450), Auvergne-Rhône-Alpes"
24508,Crevant-Laveine,Auvergne-Rhône-Alpes,Puy-de-Dôme,63350,45.902,3.402,"Crevant-Laveine (63350), Auvergne-Rhône-Alpes"
24509,Cros,Auvergne-Rhône-Alpes,Puy-de-Dôme,63810,45.467,2.608,"Cros (63810), Auvergne-Rhône-Alpes"
24510,La Crouzille,Auvergne-Rhône-Alpes,Puy-de-Dôme,63700,46.172,2.752,"La Crouzille (63700), Auvergne-Rhône-Alpes"
24511,Culhat,Auvergne-Rhône-Alpes,Puy-de-Dôme,63350,45.86,3.344,"Culhat (63350), Auvergne-Rhône-Alpes"
24512,Cunlhat,Auvergne-Rhône-Alpes,Puy-de-Dôme,63590,45.63,3.563,"Cunlhat (63590), Auvergne-Rhône-Alpes"
24513,Dauzat-sur-Vodable,Auvergne-Rhône-Alpes,Puy-de-Dôme,63340,45.471,3.082,"Dauzat-sur-Vodable (63340), Auvergne-Rhône-Alpes"
24514,Davayat,Auvergne-Rhône-Alpes,Puy-de-Dôme,63200,45.947,3.115,"Davayat (63200), Auvergne-Rhône-Alpes"
24515,Domaize,Auvergne-Rhône-Alpes,Puy-de-Dôme,63520,45.686,3.533,"Domaize (63520), Auvergne-Rhône-Alpes"
24516,Doranges,Auvergne-Rhône-Alpes,Puy-de-Dôme,63220,45.4,3.606,"Doranges (63220), Auvergne-Rhône-Alpes"
24517,Dorat,Auvergne-Rhône-Alpes,Puy-de-Dôme,63300,45.896,3.481,"Dorat (63300), Auvergne-Rhône-Alpes"
24518,Dore-l'Église,Auvergne-Rhône-Alpes,Puy-de-Dôme,63220,45.378,3.757,"Dore-l'Église (63220), Auvergne-Rhône-Alpes"
24519,Durmignat,Auvergne-Rhône-Alpes,Puy-de-Dôme,63700,46.197,2.893,"Durmignat (63700), Auvergne-Rhône-Alpes"
24520,Durtol,Auvergne-Rhône-Alpes,Puy-de-Dôme,63830,45.796,3.052,"Durtol (63830), Auvergne-Rhône-Alpes"
24521,Échandelys,Auvergne-Rhône-Alpes,Puy-de-Dôme,63980,45.547,3.531,"Échandelys (63980), Auvergne-Rhône-Alpes"
24522,Effiat,Auvergne-Rhône-Alpes,Puy-de-Dôme,63260,46.044,3.269,"Effiat (63260), Auvergne-Rhône-Alpes"
24523,Égliseneuve-d'Entraigues,Auvergne-Rhône-Alpes,Puy-de-Dôme,63850,45.421,2.823,"Égliseneuve-d'Entraigues (63850), Auvergne-Rhône-Alpes"
24524,Égliseneuve-des-Liards,Auvergne-Rhône-Alpes,Puy-de-Dôme,63490,45.566,3.42,"Égliseneuve-des-Liards (63490), Auvergne-Rhône-Alpes"
24525,Égliseneuve-près-Billom,Auvergne-Rhône-Alpes,Puy-de-Dôme,63160,45.716,3.39,"Égliseneuve-près-Billom (63160), Auvergne-Rhône-Alpes"
24526,Églisolles,Auvergne-Rhône-Alpes,Puy-de-Dôme,63840,45.469,3.871,"Églisolles (63840), Auvergne-Rhône-Alpes"
24527,Ennezat,Auvergne-Rhône-Alpes,Puy-de-Dôme,63720,45.896,3.216,"Ennezat (63720), Auvergne-Rhône-Alpes"
24528,Entraigues,Auvergne-Rhône-Alpes,Puy-de-Dôme,63720,45.884,3.264,"Entraigues (63720), Auvergne-Rhône-Alpes"
24529,Enval,Auvergne-Rhône-Alpes,Puy-de-Dôme,63530,45.897,3.053,"Enval (63530), Auvergne-Rhône-Alpes"
24530,Escoutoux,Auvergne-Rhône-Alpes,Puy-de-Dôme,63300,45.816,3.554,"Escoutoux (63300), Auvergne-Rhône-Alpes"
24531,Espinasse,Auvergne-Rhône-Alpes,Puy-de-Dôme,63390,46.034,2.711,"Espinasse (63390), Auvergne-Rhône-Alpes"
24532,Espinchal,Auvergne-Rhône-Alpes,Puy-de-Dôme,63850,45.395,2.879,"Espinchal (63850), Auvergne-Rhône-Alpes"
24533,Espirat,Auvergne-Rhône-Alpes,Puy-de-Dôme,63160,45.753,3.335,"Espirat (63160), Auvergne-Rhône-Alpes"
24534,Estandeuil,Auvergne-Rhône-Alpes,Puy-de-Dôme,63520,45.682,3.444,"Estandeuil (63520), Auvergne-Rhône-Alpes"
24535,Esteil,Auvergne-Rhône-Alpes,Puy-de-Dôme,63570,45.453,3.367,"Esteil (63570), Auvergne-Rhône-Alpes"
24536,Fayet-le-Château,Auvergne-Rhône-Alpes,Puy-de-Dôme,63160,45.679,3.41,"Fayet-le-Château (63160), Auvergne-Rhône-Alpes"
24537,Fayet-Ronaye,Auvergne-Rhône-Alpes,Puy-de-Dôme,63630,45.419,3.536,"Fayet-Ronaye (63630), Auvergne-Rhône-Alpes"
24538,Fernoël,Auvergne-Rhône-Alpes,Puy-de-Dôme,63620,45.818,2.422,"Fernoël (63620), Auvergne-Rhône-Alpes"
24539,Aulhat-Flat,Auvergne-Rhône-Alpes,Puy-de-Dôme,63500,45.572,3.294,"Aulhat-Flat (63500), Auvergne-Rhône-Alpes"
24540,La Forie,Auvergne-Rhône-Alpes,Puy-de-Dôme,63600,45.589,3.754,"La Forie (63600), Auvergne-Rhône-Alpes"
24541,Fournols,Auvergne-Rhône-Alpes,Puy-de-Dôme,63980,45.521,3.589,"Fournols (63980), Auvergne-Rhône-Alpes"
24542,Gelles,Auvergne-Rhône-Alpes,Puy-de-Dôme,63740,45.762,2.771,"Gelles (63740), Auvergne-Rhône-Alpes"
24543,Gerzat,Auvergne-Rhône-Alpes,Puy-de-Dôme,63360,45.828,3.155,"Gerzat (63360), Auvergne-Rhône-Alpes"
24544,Giat,Auvergne-Rhône-Alpes,Puy-de-Dôme,63620,45.799,2.477,"Giat (63620), Auvergne-Rhône-Alpes"
24545,Gignat,Auvergne-Rhône-Alpes,Puy-de-Dôme,63340,45.486,3.218,"Gignat (63340), Auvergne-Rhône-Alpes"
24546,Gimeaux,Auvergne-Rhône-Alpes,Puy-de-Dôme,63200,45.949,3.098,"Gimeaux (63200), Auvergne-Rhône-Alpes"
24547,Glaine-Montaigut,Auvergne-Rhône-Alpes,Puy-de-Dôme,63160,45.751,3.386,"Glaine-Montaigut (63160), Auvergne-Rhône-Alpes"
24548,La Godivelle,Auvergne-Rhône-Alpes,Puy-de-Dôme,63850,45.39,2.917,"La Godivelle (63850), Auvergne-Rhône-Alpes"
24549,La Goutelle,Auvergne-Rhône-Alpes,Puy-de-Dôme,63230,45.844,2.747,"La Goutelle (63230), Auvergne-Rhône-Alpes"
24550,Gouttières,Auvergne-Rhône-Alpes,Puy-de-Dôme,63390,46.064,2.775,"Gouttières (63390), Auvergne-Rhône-Alpes"
24551,Grandeyrolles,Auvergne-Rhône-Alpes,Puy-de-Dôme,63320,45.583,3.047,"Grandeyrolles (63320), Auvergne-Rhône-Alpes"
24552,Grandrif,Auvergne-Rhône-Alpes,Puy-de-Dôme,63600,45.52,3.835,"Grandrif (63600), Auvergne-Rhône-Alpes"
24553,Grandval,Auvergne-Rhône-Alpes,Puy-de-Dôme,63890,45.596,3.651,"Grandval (63890), Auvergne-Rhône-Alpes"
24554,Herment,Auvergne-Rhône-Alpes,Puy-de-Dôme,63470,45.763,2.57,"Herment (63470), Auvergne-Rhône-Alpes"
24555,Heume-l'Église,Auvergne-Rhône-Alpes,Puy-de-Dôme,63210,45.721,2.721,"Heume-l'Église (63210), Auvergne-Rhône-Alpes"
24556,Isserteaux,Auvergne-Rhône-Alpes,Puy-de-Dôme,63270,45.653,3.381,"Isserteaux (63270), Auvergne-Rhône-Alpes"
24557,Issoire,Auvergne-Rhône-Alpes,Puy-de-Dôme,63500,45.546,3.245,"Issoire (63500), Auvergne-Rhône-Alpes"
24558,Job,Auvergne-Rhône-Alpes,Puy-de-Dôme,63990,45.628,3.763,"Job (63990), Auvergne-Rhône-Alpes"
24559,Joze,Auvergne-Rhône-Alpes,Puy-de-Dôme,63350,45.868,3.304,"Joze (63350), Auvergne-Rhône-Alpes"
24560,Jozerand,Auvergne-Rhône-Alpes,Puy-de-Dôme,63460,46.025,3.099,"Jozerand (63460), Auvergne-Rhône-Alpes"
24561,Jumeaux,Auvergne-Rhône-Alpes,Puy-de-Dôme,63570,45.434,3.348,"Jumeaux (63570), Auvergne-Rhône-Alpes"
24562,Labessette,Auvergne-Rhône-Alpes,Puy-de-Dôme,63690,45.496,2.536,"Labessette (63690), Auvergne-Rhône-Alpes"
24563,Lachaux,Auvergne-Rhône-Alpes,Puy-de-Dôme,63290,45.992,3.594,"Lachaux (63290), Auvergne-Rhône-Alpes"
24564,Lamontgie,Auvergne-Rhône-Alpes,Puy-de-Dôme,63570,45.475,3.329,"Lamontgie (63570), Auvergne-Rhône-Alpes"
24565,Landogne,Auvergne-Rhône-Alpes,Puy-de-Dôme,63380,45.883,2.649,"Landogne (63380), Auvergne-Rhône-Alpes"
24566,Lapeyrouse,Auvergne-Rhône-Alpes,Puy-de-Dôme,63700,46.232,2.878,"Lapeyrouse (63700), Auvergne-Rhône-Alpes"
24567,Laps,Auvergne-Rhône-Alpes,Puy-de-Dôme,63270,45.671,3.268,"Laps (63270), Auvergne-Rhône-Alpes"
24568,Laqueuille,Auvergne-Rhône-Alpes,Puy-de-Dôme,63820,45.651,2.746,"Laqueuille (63820), Auvergne-Rhône-Alpes"
24569,Larodde,Auvergne-Rhône-Alpes,Puy-de-Dôme,63690,45.524,2.554,"Larodde (63690), Auvergne-Rhône-Alpes"
24570,Lastic,Auvergne-Rhône-Alpes,Puy-de-Dôme,63760,45.7,2.571,"Lastic (63760), Auvergne-Rhône-Alpes"
24571,La Tour-d'Auvergne,Auvergne-Rhône-Alpes,Puy-de-Dôme,63680,45.544,2.708,"La Tour-d'Auvergne (63680), Auvergne-Rhône-Alpes"
24572,Lempdes,Auvergne-Rhône-Alpes,Puy-de-Dôme,63370,45.772,3.193,"Lempdes (63370), Auvergne-Rhône-Alpes"
24573,Lempty,Auvergne-Rhône-Alpes,Puy-de-Dôme,63190,45.829,3.33,"Lempty (63190), Auvergne-Rhône-Alpes"
24574,Lezoux,Auvergne-Rhône-Alpes,Puy-de-Dôme,63190,45.829,3.386,"Lezoux (63190), Auvergne-Rhône-Alpes"
24575,Limons,Auvergne-Rhône-Alpes,Puy-de-Dôme,63290,45.976,3.446,"Limons (63290), Auvergne-Rhône-Alpes"
24576,Lisseuil,Auvergne-Rhône-Alpes,Puy-de-Dôme,63440,46.057,2.934,"Lisseuil (63440), Auvergne-Rhône-Alpes"
24577,Loubeyrat,Auvergne-Rhône-Alpes,Puy-de-Dôme,63410,45.937,3.007,"Loubeyrat (63410), Auvergne-Rhône-Alpes"
24578,Ludesse,Auvergne-Rhône-Alpes,Puy-de-Dôme,63320,45.616,3.099,"Ludesse (63320), Auvergne-Rhône-Alpes"
24579,Lussat,Auvergne-Rhône-Alpes,Puy-de-Dôme,63360,45.838,3.226,"Lussat (63360), Auvergne-Rhône-Alpes"
24580,Luzillat,Auvergne-Rhône-Alpes,Puy-de-Dôme,63350,45.959,3.385,"Luzillat (63350), Auvergne-Rhône-Alpes"
24581,Madriat,Auvergne-Rhône-Alpes,Puy-de-Dôme,63340,45.435,3.176,"Madriat (63340), Auvergne-Rhône-Alpes"
24582,Malauzat,Auvergne-Rhône-Alpes,Puy-de-Dôme,63200,45.86,3.061,"Malauzat (63200), Auvergne-Rhône-Alpes"
24583,Malintrat,Auvergne-Rhône-Alpes,Puy-de-Dôme,63510,45.811,3.191,"Malintrat (63510), Auvergne-Rhône-Alpes"
24584,Manglieu,Auvergne-Rhône-Alpes,Puy-de-Dôme,63270,45.612,3.357,"Manglieu (63270), Auvergne-Rhône-Alpes"
24585,Manzat,Auvergne-Rhône-Alpes,Puy-de-Dôme,63410,45.945,2.94,"Manzat (63410), Auvergne-Rhône-Alpes"
24586,Marat,Auvergne-Rhône-Alpes,Puy-de-Dôme,63480,45.673,3.688,"Marat (63480), Auvergne-Rhône-Alpes"
24587,Marcillat,Auvergne-Rhône-Alpes,Puy-de-Dôme,63440,46.078,3.034,"Marcillat (63440), Auvergne-Rhône-Alpes"
24588,Mareugheol,Auvergne-Rhône-Alpes,Puy-de-Dôme,63340,45.484,3.162,"Mareugheol (63340), Auvergne-Rhône-Alpes"
24589,Maringues,Auvergne-Rhône-Alpes,Puy-de-Dôme,63350,45.921,3.338,"Maringues (63350), Auvergne-Rhône-Alpes"
24590,Marsac-en-Livradois,Auvergne-Rhône-Alpes,Puy-de-Dôme,63940,45.48,3.722,"Marsac-en-Livradois (63940), Auvergne-Rhône-Alpes"
24591,Marsat,Auvergne-Rhône-Alpes,Puy-de-Dôme,63200,45.873,3.083,"Marsat (63200), Auvergne-Rhône-Alpes"
24592,Les Martres-d'Artière,Auvergne-Rhône-Alpes,Puy-de-Dôme,63430,45.83,3.261,"Les Martres-d'Artière (63430), Auvergne-Rhône-Alpes"
24593,Les Martres-de-Veyre,Auvergne-Rhône-Alpes,Puy-de-Dôme,63730,45.686,3.2,"Les Martres-de-Veyre (63730), Auvergne-Rhône-Alpes"
24594,Martres-sur-Morge,Auvergne-Rhône-Alpes,Puy-de-Dôme,63720,45.937,3.219,"Martres-sur-Morge (63720), Auvergne-Rhône-Alpes"
24595,Mauzun,Auvergne-Rhône-Alpes,Puy-de-Dôme,63160,45.704,3.426,"Mauzun (63160), Auvergne-Rhône-Alpes"
24596,Mayres,Auvergne-Rhône-Alpes,Puy-de-Dôme,63220,45.387,3.7,"Mayres (63220), Auvergne-Rhône-Alpes"
24597,Mazaye,Auvergne-Rhône-Alpes,Puy-de-Dôme,63230,45.785,2.874,"Mazaye (63230), Auvergne-Rhône-Alpes"
24598,Mazoires,Auvergne-Rhône-Alpes,Puy-de-Dôme,63420,45.395,3.048,"Mazoires (63420), Auvergne-Rhône-Alpes"
24599,Medeyrolles,Auvergne-Rhône-Alpes,Puy-de-Dôme,63220,45.408,3.818,"Medeyrolles (63220), Auvergne-Rhône-Alpes"
24600,Meilhaud,Auvergne-Rhône-Alpes,Puy-de-Dôme,63320,45.543,3.166,"Meilhaud (63320), Auvergne-Rhône-Alpes"
24601,Menat,Auvergne-Rhône-Alpes,Puy-de-Dôme,63560,46.111,2.895,"Menat (63560), Auvergne-Rhône-Alpes"
24602,Ménétrol,Auvergne-Rhône-Alpes,Puy-de-Dôme,63200,45.861,3.133,"Ménétrol (63200), Auvergne-Rhône-Alpes"
24603,Messeix,Auvergne-Rhône-Alpes,Puy-de-Dôme,63750,45.612,2.534,"Messeix (63750), Auvergne-Rhône-Alpes"
24604,Mur-sur-Allier,Auvergne-Rhône-Alpes,Puy-de-Dôme,63115,45.749,3.241,"Mur-sur-Allier (63115), Auvergne-Rhône-Alpes"
24605,Mirefleurs,Auvergne-Rhône-Alpes,Puy-de-Dôme,63730,45.691,3.225,"Mirefleurs (63730), Auvergne-Rhône-Alpes"
24606,Miremont,Auvergne-Rhône-Alpes,Puy-de-Dôme,63380,45.908,2.718,"Miremont (63380), Auvergne-Rhône-Alpes"
24607,Moissat,Auvergne-Rhône-Alpes,Puy-de-Dôme,63190,45.778,3.353,"Moissat (63190), Auvergne-Rhône-Alpes"
24608,Le Monestier,Auvergne-Rhône-Alpes,Puy-de-Dôme,63890,45.558,3.652,"Le Monestier (63890), Auvergne-Rhône-Alpes"
24609,La Monnerie-le-Montel,Auvergne-Rhône-Alpes,Puy-de-Dôme,63650,45.873,3.612,"La Monnerie-le-Montel (63650), Auvergne-Rhône-Alpes"
24610,Mons,Auvergne-Rhône-Alpes,Puy-de-Dôme,63310,46.0,3.422,"Mons (63310), Auvergne-Rhône-Alpes"
24611,Montaigut-en-Combraille,Auvergne-Rhône-Alpes,Puy-de-Dôme,63700,46.18,2.802,"Montaigut-en-Combraille (63700), Auvergne-Rhône-Alpes"
24612,Montaigut-le-Blanc,Auvergne-Rhône-Alpes,Puy-de-Dôme,63320,45.586,3.079,"Montaigut-le-Blanc (63320), Auvergne-Rhône-Alpes"
24613,Montcel,Auvergne-Rhône-Alpes,Puy-de-Dôme,63460,46.015,3.064,"Montcel (63460), Auvergne-Rhône-Alpes"
24614,Mont-Dore,Auvergne-Rhône-Alpes,Puy-de-Dôme,63240,45.576,2.81,"Mont-Dore (63240), Auvergne-Rhône-Alpes"
24615,Montel-de-Gelat,Auvergne-Rhône-Alpes,Puy-de-Dôme,63380,45.939,2.586,"Montel-de-Gelat (63380), Auvergne-Rhône-Alpes"
24616,Montfermy,Auvergne-Rhône-Alpes,Puy-de-Dôme,63230,45.871,2.798,"Montfermy (63230), Auvergne-Rhône-Alpes"
24617,Montmorin,Auvergne-Rhône-Alpes,Puy-de-Dôme,63160,45.692,3.358,"Montmorin (63160), Auvergne-Rhône-Alpes"
24618,Montpensier,Auvergne-Rhône-Alpes,Puy-de-Dôme,63260,46.038,3.226,"Montpensier (63260), Auvergne-Rhône-Alpes"
24619,Montpeyroux,Auvergne-Rhône-Alpes,Puy-de-Dôme,63114,45.625,3.204,"Montpeyroux (63114), Auvergne-Rhône-Alpes"
24620,Moriat,Auvergne-Rhône-Alpes,Puy-de-Dôme,63340,45.405,3.259,"Moriat (63340), Auvergne-Rhône-Alpes"
24621,Moureuille,Auvergne-Rhône-Alpes,Puy-de-Dôme,63700,46.163,2.89,"Moureuille (63700), Auvergne-Rhône-Alpes"
24622,Chambaron sur Morge,Auvergne-Rhône-Alpes,Puy-de-Dôme,63200,45.968,3.151,"Chambaron sur Morge (63200), Auvergne-Rhône-Alpes"
24623,Mozac,Auvergne-Rhône-Alpes,Puy-de-Dôme,63200,45.892,3.085,"Mozac (63200), Auvergne-Rhône-Alpes"
24624,Murat-le-Quaire,Auvergne-Rhône-Alpes,Puy-de-Dôme,63150,45.604,2.759,"Murat-le-Quaire (63150), Auvergne-Rhône-Alpes"
24625,Murol,Auvergne-Rhône-Alpes,Puy-de-Dôme,63790,45.586,2.923,"Murol (63790), Auvergne-Rhône-Alpes"
24626,Nébouzat,Auvergne-Rhône-Alpes,Puy-de-Dôme,63210,45.718,2.919,"Nébouzat (63210), Auvergne-Rhône-Alpes"
24627,Néronde-sur-Dore,Auvergne-Rhône-Alpes,Puy-de-Dôme,63120,45.799,3.507,"Néronde-sur-Dore (63120), Auvergne-Rhône-Alpes"
24628,Neschers,Auvergne-Rhône-Alpes,Puy-de-Dôme,63320,45.592,3.165,"Neschers (63320), Auvergne-Rhône-Alpes"
24629,Neuf-Église,Auvergne-Rhône-Alpes,Puy-de-Dôme,63560,46.098,2.868,"Neuf-Église (63560), Auvergne-Rhône-Alpes"
24630,Neuville,Auvergne-Rhône-Alpes,Puy-de-Dôme,63160,45.751,3.443,"Neuville (63160), Auvergne-Rhône-Alpes"
24631,Noalhat,Auvergne-Rhône-Alpes,Puy-de-Dôme,63290,45.918,3.463,"Noalhat (63290), Auvergne-Rhône-Alpes"
24632,Nohanent,Auvergne-Rhône-Alpes,Puy-de-Dôme,63830,45.811,3.058,"Nohanent (63830), Auvergne-Rhône-Alpes"
24633,Nonette-Orsonnette,Auvergne-Rhône-Alpes,Puy-de-Dôme,63340,45.485,3.284,"Nonette-Orsonnette (63340), Auvergne-Rhône-Alpes"
24634,Novacelles,Auvergne-Rhône-Alpes,Puy-de-Dôme,63220,45.429,3.657,"Novacelles (63220), Auvergne-Rhône-Alpes"
24635,Olby,Auvergne-Rhône-Alpes,Puy-de-Dôme,63210,45.746,2.87,"Olby (63210), Auvergne-Rhône-Alpes"
24636,Olliergues,Auvergne-Rhône-Alpes,Puy-de-Dôme,63880,45.69,3.635,"Olliergues (63880), Auvergne-Rhône-Alpes"
24637,Olloix,Auvergne-Rhône-Alpes,Puy-de-Dôme,63450,45.623,3.051,"Olloix (63450), Auvergne-Rhône-Alpes"
24638,Olmet,Auvergne-Rhône-Alpes,Puy-de-Dôme,63880,45.716,3.664,"Olmet (63880), Auvergne-Rhône-Alpes"
24639,Orbeil,Auvergne-Rhône-Alpes,Puy-de-Dôme,63500,45.571,3.269,"Orbeil (63500), Auvergne-Rhône-Alpes"
24640,Orcet,Auvergne-Rhône-Alpes,Puy-de-Dôme,63670,45.705,3.174,"Orcet (63670), Auvergne-Rhône-Alpes"
24641,Orcines,Auvergne-Rhône-Alpes,Puy-de-Dôme,63870,45.787,2.997,"Orcines (63870), Auvergne-Rhône-Alpes"
24642,Orcival,Auvergne-Rhône-Alpes,Puy-de-Dôme,63210,45.656,2.839,"Orcival (63210), Auvergne-Rhône-Alpes"
24643,Orléat,Auvergne-Rhône-Alpes,Puy-de-Dôme,63190,45.86,3.439,"Orléat (63190), Auvergne-Rhône-Alpes"
24644,Palladuc,Auvergne-Rhône-Alpes,Puy-de-Dôme,63550,45.908,3.642,"Palladuc (63550), Auvergne-Rhône-Alpes"
24645,Pardines,Auvergne-Rhône-Alpes,Puy-de-Dôme,63500,45.562,3.182,"Pardines (63500), Auvergne-Rhône-Alpes"
24646,Parent,Auvergne-Rhône-Alpes,Puy-de-Dôme,63270,45.623,3.226,"Parent (63270), Auvergne-Rhône-Alpes"
24647,Parentignat,Auvergne-Rhône-Alpes,Puy-de-Dôme,63500,45.531,3.287,"Parentignat (63500), Auvergne-Rhône-Alpes"
24648,Paslières,Auvergne-Rhône-Alpes,Puy-de-Dôme,63290,45.923,3.508,"Paslières (63290), Auvergne-Rhône-Alpes"
24649,Pérignat-lès-Sarliève,Auvergne-Rhône-Alpes,Puy-de-Dôme,63170,45.733,3.143,"Pérignat-lès-Sarliève (63170), Auvergne-Rhône-Alpes"
24650,Pérignat-sur-Allier,Auvergne-Rhône-Alpes,Puy-de-Dôme,63800,45.727,3.234,"Pérignat-sur-Allier (63800), Auvergne-Rhône-Alpes"
24651,Perpezat,Auvergne-Rhône-Alpes,Puy-de-Dôme,63210,45.672,2.776,"Perpezat (63210), Auvergne-Rhône-Alpes"
24652,Perrier,Auvergne-Rhône-Alpes,Puy-de-Dôme,63500,45.545,3.199,"Perrier (63500), Auvergne-Rhône-Alpes"
24653,Peschadoires,Auvergne-Rhône-Alpes,Puy-de-Dôme,63920,45.827,3.481,"Peschadoires (63920), Auvergne-Rhône-Alpes"
24654,Peslières,Auvergne-Rhône-Alpes,Puy-de-Dôme,63580,45.438,3.474,"Peslières (63580), Auvergne-Rhône-Alpes"
24655,Pessat-Villeneuve,Auvergne-Rhône-Alpes,Puy-de-Dôme,63200,45.923,3.158,"Pessat-Villeneuve (63200), Auvergne-Rhône-Alpes"
24656,Picherande,Auvergne-Rhône-Alpes,Puy-de-Dôme,63113,45.47,2.792,"Picherande (63113), Auvergne-Rhône-Alpes"
24657,Pignols,Auvergne-Rhône-Alpes,Puy-de-Dôme,63270,45.65,3.286,"Pignols (63270), Auvergne-Rhône-Alpes"
24658,Pionsat,Auvergne-Rhône-Alpes,Puy-de-Dôme,63330,46.12,2.685,"Pionsat (63330), Auvergne-Rhône-Alpes"
24659,Plauzat,Auvergne-Rhône-Alpes,Puy-de-Dôme,63730,45.62,3.148,"Plauzat (63730), Auvergne-Rhône-Alpes"
24660,Pontaumur,Auvergne-Rhône-Alpes,Puy-de-Dôme,63380,45.86,2.682,"Pontaumur (63380), Auvergne-Rhône-Alpes"
24661,Pont-du-Château,Auvergne-Rhône-Alpes,Puy-de-Dôme,63430,45.798,3.24,"Pont-du-Château (63430), Auvergne-Rhône-Alpes"
24662,Pontgibaud,Auvergne-Rhône-Alpes,Puy-de-Dôme,63230,45.827,2.854,"Pontgibaud (63230), Auvergne-Rhône-Alpes"
24663,Pouzol,Auvergne-Rhône-Alpes,Puy-de-Dôme,63440,46.094,2.974,"Pouzol (63440), Auvergne-Rhône-Alpes"
24664,Les Pradeaux,Auvergne-Rhône-Alpes,Puy-de-Dôme,63500,45.513,3.292,"Les Pradeaux (63500), Auvergne-Rhône-Alpes"
24665,Prompsat,Auvergne-Rhône-Alpes,Puy-de-Dôme,63200,45.945,3.072,"Prompsat (63200), Auvergne-Rhône-Alpes"
24666,Prondines,Auvergne-Rhône-Alpes,Puy-de-Dôme,63470,45.759,2.684,"Prondines (63470), Auvergne-Rhône-Alpes"
24667,Pulvérières,Auvergne-Rhône-Alpes,Puy-de-Dôme,63230,45.882,2.922,"Pulvérières (63230), Auvergne-Rhône-Alpes"
24668,Puy-Guillaume,Auvergne-Rhône-Alpes,Puy-de-Dôme,63290,45.961,3.497,"Puy-Guillaume (63290), Auvergne-Rhône-Alpes"
24669,Puy-Saint-Gulmier,Auvergne-Rhône-Alpes,Puy-de-Dôme,63470,45.795,2.627,"Puy-Saint-Gulmier (63470), Auvergne-Rhône-Alpes"
24670,Le Quartier,Auvergne-Rhône-Alpes,Puy-de-Dôme,63330,46.122,2.761,"Le Quartier (63330), Auvergne-Rhône-Alpes"
24671,Queuille,Auvergne-Rhône-Alpes,Puy-de-Dôme,63780,45.973,2.837,"Queuille (63780), Auvergne-Rhône-Alpes"
24672,Randan,Auvergne-Rhône-Alpes,Puy-de-Dôme,63310,46.012,3.364,"Randan (63310), Auvergne-Rhône-Alpes"
24673,Ravel,Auvergne-Rhône-Alpes,Puy-de-Dôme,63190,45.787,3.395,"Ravel (63190), Auvergne-Rhône-Alpes"
24674,Reignat,Auvergne-Rhône-Alpes,Puy-de-Dôme,63160,45.749,3.356,"Reignat (63160), Auvergne-Rhône-Alpes"
24675,La Renaudie,Auvergne-Rhône-Alpes,Puy-de-Dôme,63930,45.742,3.71,"La Renaudie (63930), Auvergne-Rhône-Alpes"
24676,Rentières,Auvergne-Rhône-Alpes,Puy-de-Dôme,63420,45.425,3.12,"Rentières (63420), Auvergne-Rhône-Alpes"
24677,Riom,Auvergne-Rhône-Alpes,Puy-de-Dôme,63200,45.894,3.132,"Riom (63200), Auvergne-Rhône-Alpes"
24678,Ris,Auvergne-Rhône-Alpes,Puy-de-Dôme,63290,46.004,3.513,"Ris (63290), Auvergne-Rhône-Alpes"
24679,La Roche-Blanche,Auvergne-Rhône-Alpes,Puy-de-Dôme,63670,45.714,3.138,"La Roche-Blanche (63670), Auvergne-Rhône-Alpes"
24680,Roche-Charles-la-Mayrand,Auvergne-Rhône-Alpes,Puy-de-Dôme,63420,45.448,3.02,"Roche-Charles-la-Mayrand (63420), Auvergne-Rhône-Alpes"
24681,Roche-d'Agoux,Auvergne-Rhône-Alpes,Puy-de-Dôme,63330,46.041,2.642,"Roche-d'Agoux (63330), Auvergne-Rhône-Alpes"
24682,Rochefort-Montagne,Auvergne-Rhône-Alpes,Puy-de-Dôme,63210,45.682,2.809,"Rochefort-Montagne (63210), Auvergne-Rhône-Alpes"
24683,La Roche-Noire,Auvergne-Rhône-Alpes,Puy-de-Dôme,63800,45.714,3.223,"La Roche-Noire (63800), Auvergne-Rhône-Alpes"
24684,Romagnat,Auvergne-Rhône-Alpes,Puy-de-Dôme,63540,45.721,3.088,"Romagnat (63540), Auvergne-Rhône-Alpes"
24685,Royat,Auvergne-Rhône-Alpes,Puy-de-Dôme,63130,45.758,3.041,"Royat (63130), Auvergne-Rhône-Alpes"
24686,Saillant,Auvergne-Rhône-Alpes,Puy-de-Dôme,63840,45.449,3.926,"Saillant (63840), Auvergne-Rhône-Alpes"
24687,Sainte-Agathe,Auvergne-Rhône-Alpes,Puy-de-Dôme,63120,45.821,3.623,"Sainte-Agathe (63120), Auvergne-Rhône-Alpes"
24688,Saint-Agoulin,Auvergne-Rhône-Alpes,Puy-de-Dôme,63260,46.04,3.129,"Saint-Agoulin (63260), Auvergne-Rhône-Alpes"
24689,Saint-Alyre-d'Arlanc,Auvergne-Rhône-Alpes,Puy-de-Dôme,63220,45.368,3.627,"Saint-Alyre-d'Arlanc (63220), Auvergne-Rhône-Alpes"
24690,Saint-Alyre-ès-Montagne,Auvergne-Rhône-Alpes,Puy-de-Dôme,63420,45.38,2.972,"Saint-Alyre-ès-Montagne (63420), Auvergne-Rhône-Alpes"
24691,Saint-Amant-Roche-Savine,Auvergne-Rhône-Alpes,Puy-de-Dôme,63890,45.578,3.607,"Saint-Amant-Roche-Savine (63890), Auvergne-Rhône-Alpes"
24692,Saint-Amant-Tallende,Auvergne-Rhône-Alpes,Puy-de-Dôme,63450,45.667,3.11,"Saint-Amant-Tallende (63450), Auvergne-Rhône-Alpes"
24693,Saint-André-le-Coq,Auvergne-Rhône-Alpes,Puy-de-Dôme,63310,45.958,3.308,"Saint-André-le-Coq (63310), Auvergne-Rhône-Alpes"
24694,Saint-Angel,Auvergne-Rhône-Alpes,Puy-de-Dôme,63410,46.002,2.94,"Saint-Angel (63410), Auvergne-Rhône-Alpes"
24695,Saint-Anthème,Auvergne-Rhône-Alpes,Puy-de-Dôme,63660,45.556,3.896,"Saint-Anthème (63660), Auvergne-Rhône-Alpes"
24696,Saint-Avit,Auvergne-Rhône-Alpes,Puy-de-Dôme,63380,45.876,2.526,"Saint-Avit (63380), Auvergne-Rhône-Alpes"
24697,Saint-Babel,Auvergne-Rhône-Alpes,Puy-de-Dôme,63500,45.603,3.3,"Saint-Babel (63500), Auvergne-Rhône-Alpes"
24698,Saint-Beauzire,Auvergne-Rhône-Alpes,Puy-de-Dôme,63360,45.854,3.184,"Saint-Beauzire (63360), Auvergne-Rhône-Alpes"
24699,Saint-Bonnet-le-Bourg,Auvergne-Rhône-Alpes,Puy-de-Dôme,63630,45.437,3.596,"Saint-Bonnet-le-Bourg (63630), Auvergne-Rhône-Alpes"
24700,Saint-Bonnet-le-Chastel,Auvergne-Rhône-Alpes,Puy-de-Dôme,63630,45.461,3.638,"Saint-Bonnet-le-Chastel (63630), Auvergne-Rhône-Alpes"
24701,Saint-Bonnet-lès-Allier,Auvergne-Rhône-Alpes,Puy-de-Dôme,63800,45.739,3.255,"Saint-Bonnet-lès-Allier (63800), Auvergne-Rhône-Alpes"
24702,Saint-Bonnet-près-Orcival,Auvergne-Rhône-Alpes,Puy-de-Dôme,63210,45.708,2.864,"Saint-Bonnet-près-Orcival (63210), Auvergne-Rhône-Alpes"
24703,Saint-Bonnet-près-Riom,Auvergne-Rhône-Alpes,Puy-de-Dôme,63200,45.928,3.116,"Saint-Bonnet-près-Riom (63200), Auvergne-Rhône-Alpes"
24704,Sainte-Catherine,Auvergne-Rhône-Alpes,Puy-de-Dôme,63580,45.451,3.478,"Sainte-Catherine (63580), Auvergne-Rhône-Alpes"
24705,Sainte-Christine,Auvergne-Rhône-Alpes,Puy-de-Dôme,63390,46.072,2.831,"Sainte-Christine (63390), Auvergne-Rhône-Alpes"
24706,Saint-Cirgues-sur-Couze,Auvergne-Rhône-Alpes,Puy-de-Dôme,63320,45.546,3.144,"Saint-Cirgues-sur-Couze (63320), Auvergne-Rhône-Alpes"
24707,Saint-Clément-de-Valorgue,Auvergne-Rhône-Alpes,Puy-de-Dôme,63660,45.501,3.936,"Saint-Clément-de-Valorgue (63660), Auvergne-Rhône-Alpes"
24708,Saint-Clément-de-Régnat,Auvergne-Rhône-Alpes,Puy-de-Dôme,63310,45.998,3.295,"Saint-Clément-de-Régnat (63310), Auvergne-Rhône-Alpes"
24709,Saint-Denis-Combarnazat,Auvergne-Rhône-Alpes,Puy-de-Dôme,63310,45.976,3.348,"Saint-Denis-Combarnazat (63310), Auvergne-Rhône-Alpes"
24710,Saint-Dier-d'Auvergne,Auvergne-Rhône-Alpes,Puy-de-Dôme,63520,45.67,3.482,"Saint-Dier-d'Auvergne (63520), Auvergne-Rhône-Alpes"
24711,Saint-Diéry,Auvergne-Rhône-Alpes,Puy-de-Dôme,63320,45.54,3.009,"Saint-Diéry (63320), Auvergne-Rhône-Alpes"
24712,Saint-Donat,Auvergne-Rhône-Alpes,Puy-de-Dôme,63680,45.463,2.704,"Saint-Donat (63680), Auvergne-Rhône-Alpes"
24713,Saint-Éloy-la-Glacière,Auvergne-Rhône-Alpes,Puy-de-Dôme,63890,45.564,3.567,"Saint-Éloy-la-Glacière (63890), Auvergne-Rhône-Alpes"
24714,Saint-Éloy-les-Mines,Auvergne-Rhône-Alpes,Puy-de-Dôme,63700,46.164,2.843,"Saint-Éloy-les-Mines (63700), Auvergne-Rhône-Alpes"
24715,Saint-Étienne-des-Champs,Auvergne-Rhône-Alpes,Puy-de-Dôme,63380,45.817,2.58,"Saint-Étienne-des-Champs (63380), Auvergne-Rhône-Alpes"
24716,Saint-Étienne-sur-Usson,Auvergne-Rhône-Alpes,Puy-de-Dôme,63580,45.508,3.401,"Saint-Étienne-sur-Usson (63580), Auvergne-Rhône-Alpes"
24717,Saint-Ferréol-des-Côtes,Auvergne-Rhône-Alpes,Puy-de-Dôme,63600,45.536,3.698,"Saint-Ferréol-des-Côtes (63600), Auvergne-Rhône-Alpes"
24718,Saint-Floret,Auvergne-Rhône-Alpes,Puy-de-Dôme,63320,45.539,3.094,"Saint-Floret (63320), Auvergne-Rhône-Alpes"
24719,Saint-Flour-l'Étang,Auvergne-Rhône-Alpes,Puy-de-Dôme,63520,45.711,3.51,"Saint-Flour-l'Étang (63520), Auvergne-Rhône-Alpes"
24720,Saint-Gal-sur-Sioule,Auvergne-Rhône-Alpes,Puy-de-Dôme,63440,46.108,2.994,"Saint-Gal-sur-Sioule (63440), Auvergne-Rhône-Alpes"
24721,Saint-Genès-Champanelle,Auvergne-Rhône-Alpes,Puy-de-Dôme,63122,45.723,2.999,"Saint-Genès-Champanelle (63122), Auvergne-Rhône-Alpes"
24722,Saint-Genès-Champespe,Auvergne-Rhône-Alpes,Puy-de-Dôme,63850,45.416,2.725,"Saint-Genès-Champespe (63850), Auvergne-Rhône-Alpes"
24723,Saint-Genès-du-Retz,Auvergne-Rhône-Alpes,Puy-de-Dôme,63260,46.063,3.212,"Saint-Genès-du-Retz (63260), Auvergne-Rhône-Alpes"
24724,Saint-Genès-la-Tourette,Auvergne-Rhône-Alpes,Puy-de-Dôme,63580,45.518,3.481,"Saint-Genès-la-Tourette (63580), Auvergne-Rhône-Alpes"
24725,Saint-Georges-de-Mons,Auvergne-Rhône-Alpes,Puy-de-Dôme,63780,45.943,2.865,"Saint-Georges-de-Mons (63780), Auvergne-Rhône-Alpes"
24726,Saint-Georges-sur-Allier,Auvergne-Rhône-Alpes,Puy-de-Dôme,63800,45.715,3.261,"Saint-Georges-sur-Allier (63800), Auvergne-Rhône-Alpes"
24727,Saint-Germain-près-Herment,Auvergne-Rhône-Alpes,Puy-de-Dôme,63470,45.724,2.553,"Saint-Germain-près-Herment (63470), Auvergne-Rhône-Alpes"
24728,Saint-Germain-Lembron,Auvergne-Rhône-Alpes,Puy-de-Dôme,63340,45.453,3.243,"Saint-Germain-Lembron (63340), Auvergne-Rhône-Alpes"
24729,Saint-Germain-l'Herm,Auvergne-Rhône-Alpes,Puy-de-Dôme,63630,45.463,3.545,"Saint-Germain-l'Herm (63630), Auvergne-Rhône-Alpes"
24730,Saint-Gervais-d'Auvergne,Auvergne-Rhône-Alpes,Puy-de-Dôme,63390,46.019,2.831,"Saint-Gervais-d'Auvergne (63390), Auvergne-Rhône-Alpes"
24731,Saint-Gervais-sous-Meymont,Auvergne-Rhône-Alpes,Puy-de-Dôme,63880,45.67,3.613,"Saint-Gervais-sous-Meymont (63880), Auvergne-Rhône-Alpes"
24732,Saint-Gervazy,Auvergne-Rhône-Alpes,Puy-de-Dôme,63340,45.401,3.213,"Saint-Gervazy (63340), Auvergne-Rhône-Alpes"
24733,Saint-Hérent,Auvergne-Rhône-Alpes,Puy-de-Dôme,63340,45.46,3.14,"Saint-Hérent (63340), Auvergne-Rhône-Alpes"
24734,Saint-Hilaire-la-Croix,Auvergne-Rhône-Alpes,Puy-de-Dôme,63440,46.04,3.045,"Saint-Hilaire-la-Croix (63440), Auvergne-Rhône-Alpes"
24735,Saint-Hilaire-les-Monges,Auvergne-Rhône-Alpes,Puy-de-Dôme,63380,45.808,2.665,"Saint-Hilaire-les-Monges (63380), Auvergne-Rhône-Alpes"
24736,Saint-Hilaire,Auvergne-Rhône-Alpes,Puy-de-Dôme,63330,46.106,2.62,"Saint-Hilaire (63330), Auvergne-Rhône-Alpes"
24737,Saint-Ignat,Auvergne-Rhône-Alpes,Puy-de-Dôme,63720,45.92,3.273,"Saint-Ignat (63720), Auvergne-Rhône-Alpes"
24738,Saint-Jacques-d'Ambur,Auvergne-Rhône-Alpes,Puy-de-Dôme,63230,45.897,2.766,"Saint-Jacques-d'Ambur (63230), Auvergne-Rhône-Alpes"
24739,Saint-Jean-d'Heurs,Auvergne-Rhône-Alpes,Puy-de-Dôme,63190,45.815,3.446,"Saint-Jean-d'Heurs (63190), Auvergne-Rhône-Alpes"
24740,Saint-Jean-des-Ollières,Auvergne-Rhône-Alpes,Puy-de-Dôme,63520,45.642,3.437,"Saint-Jean-des-Ollières (63520), Auvergne-Rhône-Alpes"
24741,Saint-Jean-en-Val,Auvergne-Rhône-Alpes,Puy-de-Dôme,63490,45.513,3.365,"Saint-Jean-en-Val (63490), Auvergne-Rhône-Alpes"
24742,Saint-Jean-Saint-Gervais,Auvergne-Rhône-Alpes,Puy-de-Dôme,63570,45.422,3.388,"Saint-Jean-Saint-Gervais (63570), Auvergne-Rhône-Alpes"
24743,Saint-Julien-de-Coppel,Auvergne-Rhône-Alpes,Puy-de-Dôme,63160,45.69,3.311,"Saint-Julien-de-Coppel (63160), Auvergne-Rhône-Alpes"
24744,Saint-Julien-la-Geneste,Auvergne-Rhône-Alpes,Puy-de-Dôme,63390,46.049,2.741,"Saint-Julien-la-Geneste (63390), Auvergne-Rhône-Alpes"
24745,Saint-Julien-Puy-Lavèze,Auvergne-Rhône-Alpes,Puy-de-Dôme,63820,45.662,2.68,"Saint-Julien-Puy-Lavèze (63820), Auvergne-Rhône-Alpes"
24746,Saint-Just,Auvergne-Rhône-Alpes,Puy-de-Dôme,63600,45.458,3.81,"Saint-Just (63600), Auvergne-Rhône-Alpes"
24747,Saint-Laure,Auvergne-Rhône-Alpes,Puy-de-Dôme,63350,45.898,3.293,"Saint-Laure (63350), Auvergne-Rhône-Alpes"
24748,Saint-Maigner,Auvergne-Rhône-Alpes,Puy-de-Dôme,63330,46.078,2.686,"Saint-Maigner (63330), Auvergne-Rhône-Alpes"
24749,Saint-Martin-des-Olmes,Auvergne-Rhône-Alpes,Puy-de-Dôme,63600,45.527,3.804,"Saint-Martin-des-Olmes (63600), Auvergne-Rhône-Alpes"
24750,Saint-Martin-des-Plains,Auvergne-Rhône-Alpes,Puy-de-Dôme,63570,45.495,3.311,"Saint-Martin-des-Plains (63570), Auvergne-Rhône-Alpes"
24751,Saint-Martin-d'Ollières,Auvergne-Rhône-Alpes,Puy-de-Dôme,63580,45.417,3.449,"Saint-Martin-d'Ollières (63580), Auvergne-Rhône-Alpes"
24752,Saint-Maurice-près-Pionsat,Auvergne-Rhône-Alpes,Puy-de-Dôme,63330,46.069,2.593,"Saint-Maurice-près-Pionsat (63330), Auvergne-Rhône-Alpes"
24753,Saint-Maurice,Auvergne-Rhône-Alpes,Puy-de-Dôme,63270,45.671,3.238,"Saint-Maurice (63270), Auvergne-Rhône-Alpes"
24754,Saint-Myon,Auvergne-Rhône-Alpes,Puy-de-Dôme,63460,45.987,3.13,"Saint-Myon (63460), Auvergne-Rhône-Alpes"
24755,Saint-Nectaire,Auvergne-Rhône-Alpes,Puy-de-Dôme,63710,45.592,2.998,"Saint-Nectaire (63710), Auvergne-Rhône-Alpes"
24756,Saint-Ours,Auvergne-Rhône-Alpes,Puy-de-Dôme,63230,45.839,2.916,"Saint-Ours (63230), Auvergne-Rhône-Alpes"
24757,Saint-Pardoux,Auvergne-Rhône-Alpes,Puy-de-Dôme,63440,46.054,3.005,"Saint-Pardoux (63440), Auvergne-Rhône-Alpes"
24758,Saint-Pierre-Colamine,Auvergne-Rhône-Alpes,Puy-de-Dôme,63610,45.514,2.975,"Saint-Pierre-Colamine (63610), Auvergne-Rhône-Alpes"
24759,Saint-Pierre-la-Bourlhonne,Auvergne-Rhône-Alpes,Puy-de-Dôme,63480,45.677,3.755,"Saint-Pierre-la-Bourlhonne (63480), Auvergne-Rhône-Alpes"
24760,Saint-Pierre-le-Chastel,Auvergne-Rhône-Alpes,Puy-de-Dôme,63230,45.794,2.836,"Saint-Pierre-le-Chastel (63230), Auvergne-Rhône-Alpes"
24761,Saint-Pierre-Roche,Auvergne-Rhône-Alpes,Puy-de-Dôme,63210,45.729,2.815,"Saint-Pierre-Roche (63210), Auvergne-Rhône-Alpes"
24762,Saint-Priest-Bramefant,Auvergne-Rhône-Alpes,Puy-de-Dôme,63310,46.029,3.44,"Saint-Priest-Bramefant (63310), Auvergne-Rhône-Alpes"
24763,Saint-Priest-des-Champs,Auvergne-Rhône-Alpes,Puy-de-Dôme,63640,45.972,2.749,"Saint-Priest-des-Champs (63640), Auvergne-Rhône-Alpes"
24764,Saint-Quentin-sur-Sauxillanges,Auvergne-Rhône-Alpes,Puy-de-Dôme,63490,45.545,3.416,"Saint-Quentin-sur-Sauxillanges (63490), Auvergne-Rhône-Alpes"
24765,Saint-Quintin-sur-Sioule,Auvergne-Rhône-Alpes,Puy-de-Dôme,63440,46.092,3.07,"Saint-Quintin-sur-Sioule (63440), Auvergne-Rhône-Alpes"
24766,Saint-Rémy-de-Blot,Auvergne-Rhône-Alpes,Puy-de-Dôme,63440,46.077,2.948,"Saint-Rémy-de-Blot (63440), Auvergne-Rhône-Alpes"
24767,Saint-Rémy-de-Chargnat,Auvergne-Rhône-Alpes,Puy-de-Dôme,63500,45.51,3.325,"Saint-Rémy-de-Chargnat (63500), Auvergne-Rhône-Alpes"
24768,Saint-Rémy-sur-Durolle,Auvergne-Rhône-Alpes,Puy-de-Dôme,63550,45.896,3.585,"Saint-Rémy-sur-Durolle (63550), Auvergne-Rhône-Alpes"
24769,Saint-Romain,Auvergne-Rhône-Alpes,Puy-de-Dôme,63660,45.492,3.896,"Saint-Romain (63660), Auvergne-Rhône-Alpes"
24770,Saint-Sandoux,Auvergne-Rhône-Alpes,Puy-de-Dôme,63450,45.638,3.108,"Saint-Sandoux (63450), Auvergne-Rhône-Alpes"
24771,Saint-Saturnin,Auvergne-Rhône-Alpes,Puy-de-Dôme,63450,45.664,3.074,"Saint-Saturnin (63450), Auvergne-Rhône-Alpes"
24772,Saint-Sauves-d'Auvergne,Auvergne-Rhône-Alpes,Puy-de-Dôme,63950,45.612,2.693,"Saint-Sauves-d'Auvergne (63950), Auvergne-Rhône-Alpes"
24773,Saint-Sauveur-la-Sagne,Auvergne-Rhône-Alpes,Puy-de-Dôme,63220,45.395,3.664,"Saint-Sauveur-la-Sagne (63220), Auvergne-Rhône-Alpes"
24774,Saint-Sulpice,Auvergne-Rhône-Alpes,Puy-de-Dôme,63760,45.647,2.62,"Saint-Sulpice (63760), Auvergne-Rhône-Alpes"
24775,Saint-Sylvestre-Pragoulin,Auvergne-Rhône-Alpes,Puy-de-Dôme,63310,46.049,3.396,"Saint-Sylvestre-Pragoulin (63310), Auvergne-Rhône-Alpes"
24776,Saint-Victor-la-Rivière,Auvergne-Rhône-Alpes,Puy-de-Dôme,63790,45.549,2.935,"Saint-Victor-la-Rivière (63790), Auvergne-Rhône-Alpes"
24777,Saint-Victor-Montvianeix,Auvergne-Rhône-Alpes,Puy-de-Dôme,63550,45.938,3.611,"Saint-Victor-Montvianeix (63550), Auvergne-Rhône-Alpes"
24778,Saint-Vincent,Auvergne-Rhône-Alpes,Puy-de-Dôme,63320,45.547,3.126,"Saint-Vincent (63320), Auvergne-Rhône-Alpes"
24779,Saint-Yvoine,Auvergne-Rhône-Alpes,Puy-de-Dôme,63500,45.575,3.226,"Saint-Yvoine (63500), Auvergne-Rhône-Alpes"
24780,Sallèdes,Auvergne-Rhône-Alpes,Puy-de-Dôme,63270,45.646,3.326,"Sallèdes (63270), Auvergne-Rhône-Alpes"
24781,Sardon,Auvergne-Rhône-Alpes,Puy-de-Dôme,63260,45.963,3.223,"Sardon (63260), Auvergne-Rhône-Alpes"
24782,Saulzet-le-Froid,Auvergne-Rhône-Alpes,Puy-de-Dôme,63970,45.631,2.892,"Saulzet-le-Froid (63970), Auvergne-Rhône-Alpes"
24783,Sauret-Besserve,Auvergne-Rhône-Alpes,Puy-de-Dôme,63390,45.99,2.803,"Sauret-Besserve (63390), Auvergne-Rhône-Alpes"
24784,Saurier,Auvergne-Rhône-Alpes,Puy-de-Dôme,63320,45.536,3.055,"Saurier (63320), Auvergne-Rhône-Alpes"
24785,Sauvagnat,Auvergne-Rhône-Alpes,Puy-de-Dôme,63470,45.756,2.609,"Sauvagnat (63470), Auvergne-Rhône-Alpes"
24786,Sauvagnat-Sainte-Marthe,Auvergne-Rhône-Alpes,Puy-de-Dôme,63500,45.59,3.208,"Sauvagnat-Sainte-Marthe (63500), Auvergne-Rhône-Alpes"
24787,Sauvessanges,Auvergne-Rhône-Alpes,Puy-de-Dôme,63840,45.393,3.865,"Sauvessanges (63840), Auvergne-Rhône-Alpes"
24788,La Sauvetat,Auvergne-Rhône-Alpes,Puy-de-Dôme,63730,45.642,3.165,"La Sauvetat (63730), Auvergne-Rhône-Alpes"
24789,Sauviat,Auvergne-Rhône-Alpes,Puy-de-Dôme,63120,45.719,3.557,"Sauviat (63120), Auvergne-Rhône-Alpes"
24790,Sauxillanges,Auvergne-Rhône-Alpes,Puy-de-Dôme,63490,45.563,3.372,"Sauxillanges (63490), Auvergne-Rhône-Alpes"
24791,Savennes,Auvergne-Rhône-Alpes,Puy-de-Dôme,63750,45.58,2.497,"Savennes (63750), Auvergne-Rhône-Alpes"
24792,Sayat,Auvergne-Rhône-Alpes,Puy-de-Dôme,63530,45.839,3.034,"Sayat (63530), Auvergne-Rhône-Alpes"
24793,Sermentizon,Auvergne-Rhône-Alpes,Puy-de-Dôme,63120,45.764,3.486,"Sermentizon (63120), Auvergne-Rhône-Alpes"
24794,Servant,Auvergne-Rhône-Alpes,Puy-de-Dôme,63560,46.138,2.932,"Servant (63560), Auvergne-Rhône-Alpes"
24795,Seychalles,Auvergne-Rhône-Alpes,Puy-de-Dôme,63190,45.806,3.336,"Seychalles (63190), Auvergne-Rhône-Alpes"
24796,Singles,Auvergne-Rhône-Alpes,Puy-de-Dôme,63690,45.56,2.552,"Singles (63690), Auvergne-Rhône-Alpes"
24797,Solignat,Auvergne-Rhône-Alpes,Puy-de-Dôme,63500,45.523,3.185,"Solignat (63500), Auvergne-Rhône-Alpes"
24798,Sugères,Auvergne-Rhône-Alpes,Puy-de-Dôme,63490,45.6,3.412,"Sugères (63490), Auvergne-Rhône-Alpes"
24799,Surat,Auvergne-Rhône-Alpes,Puy-de-Dôme,63720,45.94,3.259,"Surat (63720), Auvergne-Rhône-Alpes"
24800,Tallende,Auvergne-Rhône-Alpes,Puy-de-Dôme,63450,45.662,3.134,"Tallende (63450), Auvergne-Rhône-Alpes"
24801,Tauves,Auvergne-Rhône-Alpes,Puy-de-Dôme,63690,45.564,2.627,"Tauves (63690), Auvergne-Rhône-Alpes"
24802,Teilhède,Auvergne-Rhône-Alpes,Puy-de-Dôme,63460,45.962,3.052,"Teilhède (63460), Auvergne-Rhône-Alpes"
24803,Teilhet,Auvergne-Rhône-Alpes,Puy-de-Dôme,63560,46.102,2.816,"Teilhet (63560), Auvergne-Rhône-Alpes"
24804,Ternant-les-Eaux,Auvergne-Rhône-Alpes,Puy-de-Dôme,63340,45.481,3.128,"Ternant-les-Eaux (63340), Auvergne-Rhône-Alpes"
24805,Thiers,Auvergne-Rhône-Alpes,Puy-de-Dôme,63300,45.862,3.54,"Thiers (63300), Auvergne-Rhône-Alpes"
24806,Thiolières,Auvergne-Rhône-Alpes,Puy-de-Dôme,63600,45.582,3.694,"Thiolières (63600), Auvergne-Rhône-Alpes"
24807,Thuret,Auvergne-Rhône-Alpes,Puy-de-Dôme,63260,45.974,3.262,"Thuret (63260), Auvergne-Rhône-Alpes"
24808,Tortebesse,Auvergne-Rhône-Alpes,Puy-de-Dôme,63470,45.727,2.66,"Tortebesse (63470), Auvergne-Rhône-Alpes"
24809,Tours-sur-Meymont,Auvergne-Rhône-Alpes,Puy-de-Dôme,63590,45.674,3.576,"Tours-sur-Meymont (63590), Auvergne-Rhône-Alpes"
24810,Tourzel-Ronzières,Auvergne-Rhône-Alpes,Puy-de-Dôme,63320,45.521,3.118,"Tourzel-Ronzières (63320), Auvergne-Rhône-Alpes"
24811,Tralaigues,Auvergne-Rhône-Alpes,Puy-de-Dôme,63380,45.901,2.594,"Tralaigues (63380), Auvergne-Rhône-Alpes"
24812,Trémouille-Saint-Loup,Auvergne-Rhône-Alpes,Puy-de-Dôme,63810,45.486,2.564,"Trémouille-Saint-Loup (63810), Auvergne-Rhône-Alpes"
24813,Trézioux,Auvergne-Rhône-Alpes,Puy-de-Dôme,63520,45.719,3.473,"Trézioux (63520), Auvergne-Rhône-Alpes"
24814,Usson,Auvergne-Rhône-Alpes,Puy-de-Dôme,63490,45.527,3.343,"Usson (63490), Auvergne-Rhône-Alpes"
24815,Valbeleix,Auvergne-Rhône-Alpes,Puy-de-Dôme,63610,45.474,2.998,"Valbeleix (63610), Auvergne-Rhône-Alpes"
24816,Valcivières,Auvergne-Rhône-Alpes,Puy-de-Dôme,63600,45.602,3.821,"Valcivières (63600), Auvergne-Rhône-Alpes"
24817,Valz-sous-Châteauneuf,Auvergne-Rhône-Alpes,Puy-de-Dôme,63580,45.431,3.422,"Valz-sous-Châteauneuf (63580), Auvergne-Rhône-Alpes"
24818,Varennes-sur-Morge,Auvergne-Rhône-Alpes,Puy-de-Dôme,63720,45.94,3.186,"Varennes-sur-Morge (63720), Auvergne-Rhône-Alpes"
24819,Varennes-sur-Usson,Auvergne-Rhône-Alpes,Puy-de-Dôme,63500,45.535,3.324,"Varennes-sur-Usson (63500), Auvergne-Rhône-Alpes"
24820,Vassel,Auvergne-Rhône-Alpes,Puy-de-Dôme,63910,45.76,3.312,"Vassel (63910), Auvergne-Rhône-Alpes"
24821,Vensat,Auvergne-Rhône-Alpes,Puy-de-Dôme,63260,46.054,3.166,"Vensat (63260), Auvergne-Rhône-Alpes"
24822,Vergheas,Auvergne-Rhône-Alpes,Puy-de-Dôme,63330,46.024,2.622,"Vergheas (63330), Auvergne-Rhône-Alpes"
24823,Le Vernet-Chaméane,Auvergne-Rhône-Alpes,Puy-de-Dôme,63580,45.478,3.454,"Le Vernet-Chaméane (63580), Auvergne-Rhône-Alpes"
24824,Le Vernet-Sainte-Marguerite,Auvergne-Rhône-Alpes,Puy-de-Dôme,63710,45.616,2.94,"Le Vernet-Sainte-Marguerite (63710), Auvergne-Rhône-Alpes"
24825,Verneugheol,Auvergne-Rhône-Alpes,Puy-de-Dôme,63470,45.755,2.52,"Verneugheol (63470), Auvergne-Rhône-Alpes"
24826,Vernines,Auvergne-Rhône-Alpes,Puy-de-Dôme,63210,45.667,2.878,"Vernines (63210), Auvergne-Rhône-Alpes"
24827,Verrières,Auvergne-Rhône-Alpes,Puy-de-Dôme,63320,45.568,3.036,"Verrières (63320), Auvergne-Rhône-Alpes"
24828,Vertaizon,Auvergne-Rhône-Alpes,Puy-de-Dôme,63910,45.775,3.284,"Vertaizon (63910), Auvergne-Rhône-Alpes"
24829,Vertolaye,Auvergne-Rhône-Alpes,Puy-de-Dôme,63480,45.654,3.738,"Vertolaye (63480), Auvergne-Rhône-Alpes"
24830,Veyre-Monton,Auvergne-Rhône-Alpes,Puy-de-Dôme,63960,45.673,3.164,"Veyre-Monton (63960), Auvergne-Rhône-Alpes"
24831,Vichel,Auvergne-Rhône-Alpes,Puy-de-Dôme,63340,45.424,3.241,"Vichel (63340), Auvergne-Rhône-Alpes"
24832,Vic-le-Comte,Auvergne-Rhône-Alpes,Puy-de-Dôme,63270,45.644,3.24,"Vic-le-Comte (63270), Auvergne-Rhône-Alpes"
24833,Villeneuve,Auvergne-Rhône-Alpes,Puy-de-Dôme,63340,45.478,3.188,"Villeneuve (63340), Auvergne-Rhône-Alpes"
24834,Villeneuve-les-Cerfs,Auvergne-Rhône-Alpes,Puy-de-Dôme,63310,46.019,3.329,"Villeneuve-les-Cerfs (63310), Auvergne-Rhône-Alpes"
24835,Villossanges,Auvergne-Rhône-Alpes,Puy-de-Dôme,63380,45.919,2.645,"Villossanges (63380), Auvergne-Rhône-Alpes"
24836,Vinzelles,Auvergne-Rhône-Alpes,Puy-de-Dôme,63350,45.928,3.416,"Vinzelles (63350), Auvergne-Rhône-Alpes"
24837,Virlet,Auvergne-Rhône-Alpes,Puy-de-Dôme,63330,46.155,2.702,"Virlet (63330), Auvergne-Rhône-Alpes"
24838,Viscomtat,Auvergne-Rhône-Alpes,Puy-de-Dôme,63250,45.829,3.69,"Viscomtat (63250), Auvergne-Rhône-Alpes"
24839,Vitrac,Auvergne-Rhône-Alpes,Puy-de-Dôme,63410,45.979,2.895,"Vitrac (63410), Auvergne-Rhône-Alpes"
24840,Viverols,Auvergne-Rhône-Alpes,Puy-de-Dôme,63840,45.432,3.882,"Viverols (63840), Auvergne-Rhône-Alpes"
24841,Vodable,Auvergne-Rhône-Alpes,Puy-de-Dôme,63500,45.504,3.135,"Vodable (63500), Auvergne-Rhône-Alpes"
24842,Voingt,Auvergne-Rhône-Alpes,Puy-de-Dôme,63620,45.806,2.54,"Voingt (63620), Auvergne-Rhône-Alpes"
24843,Vollore-Montagne,Auvergne-Rhône-Alpes,Puy-de-Dôme,63120,45.783,3.688,"Vollore-Montagne (63120), Auvergne-Rhône-Alpes"
24844,Vollore-Ville,Auvergne-Rhône-Alpes,Puy-de-Dôme,63120,45.784,3.611,"Vollore-Ville (63120), Auvergne-Rhône-Alpes"
24845,Volvic,Auvergne-Rhône-Alpes,Puy-de-Dôme,63530,45.868,3.019,"Volvic (63530), Auvergne-Rhône-Alpes"
24846,Youx,Auvergne-Rhône-Alpes,Puy-de-Dôme,63700,46.141,2.804,"Youx (63700), Auvergne-Rhône-Alpes"
24847,Yronde-et-Buron,Auvergne-Rhône-Alpes,Puy-de-Dôme,63270,45.61,3.253,"Yronde-et-Buron (63270), Auvergne-Rhône-Alpes"
24848,Yssac-la-Tourette,Auvergne-Rhône-Alpes,Puy-de-Dôme,63200,45.934,3.092,"Yssac-la-Tourette (63200), Auvergne-Rhône-Alpes"
26969,Affoux,Auvergne-Rhône-Alpes,Rhône,69170,45.844,4.414,"Affoux (69170), Auvergne-Rhône-Alpes"
26970,Aigueperse,Auvergne-Rhône-Alpes,Rhône,69790,46.28,4.423,"Aigueperse (69790), Auvergne-Rhône-Alpes"
26971,Albigny-sur-Saône,Auvergne-Rhône-Alpes,Rhône,69250,45.864,4.831,"Albigny-sur-Saône (69250), Auvergne-Rhône-Alpes"
26972,Alix,Auvergne-Rhône-Alpes,Rhône,69380,45.917,4.655,"Alix (69380), Auvergne-Rhône-Alpes"
26973,Ambérieux,Auvergne-Rhône-Alpes,Rhône,69480,45.929,4.741,"Ambérieux (69480), Auvergne-Rhône-Alpes"
26974,Amplepuis,Auvergne-Rhône-Alpes,Rhône,69550,45.965,4.327,"Amplepuis (69550), Auvergne-Rhône-Alpes"
26975,Ampuis,Auvergne-Rhône-Alpes,Rhône,69420,45.503,4.803,"Ampuis (69420), Auvergne-Rhône-Alpes"
26976,Ancy,Auvergne-Rhône-Alpes,Rhône,69490,45.832,4.504,"Ancy (69490), Auvergne-Rhône-Alpes"
26977,Anse,Auvergne-Rhône-Alpes,Rhône,69480,45.942,4.708,"Anse (69480), Auvergne-Rhône-Alpes"
26978,L'Arbresle,Auvergne-Rhône-Alpes,Rhône,69210,45.836,4.609,"L'Arbresle (69210), Auvergne-Rhône-Alpes"
26979,Les Ardillats,Auvergne-Rhône-Alpes,Rhône,69430,46.189,4.536,"Les Ardillats (69430), Auvergne-Rhône-Alpes"
26980,Arnas,Auvergne-Rhône-Alpes,Rhône,69400,46.019,4.711,"Arnas (69400), Auvergne-Rhône-Alpes"
26981,Aveize,Auvergne-Rhône-Alpes,Rhône,69610,45.679,4.476,"Aveize (69610), Auvergne-Rhône-Alpes"
26982,Azolette,Auvergne-Rhône-Alpes,Rhône,69790,46.192,4.413,"Azolette (69790), Auvergne-Rhône-Alpes"
26983,Bagnols,Auvergne-Rhône-Alpes,Rhône,69620,45.909,4.62,"Bagnols (69620), Auvergne-Rhône-Alpes"
26984,Beaujeu,Auvergne-Rhône-Alpes,Rhône,69430,46.156,4.584,"Beaujeu (69430), Auvergne-Rhône-Alpes"
26985,Belleville-en-Beaujolais,Auvergne-Rhône-Alpes,Rhône,69220,46.102,4.731,"Belleville-en-Beaujolais (69220), Auvergne-Rhône-Alpes"
26986,Belmont-d'Azergues,Auvergne-Rhône-Alpes,Rhône,69380,45.868,4.668,"Belmont-d'Azergues (69380), Auvergne-Rhône-Alpes"
26987,Bessenay,Auvergne-Rhône-Alpes,Rhône,69690,45.774,4.547,"Bessenay (69690), Auvergne-Rhône-Alpes"
26988,Bibost,Auvergne-Rhône-Alpes,Rhône,69690,45.797,4.549,"Bibost (69690), Auvergne-Rhône-Alpes"
26989,Blacé,Auvergne-Rhône-Alpes,Rhône,69460,46.035,4.636,"Blacé (69460), Auvergne-Rhône-Alpes"
26990,Val d'Oingt,Auvergne-Rhône-Alpes,Rhône,69620,45.919,4.579,"Val d'Oingt (69620), Auvergne-Rhône-Alpes"
26991,Le Breuil,Auvergne-Rhône-Alpes,Rhône,69620,45.891,4.591,"Le Breuil (69620), Auvergne-Rhône-Alpes"
26992,Brignais,Auvergne-Rhône-Alpes,Rhône,69530,45.678,4.753,"Brignais (69530), Auvergne-Rhône-Alpes"
26993,Brindas,Auvergne-Rhône-Alpes,Rhône,69126,45.72,4.703,"Brindas (69126), Auvergne-Rhône-Alpes"
26994,Bron,Auvergne-Rhône-Alpes,Rhône,69500,45.734,4.912,"Bron (69500), Auvergne-Rhône-Alpes"
26995,Brullioles,Auvergne-Rhône-Alpes,Rhône,69690,45.764,4.493,"Brullioles (69690), Auvergne-Rhône-Alpes"
26996,Brussieu,Auvergne-Rhône-Alpes,Rhône,69690,45.747,4.517,"Brussieu (69690), Auvergne-Rhône-Alpes"
26997,Bully,Auvergne-Rhône-Alpes,Rhône,69210,45.859,4.581,"Bully (69210), Auvergne-Rhône-Alpes"
26998,Cailloux-sur-Fontaines,Auvergne-Rhône-Alpes,Rhône,69270,45.86,4.884,"Cailloux-sur-Fontaines (69270), Auvergne-Rhône-Alpes"
26999,Caluire-et-Cuire,Auvergne-Rhône-Alpes,Rhône,69300,45.797,4.851,"Caluire-et-Cuire (69300), Auvergne-Rhône-Alpes"
27000,Cenves,Auvergne-Rhône-Alpes,Rhône,69840,46.279,4.661,"Cenves (69840), Auvergne-Rhône-Alpes"
27001,Cercié,Auvergne-Rhône-Alpes,Rhône,69220,46.126,4.667,"Cercié (69220), Auvergne-Rhône-Alpes"
27002,Chambost-Allières,Auvergne-Rhône-Alpes,Rhône,69870,46.015,4.51,"Chambost-Allières (69870), Auvergne-Rhône-Alpes"
27003,Chambost-Longessaigne,Auvergne-Rhône-Alpes,Rhône,69770,45.774,4.38,"Chambost-Longessaigne (69770), Auvergne-Rhône-Alpes"
27004,Chamelet,Auvergne-Rhône-Alpes,Rhône,69620,45.985,4.499,"Chamelet (69620), Auvergne-Rhône-Alpes"
27005,Champagne-au-Mont-d'Or,Auvergne-Rhône-Alpes,Rhône,69410,45.798,4.787,"Champagne-au-Mont-d'Or (69410), Auvergne-Rhône-Alpes"
27006,La Chapelle-sur-Coise,Auvergne-Rhône-Alpes,Rhône,69590,45.65,4.496,"La Chapelle-sur-Coise (69590), Auvergne-Rhône-Alpes"
27007,Chaponost,Auvergne-Rhône-Alpes,Rhône,69630,45.709,4.746,"Chaponost (69630), Auvergne-Rhône-Alpes"
27008,Charbonnières-les-Bains,Auvergne-Rhône-Alpes,Rhône,69260,45.78,4.743,"Charbonnières-les-Bains (69260), Auvergne-Rhône-Alpes"
27009,Charentay,Auvergne-Rhône-Alpes,Rhône,69220,46.084,4.689,"Charentay (69220), Auvergne-Rhône-Alpes"
27010,Charly,Auvergne-Rhône-Alpes,Rhône,69390,45.651,4.79,"Charly (69390), Auvergne-Rhône-Alpes"
27011,Charnay,Auvergne-Rhône-Alpes,Rhône,69380,45.891,4.661,"Charnay (69380), Auvergne-Rhône-Alpes"
27012,Chasselay,Auvergne-Rhône-Alpes,Rhône,69380,45.875,4.771,"Chasselay (69380), Auvergne-Rhône-Alpes"
27013,Châtillon,Auvergne-Rhône-Alpes,Rhône,69380,45.871,4.642,"Châtillon (69380), Auvergne-Rhône-Alpes"
27014,Chaussan,Auvergne-Rhône-Alpes,Rhône,69440,45.638,4.634,"Chaussan (69440), Auvergne-Rhône-Alpes"
27015,Chazay-d'Azergues,Auvergne-Rhône-Alpes,Rhône,69380,45.876,4.709,"Chazay-d'Azergues (69380), Auvergne-Rhône-Alpes"
27016,Chénas,Auvergne-Rhône-Alpes,Rhône,69840,46.216,4.708,"Chénas (69840), Auvergne-Rhône-Alpes"
27017,Chénelette,Auvergne-Rhône-Alpes,Rhône,69430,46.169,4.491,"Chénelette (69430), Auvergne-Rhône-Alpes"
27018,Les Chères,Auvergne-Rhône-Alpes,Rhône,69380,45.893,4.743,"Les Chères (69380), Auvergne-Rhône-Alpes"
27019,Chessy,Auvergne-Rhône-Alpes,Rhône,69380,45.891,4.616,"Chessy (69380), Auvergne-Rhône-Alpes"
27020,Chevinay,Auvergne-Rhône-Alpes,Rhône,69210,45.774,4.597,"Chevinay (69210), Auvergne-Rhône-Alpes"
27021,Chiroubles,Auvergne-Rhône-Alpes,Rhône,69115,46.186,4.655,"Chiroubles (69115), Auvergne-Rhône-Alpes"
27022,Civrieux-d'Azergues,Auvergne-Rhône-Alpes,Rhône,69380,45.855,4.711,"Civrieux-d'Azergues (69380), Auvergne-Rhône-Alpes"
27023,Claveisolles,Auvergne-Rhône-Alpes,Rhône,69870,46.098,4.511,"Claveisolles (69870), Auvergne-Rhône-Alpes"
27024,Cogny,Auvergne-Rhône-Alpes,Rhône,69640,45.988,4.61,"Cogny (69640), Auvergne-Rhône-Alpes"
27025,Coise,Auvergne-Rhône-Alpes,Rhône,69590,45.614,4.469,"Coise (69590), Auvergne-Rhône-Alpes"
27026,Collonges-au-Mont-d'Or,Auvergne-Rhône-Alpes,Rhône,69660,45.822,4.842,"Collonges-au-Mont-d'Or (69660), Auvergne-Rhône-Alpes"
27027,Condrieu,Auvergne-Rhône-Alpes,Rhône,69420,45.474,4.757,"Condrieu (69420), Auvergne-Rhône-Alpes"
27028,Corcelles-en-Beaujolais,Auvergne-Rhône-Alpes,Rhône,69220,46.154,4.725,"Corcelles-en-Beaujolais (69220), Auvergne-Rhône-Alpes"
27029,Cours,Auvergne-Rhône-Alpes,Rhône,69470,46.109,4.337,"Cours (69470), Auvergne-Rhône-Alpes"
27030,Courzieu,Auvergne-Rhône-Alpes,Rhône,69690,45.741,4.57,"Courzieu (69690), Auvergne-Rhône-Alpes"
27031,Couzon-au-Mont-d'Or,Auvergne-Rhône-Alpes,Rhône,69270,45.848,4.822,"Couzon-au-Mont-d'Or (69270), Auvergne-Rhône-Alpes"
27032,Craponne,Auvergne-Rhône-Alpes,Rhône,69290,45.746,4.727,"Craponne (69290), Auvergne-Rhône-Alpes"
27033,Cublize,Auvergne-Rhône-Alpes,Rhône,69550,46.024,4.387,"Cublize (69550), Auvergne-Rhône-Alpes"
27034,Curis-au-Mont-d'Or,Auvergne-Rhône-Alpes,Rhône,69250,45.869,4.818,"Curis-au-Mont-d'Or (69250), Auvergne-Rhône-Alpes"
27035,Dardilly,Auvergne-Rhône-Alpes,Rhône,69570,45.812,4.747,"Dardilly (69570), Auvergne-Rhône-Alpes"
27036,Denicé,Auvergne-Rhône-Alpes,Rhône,69640,46.005,4.652,"Denicé (69640), Auvergne-Rhône-Alpes"
27037,Dième,Auvergne-Rhône-Alpes,Rhône,69170,45.962,4.461,"Dième (69170), Auvergne-Rhône-Alpes"
27038,Dommartin,Auvergne-Rhône-Alpes,Rhône,69380,45.836,4.716,"Dommartin (69380), Auvergne-Rhône-Alpes"
27039,Dracé,Auvergne-Rhône-Alpes,Rhône,69220,46.154,4.773,"Dracé (69220), Auvergne-Rhône-Alpes"
27040,Duerne,Auvergne-Rhône-Alpes,Rhône,69850,45.681,4.523,"Duerne (69850), Auvergne-Rhône-Alpes"
27041,Échalas,Auvergne-Rhône-Alpes,Rhône,69700,45.551,4.73,"Échalas (69700), Auvergne-Rhône-Alpes"
27042,Écully,Auvergne-Rhône-Alpes,Rhône,69130,45.782,4.772,"Écully (69130), Auvergne-Rhône-Alpes"
27043,Émeringes,Auvergne-Rhône-Alpes,Rhône,69840,46.226,4.673,"Émeringes (69840), Auvergne-Rhône-Alpes"
27044,Éveux,Auvergne-Rhône-Alpes,Rhône,69210,45.824,4.622,"Éveux (69210), Auvergne-Rhône-Alpes"
27045,Fleurie,Auvergne-Rhône-Alpes,Rhône,69820,46.195,4.692,"Fleurie (69820), Auvergne-Rhône-Alpes"
27046,Fleurieu-sur-Saône,Auvergne-Rhône-Alpes,Rhône,69250,45.859,4.85,"Fleurieu-sur-Saône (69250), Auvergne-Rhône-Alpes"
27047,Fleurieux-sur-l'Arbresle,Auvergne-Rhône-Alpes,Rhône,69210,45.839,4.652,"Fleurieux-sur-l'Arbresle (69210), Auvergne-Rhône-Alpes"
27048,Fontaines-Saint-Martin,Auvergne-Rhône-Alpes,Rhône,69270,45.843,4.854,"Fontaines-Saint-Martin (69270), Auvergne-Rhône-Alpes"
27049,Fontaines-sur-Saône,Auvergne-Rhône-Alpes,Rhône,69270,45.828,4.857,"Fontaines-sur-Saône (69270), Auvergne-Rhône-Alpes"
27050,Francheville,Auvergne-Rhône-Alpes,Rhône,69340,45.738,4.755,"Francheville (69340), Auvergne-Rhône-Alpes"
27051,Frontenas,Auvergne-Rhône-Alpes,Rhône,69620,45.922,4.632,"Frontenas (69620), Auvergne-Rhône-Alpes"
27052,Givors,Auvergne-Rhône-Alpes,Rhône,69700,45.582,4.757,"Givors (69700), Auvergne-Rhône-Alpes"
27053,Gleizé,Auvergne-Rhône-Alpes,Rhône,69400,45.991,4.688,"Gleizé (69400), Auvergne-Rhône-Alpes"
27054,Grandris,Auvergne-Rhône-Alpes,Rhône,69870,46.033,4.459,"Grandris (69870), Auvergne-Rhône-Alpes"
27055,Grézieu-la-Varenne,Auvergne-Rhône-Alpes,Rhône,69290,45.748,4.69,"Grézieu-la-Varenne (69290), Auvergne-Rhône-Alpes"
27056,Grézieu-le-Marché,Auvergne-Rhône-Alpes,Rhône,69610,45.662,4.421,"Grézieu-le-Marché (69610), Auvergne-Rhône-Alpes"
27057,Grigny,Auvergne-Rhône-Alpes,Rhône,69520,45.608,4.786,"Grigny (69520), Auvergne-Rhône-Alpes"
27058,Les Haies,Auvergne-Rhône-Alpes,Rhône,69420,45.513,4.739,"Les Haies (69420), Auvergne-Rhône-Alpes"
27059,Les Halles,Auvergne-Rhône-Alpes,Rhône,69610,45.716,4.435,"Les Halles (69610), Auvergne-Rhône-Alpes"
27060,Haute-Rivoire,Auvergne-Rhône-Alpes,Rhône,69610,45.714,4.406,"Haute-Rivoire (69610), Auvergne-Rhône-Alpes"
27061,Irigny,Auvergne-Rhône-Alpes,Rhône,69540,45.675,4.818,"Irigny (69540), Auvergne-Rhône-Alpes"
27062,Joux,Auvergne-Rhône-Alpes,Rhône,69170,45.89,4.367,"Joux (69170), Auvergne-Rhône-Alpes"
27063,Juliénas,Auvergne-Rhône-Alpes,Rhône,69840,46.242,4.704,"Juliénas (69840), Auvergne-Rhône-Alpes"
27064,Jullié,Auvergne-Rhône-Alpes,Rhône,69840,46.244,4.664,"Jullié (69840), Auvergne-Rhône-Alpes"
27065,Lacenas,Auvergne-Rhône-Alpes,Rhône,69640,45.986,4.648,"Lacenas (69640), Auvergne-Rhône-Alpes"
27066,Lachassagne,Auvergne-Rhône-Alpes,Rhône,69480,45.927,4.679,"Lachassagne (69480), Auvergne-Rhône-Alpes"
27067,Lamure-sur-Azergues,Auvergne-Rhône-Alpes,Rhône,69870,46.053,4.509,"Lamure-sur-Azergues (69870), Auvergne-Rhône-Alpes"
27068,Lancié,Auvergne-Rhône-Alpes,Rhône,69220,46.173,4.726,"Lancié (69220), Auvergne-Rhône-Alpes"
27069,Lantignié,Auvergne-Rhône-Alpes,Rhône,69430,46.156,4.619,"Lantignié (69430), Auvergne-Rhône-Alpes"
27070,Larajasse,Auvergne-Rhône-Alpes,Rhône,69590,45.608,4.515,"Larajasse (69590), Auvergne-Rhône-Alpes"
27071,Légny,Auvergne-Rhône-Alpes,Rhône,69620,45.904,4.574,"Légny (69620), Auvergne-Rhône-Alpes"
27072,Lentilly,Auvergne-Rhône-Alpes,Rhône,69210,45.812,4.671,"Lentilly (69210), Auvergne-Rhône-Alpes"
27073,Létra,Auvergne-Rhône-Alpes,Rhône,69620,45.972,4.526,"Létra (69620), Auvergne-Rhône-Alpes"
27074,Limas,Auvergne-Rhône-Alpes,Rhône,69400,45.972,4.719,"Limas (69400), Auvergne-Rhône-Alpes"
27075,Limonest,Auvergne-Rhône-Alpes,Rhône,69760,45.83,4.772,"Limonest (69760), Auvergne-Rhône-Alpes"
27076,Lissieu,Auvergne-Rhône-Alpes,Rhône,69380,45.855,4.746,"Lissieu (69380), Auvergne-Rhône-Alpes"
27077,Loire-sur-Rhône,Auvergne-Rhône-Alpes,Rhône,69700,45.547,4.783,"Loire-sur-Rhône (69700), Auvergne-Rhône-Alpes"
27078,Longes,Auvergne-Rhône-Alpes,Rhône,69420,45.505,4.68,"Longes (69420), Auvergne-Rhône-Alpes"
27079,Longessaigne,Auvergne-Rhône-Alpes,Rhône,69770,45.786,4.426,"Longessaigne (69770), Auvergne-Rhône-Alpes"
27080,Lozanne,Auvergne-Rhône-Alpes,Rhône,69380,45.853,4.685,"Lozanne (69380), Auvergne-Rhône-Alpes"
27081,Lucenay,Auvergne-Rhône-Alpes,Rhône,69480,45.914,4.709,"Lucenay (69480), Auvergne-Rhône-Alpes"
27082,Lyon,Auvergne-Rhône-Alpes,Rhône,69000,45.75,4.85,"Lyon (69000), Auvergne-Rhône-Alpes"
27083,Marchampt,Auvergne-Rhône-Alpes,Rhône,69430,46.108,4.561,"Marchampt (69430), Auvergne-Rhône-Alpes"
27084,Marcilly-d'Azergues,Auvergne-Rhône-Alpes,Rhône,69380,45.868,4.731,"Marcilly-d'Azergues (69380), Auvergne-Rhône-Alpes"
27085,Marcy,Auvergne-Rhône-Alpes,Rhône,69480,45.914,4.676,"Marcy (69480), Auvergne-Rhône-Alpes"
27086,Marcy-l'Étoile,Auvergne-Rhône-Alpes,Rhône,69280,45.785,4.712,"Marcy-l'Étoile (69280), Auvergne-Rhône-Alpes"
27087,Meaux-la-Montagne,Auvergne-Rhône-Alpes,Rhône,69550,46.046,4.422,"Meaux-la-Montagne (69550), Auvergne-Rhône-Alpes"
27088,Messimy,Auvergne-Rhône-Alpes,Rhône,69510,45.699,4.672,"Messimy (69510), Auvergne-Rhône-Alpes"
27089,Meys,Auvergne-Rhône-Alpes,Rhône,69610,45.682,4.401,"Meys (69610), Auvergne-Rhône-Alpes"
27090,Millery,Auvergne-Rhône-Alpes,Rhône,69390,45.63,4.78,"Millery (69390), Auvergne-Rhône-Alpes"
27091,Moiré,Auvergne-Rhône-Alpes,Rhône,69620,45.926,4.602,"Moiré (69620), Auvergne-Rhône-Alpes"
27092,Deux-Grosnes,Auvergne-Rhône-Alpes,Rhône,69430,46.223,4.514,"Deux-Grosnes (69430), Auvergne-Rhône-Alpes"
27093,Montagny,Auvergne-Rhône-Alpes,Rhône,69700,45.625,4.75,"Montagny (69700), Auvergne-Rhône-Alpes"
27094,Montmelas-Saint-Sorlin,Auvergne-Rhône-Alpes,Rhône,69640,46.018,4.602,"Montmelas-Saint-Sorlin (69640), Auvergne-Rhône-Alpes"
27095,Montromant,Auvergne-Rhône-Alpes,Rhône,69610,45.711,4.536,"Montromant (69610), Auvergne-Rhône-Alpes"
27096,Montrottier,Auvergne-Rhône-Alpes,Rhône,69770,45.8,4.464,"Montrottier (69770), Auvergne-Rhône-Alpes"
27097,Morancé,Auvergne-Rhône-Alpes,Rhône,69480,45.894,4.7,"Morancé (69480), Auvergne-Rhône-Alpes"
27098,Mornant,Auvergne-Rhône-Alpes,Rhône,69440,45.616,4.674,"Mornant (69440), Auvergne-Rhône-Alpes"
27099,La Mulatière,Auvergne-Rhône-Alpes,Rhône,69350,45.73,4.812,"La Mulatière (69350), Auvergne-Rhône-Alpes"
27100,Neuville-sur-Saône,Auvergne-Rhône-Alpes,Rhône,69250,45.883,4.844,"Neuville-sur-Saône (69250), Auvergne-Rhône-Alpes"
27101,Odenas,Auvergne-Rhône-Alpes,Rhône,69460,46.094,4.645,"Odenas (69460), Auvergne-Rhône-Alpes"
27102,Orliénas,Auvergne-Rhône-Alpes,Rhône,69530,45.661,4.721,"Orliénas (69530), Auvergne-Rhône-Alpes"
27103,Oullins-Pierre-Bénite,Auvergne-Rhône-Alpes,Rhône,69600,45.715,4.803,"Oullins-Pierre-Bénite (69600), Auvergne-Rhône-Alpes"
27104,Le Perréon,Auvergne-Rhône-Alpes,Rhône,69460,46.07,4.58,"Le Perréon (69460), Auvergne-Rhône-Alpes"
27105,Poleymieux-au-Mont-d'Or,Auvergne-Rhône-Alpes,Rhône,69250,45.855,4.795,"Poleymieux-au-Mont-d'Or (69250), Auvergne-Rhône-Alpes"
27106,Pollionnay,Auvergne-Rhône-Alpes,Rhône,69290,45.768,4.659,"Pollionnay (69290), Auvergne-Rhône-Alpes"
27107,Pomeys,Auvergne-Rhône-Alpes,Rhône,69590,45.646,4.446,"Pomeys (69590), Auvergne-Rhône-Alpes"
27108,Pommiers,Auvergne-Rhône-Alpes,Rhône,69480,45.958,4.688,"Pommiers (69480), Auvergne-Rhône-Alpes"
27109,Vindry-sur-Turdine,Auvergne-Rhône-Alpes,Rhône,69490,45.877,4.496,"Vindry-sur-Turdine (69490), Auvergne-Rhône-Alpes"
27110,Porte des Pierres Dorées,Auvergne-Rhône-Alpes,Rhône,69640,45.955,4.646,"Porte des Pierres Dorées (69640), Auvergne-Rhône-Alpes"
27111,Poule-les-Écharmeaux,Auvergne-Rhône-Alpes,Rhône,69870,46.143,4.461,"Poule-les-Écharmeaux (69870), Auvergne-Rhône-Alpes"
27112,Propières,Auvergne-Rhône-Alpes,Rhône,69790,46.193,4.451,"Propières (69790), Auvergne-Rhône-Alpes"
27113,Quincié-en-Beaujolais,Auvergne-Rhône-Alpes,Rhône,69430,46.113,4.608,"Quincié-en-Beaujolais (69430), Auvergne-Rhône-Alpes"
27114,Quincieux,Auvergne-Rhône-Alpes,Rhône,69650,45.914,4.774,"Quincieux (69650), Auvergne-Rhône-Alpes"
27115,Ranchal,Auvergne-Rhône-Alpes,Rhône,69470,46.123,4.402,"Ranchal (69470), Auvergne-Rhône-Alpes"
27116,Régnié-Durette,Auvergne-Rhône-Alpes,Rhône,69430,46.147,4.642,"Régnié-Durette (69430), Auvergne-Rhône-Alpes"
27117,Riverie,Auvergne-Rhône-Alpes,Rhône,69440,45.599,4.589,"Riverie (69440), Auvergne-Rhône-Alpes"
27118,Rivolet,Auvergne-Rhône-Alpes,Rhône,69640,46.007,4.58,"Rivolet (69640), Auvergne-Rhône-Alpes"
27119,Rochetaillée-sur-Saône,Auvergne-Rhône-Alpes,Rhône,69270,45.843,4.838,"Rochetaillée-sur-Saône (69270), Auvergne-Rhône-Alpes"
27120,Ronno,Auvergne-Rhône-Alpes,Rhône,69550,45.987,4.39,"Ronno (69550), Auvergne-Rhône-Alpes"
27121,Rontalon,Auvergne-Rhône-Alpes,Rhône,69510,45.657,4.618,"Rontalon (69510), Auvergne-Rhône-Alpes"
27122,Sain-Bel,Auvergne-Rhône-Alpes,Rhône,69210,45.812,4.599,"Sain-Bel (69210), Auvergne-Rhône-Alpes"
27123,Salles-Arbuissonnas-en-Beaujolais,Auvergne-Rhône-Alpes,Rhône,69460,46.045,4.631,"Salles-Arbuissonnas-en-Beaujolais (69460), Auvergne-Rhône-Alpes"
27124,Sarcey,Auvergne-Rhône-Alpes,Rhône,69490,45.885,4.555,"Sarcey (69490), Auvergne-Rhône-Alpes"
27125,Les Sauvages,Auvergne-Rhône-Alpes,Rhône,69170,45.924,4.374,"Les Sauvages (69170), Auvergne-Rhône-Alpes"
27126,Savigny,Auvergne-Rhône-Alpes,Rhône,69210,45.82,4.566,"Savigny (69210), Auvergne-Rhône-Alpes"
27127,Soucieu-en-Jarrest,Auvergne-Rhône-Alpes,Rhône,69510,45.677,4.692,"Soucieu-en-Jarrest (69510), Auvergne-Rhône-Alpes"
27128,Sourcieux-les-Mines,Auvergne-Rhône-Alpes,Rhône,69210,45.798,4.631,"Sourcieux-les-Mines (69210), Auvergne-Rhône-Alpes"
27129,Souzy,Auvergne-Rhône-Alpes,Rhône,69610,45.704,4.451,"Souzy (69610), Auvergne-Rhône-Alpes"
27130,Beauvallon,Auvergne-Rhône-Alpes,Rhône,69700,45.59,4.696,"Beauvallon (69700), Auvergne-Rhône-Alpes"
27131,Saint-André-la-Côte,Auvergne-Rhône-Alpes,Rhône,69440,45.632,4.597,"Saint-André-la-Côte (69440), Auvergne-Rhône-Alpes"
27132,Saint-Appolinaire,Auvergne-Rhône-Alpes,Rhône,69170,45.977,4.427,"Saint-Appolinaire (69170), Auvergne-Rhône-Alpes"
27133,Saint-Bonnet-des-Bruyères,Auvergne-Rhône-Alpes,Rhône,69790,46.266,4.472,"Saint-Bonnet-des-Bruyères (69790), Auvergne-Rhône-Alpes"
27134,Saint-Bonnet-le-Troncy,Auvergne-Rhône-Alpes,Rhône,69870,46.076,4.42,"Saint-Bonnet-le-Troncy (69870), Auvergne-Rhône-Alpes"
27135,Sainte-Catherine,Auvergne-Rhône-Alpes,Rhône,69440,45.603,4.573,"Sainte-Catherine (69440), Auvergne-Rhône-Alpes"
27136,Saint-Clément-de-Vers,Auvergne-Rhône-Alpes,Rhône,69790,46.227,4.408,"Saint-Clément-de-Vers (69790), Auvergne-Rhône-Alpes"
27137,Saint-Clément-les-Places,Auvergne-Rhône-Alpes,Rhône,69930,45.756,4.421,"Saint-Clément-les-Places (69930), Auvergne-Rhône-Alpes"
27138,Saint-Clément-sur-Valsonne,Auvergne-Rhône-Alpes,Rhône,69170,45.925,4.46,"Saint-Clément-sur-Valsonne (69170), Auvergne-Rhône-Alpes"
27139,Sainte-Colombe,Auvergne-Rhône-Alpes,Rhône,69560,45.525,4.859,"Sainte-Colombe (69560), Auvergne-Rhône-Alpes"
27140,Sainte-Consorce,Auvergne-Rhône-Alpes,Rhône,69280,45.774,4.694,"Sainte-Consorce (69280), Auvergne-Rhône-Alpes"
27141,Saint-Cyr-au-Mont-d'Or,Auvergne-Rhône-Alpes,Rhône,69450,45.819,4.818,"Saint-Cyr-au-Mont-d'Or (69450), Auvergne-Rhône-Alpes"
27142,Saint-Cyr-le-Chatoux,Auvergne-Rhône-Alpes,Rhône,69870,46.031,4.539,"Saint-Cyr-le-Chatoux (69870), Auvergne-Rhône-Alpes"
27143,Saint-Cyr-sur-le-Rhône,Auvergne-Rhône-Alpes,Rhône,69560,45.517,4.833,"Saint-Cyr-sur-le-Rhône (69560), Auvergne-Rhône-Alpes"
27144,Saint-Didier-au-Mont-d'Or,Auvergne-Rhône-Alpes,Rhône,69370,45.815,4.798,"Saint-Didier-au-Mont-d'Or (69370), Auvergne-Rhône-Alpes"
27145,Saint-Didier-sur-Beaujeu,Auvergne-Rhône-Alpes,Rhône,69430,46.146,4.535,"Saint-Didier-sur-Beaujeu (69430), Auvergne-Rhône-Alpes"
27146,Saint-Étienne-des-Oullières,Auvergne-Rhône-Alpes,Rhône,69460,46.063,4.656,"Saint-Étienne-des-Oullières (69460), Auvergne-Rhône-Alpes"
27147,Saint-Étienne-la-Varenne,Auvergne-Rhône-Alpes,Rhône,69460,46.077,4.622,"Saint-Étienne-la-Varenne (69460), Auvergne-Rhône-Alpes"
27148,Saint-Fons,Auvergne-Rhône-Alpes,Rhône,69190,45.701,4.85,"Saint-Fons (69190), Auvergne-Rhône-Alpes"
27149,Saint-Forgeux,Auvergne-Rhône-Alpes,Rhône,69490,45.854,4.463,"Saint-Forgeux (69490), Auvergne-Rhône-Alpes"
27150,Sainte-Foy-l'Argentière,Auvergne-Rhône-Alpes,Rhône,69610,45.705,4.47,"Sainte-Foy-l'Argentière (69610), Auvergne-Rhône-Alpes"
27151,Sainte-Foy-lès-Lyon,Auvergne-Rhône-Alpes,Rhône,69110,45.736,4.793,"Sainte-Foy-lès-Lyon (69110), Auvergne-Rhône-Alpes"
27152,Saint-Genis-l'Argentière,Auvergne-Rhône-Alpes,Rhône,69610,45.713,4.495,"Saint-Genis-l'Argentière (69610), Auvergne-Rhône-Alpes"
27153,Saint-Genis-Laval,Auvergne-Rhône-Alpes,Rhône,69230,45.694,4.789,"Saint-Genis-Laval (69230), Auvergne-Rhône-Alpes"
27154,Saint-Genis-les-Ollières,Auvergne-Rhône-Alpes,Rhône,69290,45.761,4.726,"Saint-Genis-les-Ollières (69290), Auvergne-Rhône-Alpes"
27155,Saint-Georges-de-Reneins,Auvergne-Rhône-Alpes,Rhône,69830,46.058,4.721,"Saint-Georges-de-Reneins (69830), Auvergne-Rhône-Alpes"
27156,Saint-Germain-au-Mont-d'Or,Auvergne-Rhône-Alpes,Rhône,69650,45.882,4.801,"Saint-Germain-au-Mont-d'Or (69650), Auvergne-Rhône-Alpes"
27157,Saint-Germain-Nuelles,Auvergne-Rhône-Alpes,Rhône,69210,45.864,4.613,"Saint-Germain-Nuelles (69210), Auvergne-Rhône-Alpes"
27158,Saint-Igny-de-Vers,Auvergne-Rhône-Alpes,Rhône,69790,46.237,4.442,"Saint-Igny-de-Vers (69790), Auvergne-Rhône-Alpes"
27159,Saint-Jean-des-Vignes,Auvergne-Rhône-Alpes,Rhône,69380,45.875,4.682,"Saint-Jean-des-Vignes (69380), Auvergne-Rhône-Alpes"
27160,Saint-Jean-la-Bussière,Auvergne-Rhône-Alpes,Rhône,69550,46.002,4.333,"Saint-Jean-la-Bussière (69550), Auvergne-Rhône-Alpes"
27161,Saint-Julien,Auvergne-Rhône-Alpes,Rhône,69640,46.022,4.652,"Saint-Julien (69640), Auvergne-Rhône-Alpes"
27162,Saint-Julien-sur-Bibost,Auvergne-Rhône-Alpes,Rhône,69690,45.8,4.51,"Saint-Julien-sur-Bibost (69690), Auvergne-Rhône-Alpes"
27163,Saint-Just-d'Avray,Auvergne-Rhône-Alpes,Rhône,69870,46.0,4.453,"Saint-Just-d'Avray (69870), Auvergne-Rhône-Alpes"
27164,Saint-Lager,Auvergne-Rhône-Alpes,Rhône,69220,46.112,4.676,"Saint-Lager (69220), Auvergne-Rhône-Alpes"
27165,Saint-Laurent-d'Agny,Auvergne-Rhône-Alpes,Rhône,69440,45.643,4.684,"Saint-Laurent-d'Agny (69440), Auvergne-Rhône-Alpes"
27166,Saint-Laurent-de-Chamousset,Auvergne-Rhône-Alpes,Rhône,69930,45.738,4.465,"Saint-Laurent-de-Chamousset (69930), Auvergne-Rhône-Alpes"
27167,Saint-Marcel-l'Éclairé,Auvergne-Rhône-Alpes,Rhône,69170,45.874,4.422,"Saint-Marcel-l'Éclairé (69170), Auvergne-Rhône-Alpes"
27168,Saint-Martin-en-Haut,Auvergne-Rhône-Alpes,Rhône,69850,45.658,4.558,"Saint-Martin-en-Haut (69850), Auvergne-Rhône-Alpes"
27169,Chabanière,Auvergne-Rhône-Alpes,Rhône,69440,45.578,4.641,"Chabanière (69440), Auvergne-Rhône-Alpes"
27170,Saint-Nizier-d'Azergues,Auvergne-Rhône-Alpes,Rhône,69870,46.083,4.462,"Saint-Nizier-d'Azergues (69870), Auvergne-Rhône-Alpes"
27171,Sainte-Paule,Auvergne-Rhône-Alpes,Rhône,69620,45.972,4.562,"Sainte-Paule (69620), Auvergne-Rhône-Alpes"
27172,Saint-Pierre-la-Palud,Auvergne-Rhône-Alpes,Rhône,69210,45.782,4.616,"Saint-Pierre-la-Palud (69210), Auvergne-Rhône-Alpes"
27173,Saint-Romain-au-Mont-d'Or,Auvergne-Rhône-Alpes,Rhône,69270,45.836,4.821,"Saint-Romain-au-Mont-d'Or (69270), Auvergne-Rhône-Alpes"
27174,Saint-Romain-de-Popey,Auvergne-Rhône-Alpes,Rhône,69490,45.856,4.53,"Saint-Romain-de-Popey (69490), Auvergne-Rhône-Alpes"
27175,Saint-Romain-en-Gal,Auvergne-Rhône-Alpes,Rhône,69560,45.536,4.826,"Saint-Romain-en-Gal (69560), Auvergne-Rhône-Alpes"
27176,Saint-Romain-en-Gier,Auvergne-Rhône-Alpes,Rhône,69700,45.566,4.704,"Saint-Romain-en-Gier (69700), Auvergne-Rhône-Alpes"
27177,Saint-Symphorien-sur-Coise,Auvergne-Rhône-Alpes,Rhône,69590,45.631,4.45,"Saint-Symphorien-sur-Coise (69590), Auvergne-Rhône-Alpes"
27178,Saint-Vérand,Auvergne-Rhône-Alpes,Rhône,69620,45.922,4.52,"Saint-Vérand (69620), Auvergne-Rhône-Alpes"
27179,Saint-Vincent-de-Reins,Auvergne-Rhône-Alpes,Rhône,69240,46.074,4.386,"Saint-Vincent-de-Reins (69240), Auvergne-Rhône-Alpes"
27180,Taluyers,Auvergne-Rhône-Alpes,Rhône,69440,45.636,4.724,"Taluyers (69440), Auvergne-Rhône-Alpes"
27181,Taponas,Auvergne-Rhône-Alpes,Rhône,69220,46.126,4.763,"Taponas (69220), Auvergne-Rhône-Alpes"
27182,Tarare,Auvergne-Rhône-Alpes,Rhône,69170,45.904,4.424,"Tarare (69170), Auvergne-Rhône-Alpes"
27183,Tassin-la-Demi-Lune,Auvergne-Rhône-Alpes,Rhône,69160,45.763,4.755,"Tassin-la-Demi-Lune (69160), Auvergne-Rhône-Alpes"
27184,Ternand,Auvergne-Rhône-Alpes,Rhône,69620,45.948,4.522,"Ternand (69620), Auvergne-Rhône-Alpes"
27185,Theizé,Auvergne-Rhône-Alpes,Rhône,69620,45.941,4.627,"Theizé (69620), Auvergne-Rhône-Alpes"
27186,Thizy-les-Bourgs,Auvergne-Rhône-Alpes,Rhône,69240,46.03,4.314,"Thizy-les-Bourgs (69240), Auvergne-Rhône-Alpes"
27187,Thurins,Auvergne-Rhône-Alpes,Rhône,69510,45.684,4.626,"Thurins (69510), Auvergne-Rhône-Alpes"
27188,La Tour-de-Salvagny,Auvergne-Rhône-Alpes,Rhône,69890,45.81,4.712,"La Tour-de-Salvagny (69890), Auvergne-Rhône-Alpes"
27189,Trèves,Auvergne-Rhône-Alpes,Rhône,69420,45.535,4.69,"Trèves (69420), Auvergne-Rhône-Alpes"
27190,Tupin-et-Semons,Auvergne-Rhône-Alpes,Rhône,69420,45.49,4.774,"Tupin-et-Semons (69420), Auvergne-Rhône-Alpes"
27191,Valsonne,Auvergne-Rhône-Alpes,Rhône,69170,45.947,4.422,"Valsonne (69170), Auvergne-Rhône-Alpes"
27192,Vaugneray,Auvergne-Rhône-Alpes,Rhône,69670,45.732,4.644,"Vaugneray (69670), Auvergne-Rhône-Alpes"
27193,Vaulx-en-Velin,Auvergne-Rhône-Alpes,Rhône,69120,45.786,4.926,"Vaulx-en-Velin (69120), Auvergne-Rhône-Alpes"
27194,Vaux-en-Beaujolais,Auvergne-Rhône-Alpes,Rhône,69460,46.046,4.577,"Vaux-en-Beaujolais (69460), Auvergne-Rhône-Alpes"
27195,Vauxrenard,Auvergne-Rhône-Alpes,Rhône,69820,46.217,4.638,"Vauxrenard (69820), Auvergne-Rhône-Alpes"
27196,Vénissieux,Auvergne-Rhône-Alpes,Rhône,69200,45.704,4.881,"Vénissieux (69200), Auvergne-Rhône-Alpes"
27197,Vernaison,Auvergne-Rhône-Alpes,Rhône,69390,45.649,4.809,"Vernaison (69390), Auvergne-Rhône-Alpes"
27198,Vernay,Auvergne-Rhône-Alpes,Rhône,69430,46.164,4.527,"Vernay (69430), Auvergne-Rhône-Alpes"
27199,Villechenève,Auvergne-Rhône-Alpes,Rhône,69770,45.817,4.407,"Villechenève (69770), Auvergne-Rhône-Alpes"
27200,Villefranche-sur-Saône,Auvergne-Rhône-Alpes,Rhône,69400,45.988,4.732,"Villefranche-sur-Saône (69400), Auvergne-Rhône-Alpes"
27201,Ville-sur-Jarnioux,Auvergne-Rhône-Alpes,Rhône,69640,45.97,4.598,"Ville-sur-Jarnioux (69640), Auvergne-Rhône-Alpes"
27202,Villeurbanne,Auvergne-Rhône-Alpes,Rhône,69100,45.771,4.888,"Villeurbanne (69100), Auvergne-Rhône-Alpes"
27203,Villié-Morgon,Auvergne-Rhône-Alpes,Rhône,69910,46.16,4.671,"Villié-Morgon (69910), Auvergne-Rhône-Alpes"
27204,Vourles,Auvergne-Rhône-Alpes,Rhône,69390,45.658,4.768,"Vourles (69390), Auvergne-Rhône-Alpes"
27205,Yzeron,Auvergne-Rhône-Alpes,Rhône,69510,45.71,4.595,"Yzeron (69510), Auvergne-Rhône-Alpes"
27206,Chaponnay,Auvergne-Rhône-Alpes,Rhône,69970,45.628,4.95,"Chaponnay (69970), Auvergne-Rhône-Alpes"
27207,Chassieu,Auvergne-Rhône-Alpes,Rhône,69680,45.738,4.962,"Chassieu (69680), Auvergne-Rhône-Alpes"
27208,Communay,Auvergne-Rhône-Alpes,Rhône,69360,45.598,4.839,"Communay (69360), Auvergne-Rhône-Alpes"
27209,Corbas,Auvergne-Rhône-Alpes,Rhône,69960,45.668,4.908,"Corbas (69960), Auvergne-Rhône-Alpes"
27210,Décines-Charpieu,Auvergne-Rhône-Alpes,Rhône,69150,45.772,4.961,"Décines-Charpieu (69150), Auvergne-Rhône-Alpes"
27211,Feyzin,Auvergne-Rhône-Alpes,Rhône,69320,45.673,4.857,"Feyzin (69320), Auvergne-Rhône-Alpes"
27212,Genas,Auvergne-Rhône-Alpes,Rhône,69740,45.73,5.016,"Genas (69740), Auvergne-Rhône-Alpes"
27213,Genay,Auvergne-Rhône-Alpes,Rhône,69730,45.898,4.839,"Genay (69730), Auvergne-Rhône-Alpes"
27214,Jonage,Auvergne-Rhône-Alpes,Rhône,69330,45.791,5.042,"Jonage (69330), Auvergne-Rhône-Alpes"
27215,Jons,Auvergne-Rhône-Alpes,Rhône,69330,45.8,5.078,"Jons (69330), Auvergne-Rhône-Alpes"
27216,Marennes,Auvergne-Rhône-Alpes,Rhône,69970,45.623,4.908,"Marennes (69970), Auvergne-Rhône-Alpes"
27217,Meyzieu,Auvergne-Rhône-Alpes,Rhône,69330,45.777,5.006,"Meyzieu (69330), Auvergne-Rhône-Alpes"
27218,Mions,Auvergne-Rhône-Alpes,Rhône,69780,45.665,4.949,"Mions (69780), Auvergne-Rhône-Alpes"
27219,Montanay,Auvergne-Rhône-Alpes,Rhône,69250,45.877,4.868,"Montanay (69250), Auvergne-Rhône-Alpes"
27220,Pusignan,Auvergne-Rhône-Alpes,Rhône,69330,45.754,5.067,"Pusignan (69330), Auvergne-Rhône-Alpes"
27221,Rillieux-la-Pape,Auvergne-Rhône-Alpes,Rhône,69140,45.821,4.898,"Rillieux-la-Pape (69140), Auvergne-Rhône-Alpes"
27222,Saint-Bonnet-de-Mure,Auvergne-Rhône-Alpes,Rhône,69720,45.696,5.022,"Saint-Bonnet-de-Mure (69720), Auvergne-Rhône-Alpes"
27223,Saint-Laurent-de-Mure,Auvergne-Rhône-Alpes,Rhône,69720,45.683,5.061,"Saint-Laurent-de-Mure (69720), Auvergne-Rhône-Alpes"
27224,Saint-Pierre-de-Chandieu,Auvergne-Rhône-Alpes,Rhône,69780,45.645,5.009,"Saint-Pierre-de-Chandieu (69780), Auvergne-Rhône-Alpes"
27225,Saint-Priest,Auvergne-Rhône-Alpes,Rhône,69800,45.702,4.949,"Saint-Priest (69800), Auvergne-Rhône-Alpes"
27226,Saint-Symphorien-d'Ozon,Auvergne-Rhône-Alpes,Rhône,69360,45.642,4.869,"Saint-Symphorien-d'Ozon (69360), Auvergne-Rhône-Alpes"
27227,Sathonay-Camp,Auvergne-Rhône-Alpes,Rhône,69580,45.826,4.874,"Sathonay-Camp (69580), Auvergne-Rhône-Alpes"
27228,Sathonay-Village,Auvergne-Rhône-Alpes,Rhône,69580,45.84,4.886,"Sathonay-Village (69580), Auvergne-Rhône-Alpes"
27229,Sérézin-du-Rhône,Auvergne-Rhône-Alpes,Rhône,69360,45.628,4.825,"Sérézin-du-Rhône (69360), Auvergne-Rhône-Alpes"
27230,Simandres,Auvergne-Rhône-Alpes,Rhône,69360,45.612,4.871,"Simandres (69360), Auvergne-Rhône-Alpes"
27231,Solaize,Auvergne-Rhône-Alpes,Rhône,69360,45.646,4.838,"Solaize (69360), Auvergne-Rhône-Alpes"
27232,Ternay,Auvergne-Rhône-Alpes,Rhône,69360,45.606,4.808,"Ternay (69360), Auvergne-Rhône-Alpes"
27233,Toussieu,Auvergne-Rhône-Alpes,Rhône,69780,45.658,4.982,"Toussieu (69780), Auvergne-Rhône-Alpes"
27234,Colombier-Saugnieu,Auvergne-Rhône-Alpes,Rhône,69125,45.718,5.103,"Colombier-Saugnieu (69125), Auvergne-Rhône-Alpes"
28692,Aiguebelette-le-Lac,Auvergne-Rhône-Alpes,Savoie,73610,45.548,5.814,"Aiguebelette-le-Lac (73610), Auvergne-Rhône-Alpes"
28693,Grand-Aigueblanche,Auvergne-Rhône-Alpes,Savoie,73260,45.52,6.515,"Grand-Aigueblanche (73260), Auvergne-Rhône-Alpes"
28694,Aillon-le-Jeune,Auvergne-Rhône-Alpes,Savoie,73340,45.609,6.089,"Aillon-le-Jeune (73340), Auvergne-Rhône-Alpes"
28695,Aillon-le-Vieux,Auvergne-Rhône-Alpes,Savoie,73340,45.651,6.088,"Aillon-le-Vieux (73340), Auvergne-Rhône-Alpes"
28696,Aime-la-Plagne,Auvergne-Rhône-Alpes,Savoie,73210,45.553,6.618,"Aime-la-Plagne (73210), Auvergne-Rhône-Alpes"
28697,Aiton,Auvergne-Rhône-Alpes,Savoie,73220,45.573,6.257,"Aiton (73220), Auvergne-Rhône-Alpes"
28698,Aix-les-Bains,Auvergne-Rhône-Alpes,Savoie,73100,45.698,5.904,"Aix-les-Bains (73100), Auvergne-Rhône-Alpes"
28699,Entrelacs,Auvergne-Rhône-Alpes,Savoie,73410,45.79,5.937,"Entrelacs (73410), Auvergne-Rhône-Alpes"
28700,Albertville,Auvergne-Rhône-Alpes,Savoie,73200,45.668,6.405,"Albertville (73200), Auvergne-Rhône-Alpes"
28701,Albiez-le-Jeune,Auvergne-Rhône-Alpes,Savoie,73300,45.239,6.358,"Albiez-le-Jeune (73300), Auvergne-Rhône-Alpes"
28702,Albiez-Montrond,Auvergne-Rhône-Alpes,Savoie,73300,45.188,6.34,"Albiez-Montrond (73300), Auvergne-Rhône-Alpes"
28703,Allondaz,Auvergne-Rhône-Alpes,Savoie,73200,45.712,6.372,"Allondaz (73200), Auvergne-Rhône-Alpes"
28704,Les Allues,Auvergne-Rhône-Alpes,Savoie,73550,45.37,6.588,"Les Allues (73550), Auvergne-Rhône-Alpes"
28705,Apremont,Auvergne-Rhône-Alpes,Savoie,73190,45.501,5.936,"Apremont (73190), Auvergne-Rhône-Alpes"
28706,Arbin,Auvergne-Rhône-Alpes,Savoie,73800,45.511,6.075,"Arbin (73800), Auvergne-Rhône-Alpes"
28707,Argentine,Auvergne-Rhône-Alpes,Savoie,73220,45.489,6.333,"Argentine (73220), Auvergne-Rhône-Alpes"
28708,Arith,Auvergne-Rhône-Alpes,Savoie,73340,45.721,6.063,"Arith (73340), Auvergne-Rhône-Alpes"
28709,Arvillard,Auvergne-Rhône-Alpes,Savoie,73110,45.41,6.17,"Arvillard (73110), Auvergne-Rhône-Alpes"
28710,Attignat-Oncin,Auvergne-Rhône-Alpes,Savoie,73610,45.514,5.779,"Attignat-Oncin (73610), Auvergne-Rhône-Alpes"
28711,Aussois,Auvergne-Rhône-Alpes,Savoie,73500,45.255,6.729,"Aussois (73500), Auvergne-Rhône-Alpes"
28712,Les Avanchers-Valmorel,Auvergne-Rhône-Alpes,Savoie,73260,45.461,6.444,"Les Avanchers-Valmorel (73260), Auvergne-Rhône-Alpes"
28713,Avressieux,Auvergne-Rhône-Alpes,Savoie,73240,45.571,5.694,"Avressieux (73240), Auvergne-Rhône-Alpes"
28714,Avrieux,Auvergne-Rhône-Alpes,Savoie,73500,45.178,6.747,"Avrieux (73500), Auvergne-Rhône-Alpes"
28715,Ayn,Auvergne-Rhône-Alpes,Savoie,73470,45.572,5.75,"Ayn (73470), Auvergne-Rhône-Alpes"
28716,La Balme,Auvergne-Rhône-Alpes,Savoie,73170,45.678,5.705,"La Balme (73170), Auvergne-Rhône-Alpes"
28717,Barberaz,Auvergne-Rhône-Alpes,Savoie,73000,45.552,5.939,"Barberaz (73000), Auvergne-Rhône-Alpes"
28718,Barby,Auvergne-Rhône-Alpes,Savoie,73230,45.57,5.983,"Barby (73230), Auvergne-Rhône-Alpes"
28719,Bassens,Auvergne-Rhône-Alpes,Savoie,73000,45.581,5.939,"Bassens (73000), Auvergne-Rhône-Alpes"
28720,La Bâthie,Auvergne-Rhône-Alpes,Savoie,73540,45.638,6.474,"La Bâthie (73540), Auvergne-Rhône-Alpes"
28721,La Bauche,Auvergne-Rhône-Alpes,Savoie,73360,45.482,5.77,"La Bauche (73360), Auvergne-Rhône-Alpes"
28722,Beaufort,Auvergne-Rhône-Alpes,Savoie,73270,45.686,6.603,"Beaufort (73270), Auvergne-Rhône-Alpes"
28723,Bellecombe-en-Bauges,Auvergne-Rhône-Alpes,Savoie,73340,45.738,6.145,"Bellecombe-en-Bauges (73340), Auvergne-Rhône-Alpes"
28724,Belmont-Tramonet,Auvergne-Rhône-Alpes,Savoie,73330,45.565,5.676,"Belmont-Tramonet (73330), Auvergne-Rhône-Alpes"
28725,Bessans,Auvergne-Rhône-Alpes,Savoie,73480,45.292,7.045,"Bessans (73480), Auvergne-Rhône-Alpes"
28726,Betton-Bettonet,Auvergne-Rhône-Alpes,Savoie,73390,45.527,6.182,"Betton-Bettonet (73390), Auvergne-Rhône-Alpes"
28727,Billième,Auvergne-Rhône-Alpes,Savoie,73170,45.719,5.815,"Billième (73170), Auvergne-Rhône-Alpes"
28728,La Biolle,Auvergne-Rhône-Alpes,Savoie,73410,45.759,5.916,"La Biolle (73410), Auvergne-Rhône-Alpes"
28729,Bonneval-sur-Arc,Auvergne-Rhône-Alpes,Savoie,73480,45.386,7.092,"Bonneval-sur-Arc (73480), Auvergne-Rhône-Alpes"
28730,Bonvillard,Auvergne-Rhône-Alpes,Savoie,73460,45.582,6.33,"Bonvillard (73460), Auvergne-Rhône-Alpes"
28731,Bonvillaret,Auvergne-Rhône-Alpes,Savoie,73220,45.563,6.315,"Bonvillaret (73220), Auvergne-Rhône-Alpes"
28732,Bourdeau,Auvergne-Rhône-Alpes,Savoie,73370,45.677,5.854,"Bourdeau (73370), Auvergne-Rhône-Alpes"
28733,Le Bourget-du-Lac,Auvergne-Rhône-Alpes,Savoie,73370,45.644,5.846,"Le Bourget-du-Lac (73370), Auvergne-Rhône-Alpes"
28734,Bourget-en-Huile,Auvergne-Rhône-Alpes,Savoie,73110,45.482,6.212,"Bourget-en-Huile (73110), Auvergne-Rhône-Alpes"
28735,Bourgneuf,Auvergne-Rhône-Alpes,Savoie,73390,45.553,6.247,"Bourgneuf (73390), Auvergne-Rhône-Alpes"
28736,Bourg-Saint-Maurice,Auvergne-Rhône-Alpes,Savoie,73700,45.665,6.766,"Bourg-Saint-Maurice (73700), Auvergne-Rhône-Alpes"
28737,Bozel,Auvergne-Rhône-Alpes,Savoie,73350,45.462,6.651,"Bozel (73350), Auvergne-Rhône-Alpes"
28738,Brides-les-Bains,Auvergne-Rhône-Alpes,Savoie,73570,45.454,6.568,"Brides-les-Bains (73570), Auvergne-Rhône-Alpes"
28739,La Bridoire,Auvergne-Rhône-Alpes,Savoie,73520,45.53,5.738,"La Bridoire (73520), Auvergne-Rhône-Alpes"
28740,Brison-Saint-Innocent,Auvergne-Rhône-Alpes,Savoie,73100,45.74,5.882,"Brison-Saint-Innocent (73100), Auvergne-Rhône-Alpes"
28741,Césarches,Auvergne-Rhône-Alpes,Savoie,73200,45.703,6.414,"Césarches (73200), Auvergne-Rhône-Alpes"
28742,Cevins,Auvergne-Rhône-Alpes,Savoie,73730,45.609,6.497,"Cevins (73730), Auvergne-Rhône-Alpes"
28743,Challes-les-Eaux,Auvergne-Rhône-Alpes,Savoie,73190,45.549,5.984,"Challes-les-Eaux (73190), Auvergne-Rhône-Alpes"
28744,Chambéry,Auvergne-Rhône-Alpes,Savoie,73000,45.583,5.909,"Chambéry (73000), Auvergne-Rhône-Alpes"
28745,La Chambre,Auvergne-Rhône-Alpes,Savoie,73130,45.367,6.294,"La Chambre (73130), Auvergne-Rhône-Alpes"
28746,Chamousset,Auvergne-Rhône-Alpes,Savoie,73390,45.565,6.207,"Chamousset (73390), Auvergne-Rhône-Alpes"
28747,Chamoux-sur-Gelon,Auvergne-Rhône-Alpes,Savoie,73390,45.534,6.218,"Chamoux-sur-Gelon (73390), Auvergne-Rhône-Alpes"
28748,Champagneux,Auvergne-Rhône-Alpes,Savoie,73240,45.627,5.668,"Champagneux (73240), Auvergne-Rhône-Alpes"
28749,Champagny-en-Vanoise,Auvergne-Rhône-Alpes,Savoie,73350,45.45,6.778,"Champagny-en-Vanoise (73350), Auvergne-Rhône-Alpes"
28750,Champ-Laurent,Auvergne-Rhône-Alpes,Savoie,73390,45.508,6.208,"Champ-Laurent (73390), Auvergne-Rhône-Alpes"
28751,Chanaz,Auvergne-Rhône-Alpes,Savoie,73310,45.804,5.796,"Chanaz (73310), Auvergne-Rhône-Alpes"
28752,La Chapelle,Auvergne-Rhône-Alpes,Savoie,73660,45.422,6.294,"La Chapelle (73660), Auvergne-Rhône-Alpes"
28753,La Chapelle-Blanche,Auvergne-Rhône-Alpes,Savoie,73110,45.45,6.074,"La Chapelle-Blanche (73110), Auvergne-Rhône-Alpes"
28754,La Chapelle-du-Mont-du-Chat,Auvergne-Rhône-Alpes,Savoie,73370,45.714,5.855,"La Chapelle-du-Mont-du-Chat (73370), Auvergne-Rhône-Alpes"
28755,Les Chapelles,Auvergne-Rhône-Alpes,Savoie,73700,45.607,6.712,"Les Chapelles (73700), Auvergne-Rhône-Alpes"
28756,La Chapelle-Saint-Martin,Auvergne-Rhône-Alpes,Savoie,73170,45.65,5.754,"La Chapelle-Saint-Martin (73170), Auvergne-Rhône-Alpes"
28757,Châteauneuf,Auvergne-Rhône-Alpes,Savoie,73390,45.547,6.181,"Châteauneuf (73390), Auvergne-Rhône-Alpes"
28758,Le Châtelard,Auvergne-Rhône-Alpes,Savoie,73630,45.681,6.13,"Le Châtelard (73630), Auvergne-Rhône-Alpes"
28759,La Chavanne,Auvergne-Rhône-Alpes,Savoie,73800,45.493,6.066,"La Chavanne (73800), Auvergne-Rhône-Alpes"
28760,Les Chavannes-en-Maurienne,Auvergne-Rhône-Alpes,Savoie,73660,45.39,6.289,"Les Chavannes-en-Maurienne (73660), Auvergne-Rhône-Alpes"
28761,Chignin,Auvergne-Rhône-Alpes,Savoie,73800,45.524,6.014,"Chignin (73800), Auvergne-Rhône-Alpes"
28762,Chindrieux,Auvergne-Rhône-Alpes,Savoie,73310,45.813,5.845,"Chindrieux (73310), Auvergne-Rhône-Alpes"
28763,Cléry,Auvergne-Rhône-Alpes,Savoie,73460,45.648,6.273,"Cléry (73460), Auvergne-Rhône-Alpes"
28764,Cognin,Auvergne-Rhône-Alpes,Savoie,73160,45.56,5.892,"Cognin (73160), Auvergne-Rhône-Alpes"
28765,Cohennoz,Auvergne-Rhône-Alpes,Savoie,73590,45.763,6.496,"Cohennoz (73590), Auvergne-Rhône-Alpes"
28766,Coise-Saint-Jean-Pied-Gauthier,Auvergne-Rhône-Alpes,Savoie,73800,45.526,6.131,"Coise-Saint-Jean-Pied-Gauthier (73800), Auvergne-Rhône-Alpes"
28767,La Compôte,Auvergne-Rhône-Alpes,Savoie,73630,45.66,6.148,"La Compôte (73630), Auvergne-Rhône-Alpes"
28768,Conjux,Auvergne-Rhône-Alpes,Savoie,73310,45.794,5.823,"Conjux (73310), Auvergne-Rhône-Alpes"
28769,Corbel,Auvergne-Rhône-Alpes,Savoie,73160,45.439,5.829,"Corbel (73160), Auvergne-Rhône-Alpes"
28770,Crest-Voland,Auvergne-Rhône-Alpes,Savoie,73590,45.79,6.516,"Crest-Voland (73590), Auvergne-Rhône-Alpes"
28771,La Croix-de-la-Rochette,Auvergne-Rhône-Alpes,Savoie,73110,45.475,6.118,"La Croix-de-la-Rochette (73110), Auvergne-Rhône-Alpes"
28772,Cruet,Auvergne-Rhône-Alpes,Savoie,73800,45.531,6.093,"Cruet (73800), Auvergne-Rhône-Alpes"
28773,Curienne,Auvergne-Rhône-Alpes,Savoie,73190,45.56,6.011,"Curienne (73190), Auvergne-Rhône-Alpes"
28774,Les Déserts,Auvergne-Rhône-Alpes,Savoie,73230,45.641,5.996,"Les Déserts (73230), Auvergne-Rhône-Alpes"
28775,Détrier,Auvergne-Rhône-Alpes,Savoie,73110,45.446,6.099,"Détrier (73110), Auvergne-Rhône-Alpes"
28776,Domessin,Auvergne-Rhône-Alpes,Savoie,73330,45.537,5.702,"Domessin (73330), Auvergne-Rhône-Alpes"
28777,Doucy-en-Bauges,Auvergne-Rhône-Alpes,Savoie,73630,45.696,6.176,"Doucy-en-Bauges (73630), Auvergne-Rhône-Alpes"
28778,Drumettaz-Clarafond,Auvergne-Rhône-Alpes,Savoie,73420,45.661,5.938,"Drumettaz-Clarafond (73420), Auvergne-Rhône-Alpes"
28779,Dullin,Auvergne-Rhône-Alpes,Savoie,73610,45.551,5.749,"Dullin (73610), Auvergne-Rhône-Alpes"
28780,Les Échelles,Auvergne-Rhône-Alpes,Savoie,73360,45.452,5.743,"Les Échelles (73360), Auvergne-Rhône-Alpes"
28781,École,Auvergne-Rhône-Alpes,Savoie,73630,45.629,6.188,"École (73630), Auvergne-Rhône-Alpes"
28782,Entremont-le-Vieux,Auvergne-Rhône-Alpes,Savoie,73670,45.462,5.885,"Entremont-le-Vieux (73670), Auvergne-Rhône-Alpes"
28783,Épierre,Auvergne-Rhône-Alpes,Savoie,73220,45.452,6.325,"Épierre (73220), Auvergne-Rhône-Alpes"
28784,Esserts-Blay,Auvergne-Rhône-Alpes,Savoie,73540,45.627,6.419,"Esserts-Blay (73540), Auvergne-Rhône-Alpes"
28785,Feissons-sur-Salins,Auvergne-Rhône-Alpes,Savoie,73350,45.473,6.561,"Feissons-sur-Salins (73350), Auvergne-Rhône-Alpes"
28786,Flumet,Auvergne-Rhône-Alpes,Savoie,73590,45.835,6.53,"Flumet (73590), Auvergne-Rhône-Alpes"
28787,Fontcouverte-la-Toussuire,Auvergne-Rhône-Alpes,Savoie,73300,45.246,6.282,"Fontcouverte-la-Toussuire (73300), Auvergne-Rhône-Alpes"
28788,Fourneaux,Auvergne-Rhône-Alpes,Savoie,73500,45.179,6.638,"Fourneaux (73500), Auvergne-Rhône-Alpes"
28789,Freney,Auvergne-Rhône-Alpes,Savoie,73500,45.184,6.612,"Freney (73500), Auvergne-Rhône-Alpes"
28790,Fréterive,Auvergne-Rhône-Alpes,Savoie,73250,45.592,6.209,"Fréterive (73250), Auvergne-Rhône-Alpes"
28791,Frontenex,Auvergne-Rhône-Alpes,Savoie,73460,45.633,6.311,"Frontenex (73460), Auvergne-Rhône-Alpes"
28792,Gerbaix,Auvergne-Rhône-Alpes,Savoie,73470,45.607,5.737,"Gerbaix (73470), Auvergne-Rhône-Alpes"
28793,La Giettaz,Auvergne-Rhône-Alpes,Savoie,73590,45.874,6.51,"La Giettaz (73590), Auvergne-Rhône-Alpes"
28794,Gilly-sur-Isère,Auvergne-Rhône-Alpes,Savoie,73200,45.653,6.35,"Gilly-sur-Isère (73200), Auvergne-Rhône-Alpes"
28795,Grésy-sur-Aix,Auvergne-Rhône-Alpes,Savoie,73100,45.724,5.934,"Grésy-sur-Aix (73100), Auvergne-Rhône-Alpes"
28796,Grésy-sur-Isère,Auvergne-Rhône-Alpes,Savoie,73460,45.601,6.246,"Grésy-sur-Isère (73460), Auvergne-Rhône-Alpes"
28797,Grignon,Auvergne-Rhône-Alpes,Savoie,73200,45.642,6.384,"Grignon (73200), Auvergne-Rhône-Alpes"
28798,Hautecour,Auvergne-Rhône-Alpes,Savoie,73600,45.517,6.544,"Hautecour (73600), Auvergne-Rhône-Alpes"
28799,Hauteluce,Auvergne-Rhône-Alpes,Savoie,73620,45.764,6.615,"Hauteluce (73620), Auvergne-Rhône-Alpes"
28800,Hauteville,Auvergne-Rhône-Alpes,Savoie,73390,45.528,6.166,"Hauteville (73390), Auvergne-Rhône-Alpes"
28801,La Tour-en-Maurienne,Auvergne-Rhône-Alpes,Savoie,73300,45.305,6.39,"La Tour-en-Maurienne (73300), Auvergne-Rhône-Alpes"
28802,Jacob-Bellecombette,Auvergne-Rhône-Alpes,Savoie,73000,45.552,5.917,"Jacob-Bellecombette (73000), Auvergne-Rhône-Alpes"
28803,Jarrier,Auvergne-Rhône-Alpes,Savoie,73300,45.287,6.308,"Jarrier (73300), Auvergne-Rhône-Alpes"
28804,Jarsy,Auvergne-Rhône-Alpes,Savoie,73630,45.669,6.213,"Jarsy (73630), Auvergne-Rhône-Alpes"
28805,Jongieux,Auvergne-Rhône-Alpes,Savoie,73170,45.737,5.801,"Jongieux (73170), Auvergne-Rhône-Alpes"
28806,Laissaud,Auvergne-Rhône-Alpes,Savoie,73800,45.454,6.032,"Laissaud (73800), Auvergne-Rhône-Alpes"
28807,Landry,Auvergne-Rhône-Alpes,Savoie,73210,45.564,6.762,"Landry (73210), Auvergne-Rhône-Alpes"
28808,Lépin-le-Lac,Auvergne-Rhône-Alpes,Savoie,73610,45.536,5.792,"Lépin-le-Lac (73610), Auvergne-Rhône-Alpes"
28809,Lescheraines,Auvergne-Rhône-Alpes,Savoie,73340,45.707,6.103,"Lescheraines (73340), Auvergne-Rhône-Alpes"
28810,Loisieux,Auvergne-Rhône-Alpes,Savoie,73170,45.648,5.726,"Loisieux (73170), Auvergne-Rhône-Alpes"
28811,Lucey,Auvergne-Rhône-Alpes,Savoie,73170,45.761,5.794,"Lucey (73170), Auvergne-Rhône-Alpes"
28812,La Plagne Tarentaise,Auvergne-Rhône-Alpes,Savoie,73210,45.522,6.694,"La Plagne Tarentaise (73210), Auvergne-Rhône-Alpes"
28813,Porte-de-Savoie,Auvergne-Rhône-Alpes,Savoie,73800,45.492,5.992,"Porte-de-Savoie (73800), Auvergne-Rhône-Alpes"
28814,Marcieux,Auvergne-Rhône-Alpes,Savoie,73470,45.615,5.779,"Marcieux (73470), Auvergne-Rhône-Alpes"
28815,Marthod,Auvergne-Rhône-Alpes,Savoie,73400,45.732,6.394,"Marthod (73400), Auvergne-Rhône-Alpes"
28816,Mercury,Auvergne-Rhône-Alpes,Savoie,73200,45.688,6.344,"Mercury (73200), Auvergne-Rhône-Alpes"
28817,Méry,Auvergne-Rhône-Alpes,Savoie,73420,45.637,5.935,"Méry (73420), Auvergne-Rhône-Alpes"
28818,Meyrieux-Trouet,Auvergne-Rhône-Alpes,Savoie,73170,45.647,5.786,"Meyrieux-Trouet (73170), Auvergne-Rhône-Alpes"
28819,Modane,Auvergne-Rhône-Alpes,Savoie,73500,45.175,6.648,"Modane (73500), Auvergne-Rhône-Alpes"
28820,Les Mollettes,Auvergne-Rhône-Alpes,Savoie,73800,45.466,6.059,"Les Mollettes (73800), Auvergne-Rhône-Alpes"
28821,Montagnole,Auvergne-Rhône-Alpes,Savoie,73000,45.524,5.911,"Montagnole (73000), Auvergne-Rhône-Alpes"
28822,Montagny,Auvergne-Rhône-Alpes,Savoie,73350,45.466,6.599,"Montagny (73350), Auvergne-Rhône-Alpes"
28823,Montailleur,Auvergne-Rhône-Alpes,Savoie,73460,45.619,6.266,"Montailleur (73460), Auvergne-Rhône-Alpes"
28824,Montcel,Auvergne-Rhône-Alpes,Savoie,73100,45.709,5.99,"Montcel (73100), Auvergne-Rhône-Alpes"
28825,Montendry,Auvergne-Rhône-Alpes,Savoie,73390,45.523,6.24,"Montendry (73390), Auvergne-Rhône-Alpes"
28826,Montgilbert,Auvergne-Rhône-Alpes,Savoie,73220,45.536,6.276,"Montgilbert (73220), Auvergne-Rhône-Alpes"
28827,Monthion,Auvergne-Rhône-Alpes,Savoie,73200,45.622,6.373,"Monthion (73200), Auvergne-Rhône-Alpes"
28828,Montmélian,Auvergne-Rhône-Alpes,Savoie,73800,45.508,6.056,"Montmélian (73800), Auvergne-Rhône-Alpes"
28829,Montricher-Albanne,Auvergne-Rhône-Alpes,Savoie,73870,45.215,6.408,"Montricher-Albanne (73870), Auvergne-Rhône-Alpes"
28830,Montsapey,Auvergne-Rhône-Alpes,Savoie,73220,45.532,6.367,"Montsapey (73220), Auvergne-Rhône-Alpes"
28831,Montvalezan,Auvergne-Rhône-Alpes,Savoie,73700,45.633,6.875,"Montvalezan (73700), Auvergne-Rhône-Alpes"
28832,Montvernier,Auvergne-Rhône-Alpes,Savoie,73300,45.333,6.335,"Montvernier (73300), Auvergne-Rhône-Alpes"
28833,La Motte-en-Bauges,Auvergne-Rhône-Alpes,Savoie,73340,45.712,6.132,"La Motte-en-Bauges (73340), Auvergne-Rhône-Alpes"
28834,La Motte-Servolex,Auvergne-Rhône-Alpes,Savoie,73290,45.601,5.854,"La Motte-Servolex (73290), Auvergne-Rhône-Alpes"
28835,Motz,Auvergne-Rhône-Alpes,Savoie,73310,45.919,5.845,"Motz (73310), Auvergne-Rhône-Alpes"
28836,Moûtiers,Auvergne-Rhône-Alpes,Savoie,73600,45.486,6.537,"Moûtiers (73600), Auvergne-Rhône-Alpes"
28837,Mouxy,Auvergne-Rhône-Alpes,Savoie,73100,45.68,5.948,"Mouxy (73100), Auvergne-Rhône-Alpes"
28838,Myans,Auvergne-Rhône-Alpes,Savoie,73800,45.519,5.978,"Myans (73800), Auvergne-Rhône-Alpes"
28839,Nances,Auvergne-Rhône-Alpes,Savoie,73470,45.586,5.803,"Nances (73470), Auvergne-Rhône-Alpes"
28840,Notre-Dame-de-Bellecombe,Auvergne-Rhône-Alpes,Savoie,73590,45.795,6.557,"Notre-Dame-de-Bellecombe (73590), Auvergne-Rhône-Alpes"
28841,La Léchère,Auvergne-Rhône-Alpes,Savoie,73260,45.527,6.461,"La Léchère (73260), Auvergne-Rhône-Alpes"
28842,Notre-Dame-des-Millières,Auvergne-Rhône-Alpes,Savoie,73460,45.613,6.356,"Notre-Dame-des-Millières (73460), Auvergne-Rhône-Alpes"
28843,Notre-Dame-du-Cruet,Auvergne-Rhône-Alpes,Savoie,73130,45.375,6.31,"Notre-Dame-du-Cruet (73130), Auvergne-Rhône-Alpes"
28844,Notre-Dame-du-Pré,Auvergne-Rhône-Alpes,Savoie,73600,45.503,6.605,"Notre-Dame-du-Pré (73600), Auvergne-Rhône-Alpes"
28845,Novalaise,Auvergne-Rhône-Alpes,Savoie,73470,45.588,5.772,"Novalaise (73470), Auvergne-Rhône-Alpes"
28846,Le Noyer,Auvergne-Rhône-Alpes,Savoie,73340,45.667,6.055,"Le Noyer (73340), Auvergne-Rhône-Alpes"
28847,Ontex,Auvergne-Rhône-Alpes,Savoie,73310,45.749,5.823,"Ontex (73310), Auvergne-Rhône-Alpes"
28848,Orelle,Auvergne-Rhône-Alpes,Savoie,73140,45.198,6.561,"Orelle (73140), Auvergne-Rhône-Alpes"
28849,Pallud,Auvergne-Rhône-Alpes,Savoie,73200,45.693,6.39,"Pallud (73200), Auvergne-Rhône-Alpes"
28850,Peisey-Nancroix,Auvergne-Rhône-Alpes,Savoie,73210,45.51,6.815,"Peisey-Nancroix (73210), Auvergne-Rhône-Alpes"
28851,Planaise,Auvergne-Rhône-Alpes,Savoie,73800,45.507,6.094,"Planaise (73800), Auvergne-Rhône-Alpes"
28852,Planay,Auvergne-Rhône-Alpes,Savoie,73350,45.423,6.715,"Planay (73350), Auvergne-Rhône-Alpes"
28853,Plancherine,Auvergne-Rhône-Alpes,Savoie,73200,45.678,6.294,"Plancherine (73200), Auvergne-Rhône-Alpes"
28854,Le Pont-de-Beauvoisin,Auvergne-Rhône-Alpes,Savoie,73330,45.536,5.681,"Le Pont-de-Beauvoisin (73330), Auvergne-Rhône-Alpes"
28855,Le Pontet,Auvergne-Rhône-Alpes,Savoie,73110,45.497,6.236,"Le Pontet (73110), Auvergne-Rhône-Alpes"
28856,Pralognan-la-Vanoise,Auvergne-Rhône-Alpes,Savoie,73710,45.35,6.72,"Pralognan-la-Vanoise (73710), Auvergne-Rhône-Alpes"
28857,Presle,Auvergne-Rhône-Alpes,Savoie,73110,45.442,6.169,"Presle (73110), Auvergne-Rhône-Alpes"
28858,Pugny-Chatenod,Auvergne-Rhône-Alpes,Savoie,73100,45.692,5.955,"Pugny-Chatenod (73100), Auvergne-Rhône-Alpes"
28859,Puygros,Auvergne-Rhône-Alpes,Savoie,73190,45.569,6.041,"Puygros (73190), Auvergne-Rhône-Alpes"
28860,Queige,Auvergne-Rhône-Alpes,Savoie,73720,45.707,6.465,"Queige (73720), Auvergne-Rhône-Alpes"
28861,Val-d'Arc,Auvergne-Rhône-Alpes,Savoie,73220,45.544,6.328,"Val-d'Arc (73220), Auvergne-Rhône-Alpes"
28862,La Ravoire,Auvergne-Rhône-Alpes,Savoie,73490,45.556,5.96,"La Ravoire (73490), Auvergne-Rhône-Alpes"
28863,Rochefort,Auvergne-Rhône-Alpes,Savoie,73240,45.581,5.714,"Rochefort (73240), Auvergne-Rhône-Alpes"
28864,Valgelon-La Rochette,Auvergne-Rhône-Alpes,Savoie,73110,45.459,6.112,"Valgelon-La Rochette (73110), Auvergne-Rhône-Alpes"
28865,Rognaix,Auvergne-Rhône-Alpes,Savoie,73730,45.571,6.423,"Rognaix (73730), Auvergne-Rhône-Alpes"
28866,Rotherens,Auvergne-Rhône-Alpes,Savoie,73110,45.472,6.137,"Rotherens (73110), Auvergne-Rhône-Alpes"
28867,Ruffieux,Auvergne-Rhône-Alpes,Savoie,73310,45.852,5.843,"Ruffieux (73310), Auvergne-Rhône-Alpes"
28868,Saint-Alban-de-Montbel,Auvergne-Rhône-Alpes,Savoie,73610,45.552,5.779,"Saint-Alban-de-Montbel (73610), Auvergne-Rhône-Alpes"
28869,Saint-Alban-d'Hurtières,Auvergne-Rhône-Alpes,Savoie,73220,45.468,6.249,"Saint-Alban-d'Hurtières (73220), Auvergne-Rhône-Alpes"
28870,Saint-Alban-des-Villards,Auvergne-Rhône-Alpes,Savoie,73130,45.315,6.236,"Saint-Alban-des-Villards (73130), Auvergne-Rhône-Alpes"
28871,Saint-Alban-Leysse,Auvergne-Rhône-Alpes,Savoie,73230,45.588,5.958,"Saint-Alban-Leysse (73230), Auvergne-Rhône-Alpes"
28872,Saint-André,Auvergne-Rhône-Alpes,Savoie,73500,45.224,6.616,"Saint-André (73500), Auvergne-Rhône-Alpes"
28873,Saint-Avre,Auvergne-Rhône-Alpes,Savoie,73130,45.349,6.316,"Saint-Avre (73130), Auvergne-Rhône-Alpes"
28874,Saint-Baldoph,Auvergne-Rhône-Alpes,Savoie,73190,45.53,5.946,"Saint-Baldoph (73190), Auvergne-Rhône-Alpes"
28875,Saint-Béron,Auvergne-Rhône-Alpes,Savoie,73520,45.507,5.725,"Saint-Béron (73520), Auvergne-Rhône-Alpes"
28876,Courchevel,Auvergne-Rhône-Alpes,Savoie,73120,45.39,6.647,"Courchevel (73120), Auvergne-Rhône-Alpes"
28877,Saint-Cassin,Auvergne-Rhône-Alpes,Savoie,73160,45.521,5.879,"Saint-Cassin (73160), Auvergne-Rhône-Alpes"
28878,Saint-Christophe,Auvergne-Rhône-Alpes,Savoie,73360,45.452,5.786,"Saint-Christophe (73360), Auvergne-Rhône-Alpes"
28879,Saint-Colomban-des-Villards,Auvergne-Rhône-Alpes,Savoie,73130,45.267,6.183,"Saint-Colomban-des-Villards (73130), Auvergne-Rhône-Alpes"
28880,Saint-Étienne-de-Cuines,Auvergne-Rhône-Alpes,Savoie,73130,45.346,6.26,"Saint-Étienne-de-Cuines (73130), Auvergne-Rhône-Alpes"
28881,Sainte-Foy-Tarentaise,Auvergne-Rhône-Alpes,Savoie,73640,45.584,6.941,"Sainte-Foy-Tarentaise (73640), Auvergne-Rhône-Alpes"
28882,Saint-Franc,Auvergne-Rhône-Alpes,Savoie,73360,45.49,5.743,"Saint-Franc (73360), Auvergne-Rhône-Alpes"
28883,Saint-François-de-Sales,Auvergne-Rhône-Alpes,Savoie,73340,45.683,6.037,"Saint-François-de-Sales (73340), Auvergne-Rhône-Alpes"
28884,Saint François Longchamp,Auvergne-Rhône-Alpes,Savoie,73130,45.412,6.374,"Saint François Longchamp (73130), Auvergne-Rhône-Alpes"
28885,Saint-Genix-les-Villages,Auvergne-Rhône-Alpes,Savoie,73240,45.596,5.656,"Saint-Genix-les-Villages (73240), Auvergne-Rhône-Alpes"
28886,Saint-Georges-d'Hurtières,Auvergne-Rhône-Alpes,Savoie,73220,45.508,6.285,"Saint-Georges-d'Hurtières (73220), Auvergne-Rhône-Alpes"
28887,Sainte-Hélène-du-Lac,Auvergne-Rhône-Alpes,Savoie,73800,45.48,6.055,"Sainte-Hélène-du-Lac (73800), Auvergne-Rhône-Alpes"
28888,Sainte-Hélène-sur-Isère,Auvergne-Rhône-Alpes,Savoie,73460,45.602,6.326,"Sainte-Hélène-sur-Isère (73460), Auvergne-Rhône-Alpes"
28889,Saint-Jean-d'Arves,Auvergne-Rhône-Alpes,Savoie,73530,45.166,6.272,"Saint-Jean-d'Arves (73530), Auvergne-Rhône-Alpes"
28890,Saint-Jean-d'Arvey,Auvergne-Rhône-Alpes,Savoie,73230,45.597,5.991,"Saint-Jean-d'Arvey (73230), Auvergne-Rhône-Alpes"
28891,Saint-Jean-de-Chevelu,Auvergne-Rhône-Alpes,Savoie,73170,45.696,5.826,"Saint-Jean-de-Chevelu (73170), Auvergne-Rhône-Alpes"
28892,Saint-Jean-de-Couz,Auvergne-Rhône-Alpes,Savoie,73160,45.465,5.814,"Saint-Jean-de-Couz (73160), Auvergne-Rhône-Alpes"
28893,Saint-Jean-de-la-Porte,Auvergne-Rhône-Alpes,Savoie,73250,45.559,6.12,"Saint-Jean-de-la-Porte (73250), Auvergne-Rhône-Alpes"
28894,Saint-Jean-de-Maurienne,Auvergne-Rhône-Alpes,Savoie,73300,45.271,6.346,"Saint-Jean-de-Maurienne (73300), Auvergne-Rhône-Alpes"
28895,Saint-Jeoire-Prieuré,Auvergne-Rhône-Alpes,Savoie,73190,45.533,5.989,"Saint-Jeoire-Prieuré (73190), Auvergne-Rhône-Alpes"
28896,Saint-Julien-Mont-Denis,Auvergne-Rhône-Alpes,Savoie,73870,45.28,6.418,"Saint-Julien-Mont-Denis (73870), Auvergne-Rhône-Alpes"
28897,Saint-Léger,Auvergne-Rhône-Alpes,Savoie,73220,45.44,6.264,"Saint-Léger (73220), Auvergne-Rhône-Alpes"
28898,Saint-Marcel,Auvergne-Rhône-Alpes,Savoie,73600,45.498,6.566,"Saint-Marcel (73600), Auvergne-Rhône-Alpes"
28899,Sainte-Marie-d'Alvey,Auvergne-Rhône-Alpes,Savoie,73240,45.594,5.715,"Sainte-Marie-d'Alvey (73240), Auvergne-Rhône-Alpes"
28900,Sainte-Marie-de-Cuines,Auvergne-Rhône-Alpes,Savoie,73130,45.319,6.294,"Sainte-Marie-de-Cuines (73130), Auvergne-Rhône-Alpes"
28901,Saint-Martin-d'Arc,Auvergne-Rhône-Alpes,Savoie,73140,45.207,6.459,"Saint-Martin-d'Arc (73140), Auvergne-Rhône-Alpes"
28902,Les Belleville,Auvergne-Rhône-Alpes,Savoie,73440,45.334,6.517,"Les Belleville (73440), Auvergne-Rhône-Alpes"
28903,Saint-Martin-de-la-Porte,Auvergne-Rhône-Alpes,Savoie,73140,45.264,6.46,"Saint-Martin-de-la-Porte (73140), Auvergne-Rhône-Alpes"
28904,Saint-Martin-sur-la-Chambre,Auvergne-Rhône-Alpes,Savoie,73130,45.372,6.323,"Saint-Martin-sur-la-Chambre (73130), Auvergne-Rhône-Alpes"
28905,Saint-Michel-de-Maurienne,Auvergne-Rhône-Alpes,Savoie,73140,45.238,6.493,"Saint-Michel-de-Maurienne (73140), Auvergne-Rhône-Alpes"
28906,Saint-Nicolas-la-Chapelle,Auvergne-Rhône-Alpes,Savoie,73590,45.824,6.479,"Saint-Nicolas-la-Chapelle (73590), Auvergne-Rhône-Alpes"
28907,Saint-Offenge,Auvergne-Rhône-Alpes,Savoie,73100,45.739,6.01,"Saint-Offenge (73100), Auvergne-Rhône-Alpes"
28908,Saint-Ours,Auvergne-Rhône-Alpes,Savoie,73410,45.756,5.981,"Saint-Ours (73410), Auvergne-Rhône-Alpes"
28909,Saint-Pancrace,Auvergne-Rhône-Alpes,Savoie,73300,45.266,6.301,"Saint-Pancrace (73300), Auvergne-Rhône-Alpes"
28910,Saint-Paul-sur-Isère,Auvergne-Rhône-Alpes,Savoie,73730,45.587,6.407,"Saint-Paul-sur-Isère (73730), Auvergne-Rhône-Alpes"
28911,Saint-Paul-sur-Yenne,Auvergne-Rhône-Alpes,Savoie,73170,45.673,5.792,"Saint-Paul-sur-Yenne (73170), Auvergne-Rhône-Alpes"
28912,Saint-Pierre-d'Albigny,Auvergne-Rhône-Alpes,Savoie,73250,45.576,6.16,"Saint-Pierre-d'Albigny (73250), Auvergne-Rhône-Alpes"
28913,Saint-Pierre-d'Alvey,Auvergne-Rhône-Alpes,Savoie,73170,45.626,5.739,"Saint-Pierre-d'Alvey (73170), Auvergne-Rhône-Alpes"
28914,Saint-Pierre-de-Belleville,Auvergne-Rhône-Alpes,Savoie,73220,45.454,6.259,"Saint-Pierre-de-Belleville (73220), Auvergne-Rhône-Alpes"
28915,Saint-Pierre-de-Curtille,Auvergne-Rhône-Alpes,Savoie,73310,45.766,5.829,"Saint-Pierre-de-Curtille (73310), Auvergne-Rhône-Alpes"
28916,Saint-Pierre-d'Entremont,Auvergne-Rhône-Alpes,Savoie,73670,45.418,5.88,"Saint-Pierre-d'Entremont (73670), Auvergne-Rhône-Alpes"
28917,Saint-Pierre-de-Genebroz,Auvergne-Rhône-Alpes,Savoie,73360,45.461,5.759,"Saint-Pierre-de-Genebroz (73360), Auvergne-Rhône-Alpes"
28918,Saint-Pierre-de-Soucy,Auvergne-Rhône-Alpes,Savoie,73800,45.488,6.105,"Saint-Pierre-de-Soucy (73800), Auvergne-Rhône-Alpes"
28919,Sainte-Reine,Auvergne-Rhône-Alpes,Savoie,73630,45.607,6.143,"Sainte-Reine (73630), Auvergne-Rhône-Alpes"
28920,Saint-Rémy-de-Maurienne,Auvergne-Rhône-Alpes,Savoie,73660,45.388,6.238,"Saint-Rémy-de-Maurienne (73660), Auvergne-Rhône-Alpes"
28921,Saint-Sorlin-d'Arves,Auvergne-Rhône-Alpes,Savoie,73530,45.201,6.202,"Saint-Sorlin-d'Arves (73530), Auvergne-Rhône-Alpes"
28922,Saint-Sulpice,Auvergne-Rhône-Alpes,Savoie,73160,45.564,5.845,"Saint-Sulpice (73160), Auvergne-Rhône-Alpes"
28923,Saint-Thibaud-de-Couz,Auvergne-Rhône-Alpes,Savoie,73160,45.494,5.832,"Saint-Thibaud-de-Couz (73160), Auvergne-Rhône-Alpes"
28924,Saint-Vital,Auvergne-Rhône-Alpes,Savoie,73460,45.626,6.3,"Saint-Vital (73460), Auvergne-Rhône-Alpes"
28925,Salins-Fontaine,Auvergne-Rhône-Alpes,Savoie,73600,45.472,6.53,"Salins-Fontaine (73600), Auvergne-Rhône-Alpes"
28926,Séez,Auvergne-Rhône-Alpes,Savoie,73700,45.648,6.836,"Séez (73700), Auvergne-Rhône-Alpes"
28927,Serrières-en-Chautagne,Auvergne-Rhône-Alpes,Savoie,73310,45.881,5.843,"Serrières-en-Chautagne (73310), Auvergne-Rhône-Alpes"
28928,Sonnaz,Auvergne-Rhône-Alpes,Savoie,73000,45.62,5.917,"Sonnaz (73000), Auvergne-Rhône-Alpes"
28929,La Table,Auvergne-Rhône-Alpes,Savoie,73110,45.472,6.186,"La Table (73110), Auvergne-Rhône-Alpes"
28930,Val-Cenis,Auvergne-Rhône-Alpes,Savoie,73480,45.344,6.848,"Val-Cenis (73480), Auvergne-Rhône-Alpes"
28931,Thénésol,Auvergne-Rhône-Alpes,Savoie,73200,45.718,6.387,"Thénésol (73200), Auvergne-Rhône-Alpes"
28932,Thoiry,Auvergne-Rhône-Alpes,Savoie,73230,45.599,6.044,"Thoiry (73230), Auvergne-Rhône-Alpes"
28933,La Thuile,Auvergne-Rhône-Alpes,Savoie,73190,45.541,6.056,"La Thuile (73190), Auvergne-Rhône-Alpes"
28934,Tignes,Auvergne-Rhône-Alpes,Savoie,73320,45.482,6.936,"Tignes (73320), Auvergne-Rhône-Alpes"
28935,Tournon,Auvergne-Rhône-Alpes,Savoie,73460,45.638,6.327,"Tournon (73460), Auvergne-Rhône-Alpes"
28936,Tours-en-Savoie,Auvergne-Rhône-Alpes,Savoie,73790,45.666,6.462,"Tours-en-Savoie (73790), Auvergne-Rhône-Alpes"
28937,Traize,Auvergne-Rhône-Alpes,Savoie,73170,45.672,5.737,"Traize (73170), Auvergne-Rhône-Alpes"
28938,Tresserve,Auvergne-Rhône-Alpes,Savoie,73100,45.674,5.89,"Tresserve (73100), Auvergne-Rhône-Alpes"
28939,Trévignin,Auvergne-Rhône-Alpes,Savoie,73100,45.705,5.969,"Trévignin (73100), Auvergne-Rhône-Alpes"
28940,La Trinité,Auvergne-Rhône-Alpes,Savoie,73110,45.504,6.152,"La Trinité (73110), Auvergne-Rhône-Alpes"
28941,Ugine,Auvergne-Rhône-Alpes,Savoie,73400,45.772,6.433,"Ugine (73400), Auvergne-Rhône-Alpes"
28942,Val-d'Isère,Auvergne-Rhône-Alpes,Savoie,73150,45.431,6.998,"Val-d'Isère (73150), Auvergne-Rhône-Alpes"
28943,Valloire,Auvergne-Rhône-Alpes,Savoie,73450,45.123,6.424,"Valloire (73450), Auvergne-Rhône-Alpes"
28944,Valmeinier,Auvergne-Rhône-Alpes,Savoie,73450,45.152,6.508,"Valmeinier (73450), Auvergne-Rhône-Alpes"
28945,Venthon,Auvergne-Rhône-Alpes,Savoie,73200,45.687,6.418,"Venthon (73200), Auvergne-Rhône-Alpes"
28946,Verel-de-Montbel,Auvergne-Rhône-Alpes,Savoie,73330,45.554,5.724,"Verel-de-Montbel (73330), Auvergne-Rhône-Alpes"
28947,Verel-Pragondran,Auvergne-Rhône-Alpes,Savoie,73230,45.621,5.953,"Verel-Pragondran (73230), Auvergne-Rhône-Alpes"
28948,Le Verneil,Auvergne-Rhône-Alpes,Savoie,73110,45.451,6.185,"Le Verneil (73110), Auvergne-Rhône-Alpes"
28949,Verrens-Arvey,Auvergne-Rhône-Alpes,Savoie,73460,45.663,6.29,"Verrens-Arvey (73460), Auvergne-Rhône-Alpes"
28950,Verthemex,Auvergne-Rhône-Alpes,Savoie,73170,45.629,5.798,"Verthemex (73170), Auvergne-Rhône-Alpes"
28951,Villard-d'Héry,Auvergne-Rhône-Alpes,Savoie,73800,45.514,6.139,"Villard-d'Héry (73800), Auvergne-Rhône-Alpes"
28952,Villard-Léger,Auvergne-Rhône-Alpes,Savoie,73390,45.501,6.174,"Villard-Léger (73390), Auvergne-Rhône-Alpes"
28953,Villard-Sallet,Auvergne-Rhône-Alpes,Savoie,73110,45.486,6.135,"Villard-Sallet (73110), Auvergne-Rhône-Alpes"
28954,Villard-sur-Doron,Auvergne-Rhône-Alpes,Savoie,73270,45.728,6.519,"Villard-sur-Doron (73270), Auvergne-Rhône-Alpes"
28955,Villarembert,Auvergne-Rhône-Alpes,Savoie,73300,45.24,6.264,"Villarembert (73300), Auvergne-Rhône-Alpes"
28956,Villargondran,Auvergne-Rhône-Alpes,Savoie,73300,45.253,6.379,"Villargondran (73300), Auvergne-Rhône-Alpes"
28957,Villarodin-Bourget,Auvergne-Rhône-Alpes,Savoie,73500,45.219,6.692,"Villarodin-Bourget (73500), Auvergne-Rhône-Alpes"
28958,Villaroger,Auvergne-Rhône-Alpes,Savoie,73640,45.558,6.869,"Villaroger (73640), Auvergne-Rhône-Alpes"
28959,Villaroux,Auvergne-Rhône-Alpes,Savoie,73110,45.462,6.079,"Villaroux (73110), Auvergne-Rhône-Alpes"
28960,Vimines,Auvergne-Rhône-Alpes,Savoie,73160,45.539,5.85,"Vimines (73160), Auvergne-Rhône-Alpes"
28961,Vions,Auvergne-Rhône-Alpes,Savoie,73310,45.831,5.808,"Vions (73310), Auvergne-Rhône-Alpes"
28962,Viviers-du-Lac,Auvergne-Rhône-Alpes,Savoie,73420,45.65,5.898,"Viviers-du-Lac (73420), Auvergne-Rhône-Alpes"
28963,Voglans,Auvergne-Rhône-Alpes,Savoie,73420,45.627,5.891,"Voglans (73420), Auvergne-Rhône-Alpes"
28964,Yenne,Auvergne-Rhône-Alpes,Savoie,73170,45.702,5.765,"Yenne (73170), Auvergne-Rhône-Alpes"
28965,Abondance,Auvergne-Rhône-Alpes,Haute-Savoie,74360,46.266,6.732,"Abondance (74360), Auvergne-Rhône-Alpes"
28966,Alby-sur-Chéran,Auvergne-Rhône-Alpes,Haute-Savoie,74540,45.816,6.016,"Alby-sur-Chéran (74540), Auvergne-Rhône-Alpes"
28967,Alex,Auvergne-Rhône-Alpes,Haute-Savoie,74290,45.881,6.236,"Alex (74290), Auvergne-Rhône-Alpes"
28968,Allèves,Auvergne-Rhône-Alpes,Haute-Savoie,74540,45.759,6.086,"Allèves (74540), Auvergne-Rhône-Alpes"
28969,Allinges,Auvergne-Rhône-Alpes,Haute-Savoie,74200,46.334,6.465,"Allinges (74200), Auvergne-Rhône-Alpes"
28970,Allonzier-la-Caille,Auvergne-Rhône-Alpes,Haute-Savoie,74350,46.0,6.105,"Allonzier-la-Caille (74350), Auvergne-Rhône-Alpes"
28971,Amancy,Auvergne-Rhône-Alpes,Haute-Savoie,74800,46.073,6.331,"Amancy (74800), Auvergne-Rhône-Alpes"
28972,Ambilly,Auvergne-Rhône-Alpes,Haute-Savoie,74100,46.196,6.224,"Ambilly (74100), Auvergne-Rhône-Alpes"
28973,Andilly,Auvergne-Rhône-Alpes,Haute-Savoie,74350,46.07,6.071,"Andilly (74350), Auvergne-Rhône-Alpes"
28974,Annecy,Auvergne-Rhône-Alpes,Haute-Savoie,74000,45.891,6.126,"Annecy (74000), Auvergne-Rhône-Alpes"
28975,Annemasse,Auvergne-Rhône-Alpes,Haute-Savoie,74100,46.191,6.242,"Annemasse (74100), Auvergne-Rhône-Alpes"
28976,Anthy-sur-Léman,Auvergne-Rhône-Alpes,Haute-Savoie,74200,46.353,6.428,"Anthy-sur-Léman (74200), Auvergne-Rhône-Alpes"
28977,Arâches-la-Frasse,Auvergne-Rhône-Alpes,Haute-Savoie,74300,46.03,6.661,"Arâches-la-Frasse (74300), Auvergne-Rhône-Alpes"
28978,Arbusigny,Auvergne-Rhône-Alpes,Haute-Savoie,74930,46.086,6.207,"Arbusigny (74930), Auvergne-Rhône-Alpes"
28979,Archamps,Auvergne-Rhône-Alpes,Haute-Savoie,74160,46.122,6.14,"Archamps (74160), Auvergne-Rhône-Alpes"
28980,Arenthon,Auvergne-Rhône-Alpes,Haute-Savoie,74800,46.098,6.339,"Arenthon (74800), Auvergne-Rhône-Alpes"
28981,Argonay,Auvergne-Rhône-Alpes,Haute-Savoie,74370,45.947,6.148,"Argonay (74370), Auvergne-Rhône-Alpes"
28982,Armoy,Auvergne-Rhône-Alpes,Haute-Savoie,74200,46.352,6.512,"Armoy (74200), Auvergne-Rhône-Alpes"
28983,Arthaz-Pont-Notre-Dame,Auvergne-Rhône-Alpes,Haute-Savoie,74380,46.161,6.269,"Arthaz-Pont-Notre-Dame (74380), Auvergne-Rhône-Alpes"
28984,Ayse,Auvergne-Rhône-Alpes,Haute-Savoie,74130,46.087,6.446,"Ayse (74130), Auvergne-Rhône-Alpes"
28985,Ballaison,Auvergne-Rhône-Alpes,Haute-Savoie,74140,46.293,6.344,"Ballaison (74140), Auvergne-Rhône-Alpes"
28986,La Balme-de-Sillingy,Auvergne-Rhône-Alpes,Haute-Savoie,74330,45.97,6.045,"La Balme-de-Sillingy (74330), Auvergne-Rhône-Alpes"
28987,La Balme-de-Thuy,Auvergne-Rhône-Alpes,Haute-Savoie,74230,45.91,6.286,"La Balme-de-Thuy (74230), Auvergne-Rhône-Alpes"
28988,Bassy,Auvergne-Rhône-Alpes,Haute-Savoie,74910,45.991,5.828,"Bassy (74910), Auvergne-Rhône-Alpes"
28989,La Baume,Auvergne-Rhône-Alpes,Haute-Savoie,74430,46.284,6.609,"La Baume (74430), Auvergne-Rhône-Alpes"
28990,Beaumont,Auvergne-Rhône-Alpes,Haute-Savoie,74160,46.098,6.121,"Beaumont (74160), Auvergne-Rhône-Alpes"
28991,Bellevaux,Auvergne-Rhône-Alpes,Haute-Savoie,74470,46.228,6.553,"Bellevaux (74470), Auvergne-Rhône-Alpes"
28992,Bernex,Auvergne-Rhône-Alpes,Haute-Savoie,74500,46.357,6.699,"Bernex (74500), Auvergne-Rhône-Alpes"
28993,Le Biot,Auvergne-Rhône-Alpes,Haute-Savoie,74430,46.273,6.64,"Le Biot (74430), Auvergne-Rhône-Alpes"
28994,Bloye,Auvergne-Rhône-Alpes,Haute-Savoie,74150,45.82,5.95,"Bloye (74150), Auvergne-Rhône-Alpes"
28995,Bluffy,Auvergne-Rhône-Alpes,Haute-Savoie,74290,45.866,6.222,"Bluffy (74290), Auvergne-Rhône-Alpes"
28996,Boëge,Auvergne-Rhône-Alpes,Haute-Savoie,74420,46.219,6.385,"Boëge (74420), Auvergne-Rhône-Alpes"
28997,Bogève,Auvergne-Rhône-Alpes,Haute-Savoie,74250,46.194,6.439,"Bogève (74250), Auvergne-Rhône-Alpes"
28998,Bonne,Auvergne-Rhône-Alpes,Haute-Savoie,74380,46.172,6.319,"Bonne (74380), Auvergne-Rhône-Alpes"
28999,Bonnevaux,Auvergne-Rhône-Alpes,Haute-Savoie,74360,46.295,6.666,"Bonnevaux (74360), Auvergne-Rhône-Alpes"
29000,Bonneville,Auvergne-Rhône-Alpes,Haute-Savoie,74130,46.074,6.409,"Bonneville (74130), Auvergne-Rhône-Alpes"
29001,Bons-en-Chablais,Auvergne-Rhône-Alpes,Haute-Savoie,74890,46.263,6.361,"Bons-en-Chablais (74890), Auvergne-Rhône-Alpes"
29002,Bossey,Auvergne-Rhône-Alpes,Haute-Savoie,74160,46.15,6.173,"Bossey (74160), Auvergne-Rhône-Alpes"
29003,Le Bouchet-Mont-Charvin,Auvergne-Rhône-Alpes,Haute-Savoie,74230,45.805,6.384,"Le Bouchet-Mont-Charvin (74230), Auvergne-Rhône-Alpes"
29004,Boussy,Auvergne-Rhône-Alpes,Haute-Savoie,74150,45.851,5.984,"Boussy (74150), Auvergne-Rhône-Alpes"
29005,Brenthonne,Auvergne-Rhône-Alpes,Haute-Savoie,74890,46.269,6.394,"Brenthonne (74890), Auvergne-Rhône-Alpes"
29006,Brizon,Auvergne-Rhône-Alpes,Haute-Savoie,74130,46.035,6.434,"Brizon (74130), Auvergne-Rhône-Alpes"
29007,Burdignin,Auvergne-Rhône-Alpes,Haute-Savoie,74420,46.232,6.426,"Burdignin (74420), Auvergne-Rhône-Alpes"
29008,Cercier,Auvergne-Rhône-Alpes,Haute-Savoie,74350,46.022,6.048,"Cercier (74350), Auvergne-Rhône-Alpes"
29009,Cernex,Auvergne-Rhône-Alpes,Haute-Savoie,74350,46.062,6.039,"Cernex (74350), Auvergne-Rhône-Alpes"
29010,Cervens,Auvergne-Rhône-Alpes,Haute-Savoie,74550,46.281,6.448,"Cervens (74550), Auvergne-Rhône-Alpes"
29011,Chainaz-les-Frasses,Auvergne-Rhône-Alpes,Haute-Savoie,74540,45.778,5.99,"Chainaz-les-Frasses (74540), Auvergne-Rhône-Alpes"
29012,Challonges,Auvergne-Rhône-Alpes,Haute-Savoie,74910,46.022,5.827,"Challonges (74910), Auvergne-Rhône-Alpes"
29013,Chamonix-Mont-Blanc,Auvergne-Rhône-Alpes,Haute-Savoie,74400,45.931,6.924,"Chamonix-Mont-Blanc (74400), Auvergne-Rhône-Alpes"
29014,Champanges,Auvergne-Rhône-Alpes,Haute-Savoie,74500,46.372,6.554,"Champanges (74500), Auvergne-Rhône-Alpes"
29015,La Chapelle-d'Abondance,Auvergne-Rhône-Alpes,Haute-Savoie,74360,46.301,6.793,"La Chapelle-d'Abondance (74360), Auvergne-Rhône-Alpes"
29016,La Chapelle-Rambaud,Auvergne-Rhône-Alpes,Haute-Savoie,74800,46.073,6.239,"La Chapelle-Rambaud (74800), Auvergne-Rhône-Alpes"
29017,La Chapelle-Saint-Maurice,Auvergne-Rhône-Alpes,Haute-Savoie,74410,45.772,6.154,"La Chapelle-Saint-Maurice (74410), Auvergne-Rhône-Alpes"
29018,Chapeiry,Auvergne-Rhône-Alpes,Haute-Savoie,74540,45.839,6.039,"Chapeiry (74540), Auvergne-Rhône-Alpes"
29019,Charvonnex,Auvergne-Rhône-Alpes,Haute-Savoie,74370,45.982,6.158,"Charvonnex (74370), Auvergne-Rhône-Alpes"
29020,Châtel,Auvergne-Rhône-Alpes,Haute-Savoie,74390,46.249,6.817,"Châtel (74390), Auvergne-Rhône-Alpes"
29021,Châtillon-sur-Cluses,Auvergne-Rhône-Alpes,Haute-Savoie,74300,46.089,6.578,"Châtillon-sur-Cluses (74300), Auvergne-Rhône-Alpes"
29022,Chaumont,Auvergne-Rhône-Alpes,Haute-Savoie,74270,46.045,5.945,"Chaumont (74270), Auvergne-Rhône-Alpes"
29023,Chavannaz,Auvergne-Rhône-Alpes,Haute-Savoie,74270,46.05,6.016,"Chavannaz (74270), Auvergne-Rhône-Alpes"
29024,Chavanod,Auvergne-Rhône-Alpes,Haute-Savoie,74650,45.884,6.05,"Chavanod (74650), Auvergne-Rhône-Alpes"
29025,Chêne-en-Semine,Auvergne-Rhône-Alpes,Haute-Savoie,74270,46.05,5.859,"Chêne-en-Semine (74270), Auvergne-Rhône-Alpes"
29026,Chênex,Auvergne-Rhône-Alpes,Haute-Savoie,74520,46.103,5.991,"Chênex (74520), Auvergne-Rhône-Alpes"
29027,Chens-sur-Léman,Auvergne-Rhône-Alpes,Haute-Savoie,74140,46.31,6.268,"Chens-sur-Léman (74140), Auvergne-Rhône-Alpes"
29028,Chessenaz,Auvergne-Rhône-Alpes,Haute-Savoie,74270,46.041,5.906,"Chessenaz (74270), Auvergne-Rhône-Alpes"
29029,Chevaline,Auvergne-Rhône-Alpes,Haute-Savoie,74210,45.73,6.208,"Chevaline (74210), Auvergne-Rhône-Alpes"
29030,Chevenoz,Auvergne-Rhône-Alpes,Haute-Savoie,74500,46.333,6.641,"Chevenoz (74500), Auvergne-Rhône-Alpes"
29031,Chevrier,Auvergne-Rhône-Alpes,Haute-Savoie,74520,46.112,5.911,"Chevrier (74520), Auvergne-Rhône-Alpes"
29032,Chilly,Auvergne-Rhône-Alpes,Haute-Savoie,74270,45.989,5.957,"Chilly (74270), Auvergne-Rhône-Alpes"
29033,Choisy,Auvergne-Rhône-Alpes,Haute-Savoie,74330,45.997,6.054,"Choisy (74330), Auvergne-Rhône-Alpes"
29034,Clarafond-Arcine,Auvergne-Rhône-Alpes,Haute-Savoie,74270,46.075,5.896,"Clarafond-Arcine (74270), Auvergne-Rhône-Alpes"
29035,Clermont,Auvergne-Rhône-Alpes,Haute-Savoie,74270,45.973,5.909,"Clermont (74270), Auvergne-Rhône-Alpes"
29036,Les Clefs,Auvergne-Rhône-Alpes,Haute-Savoie,74230,45.845,6.327,"Les Clefs (74230), Auvergne-Rhône-Alpes"
29037,La Clusaz,Auvergne-Rhône-Alpes,Haute-Savoie,74220,45.9,6.46,"La Clusaz (74220), Auvergne-Rhône-Alpes"
29038,Cluses,Auvergne-Rhône-Alpes,Haute-Savoie,74300,46.063,6.579,"Cluses (74300), Auvergne-Rhône-Alpes"
29039,Collonges-sous-Salève,Auvergne-Rhône-Alpes,Haute-Savoie,74160,46.136,6.161,"Collonges-sous-Salève (74160), Auvergne-Rhône-Alpes"
29040,Combloux,Auvergne-Rhône-Alpes,Haute-Savoie,74920,45.891,6.637,"Combloux (74920), Auvergne-Rhône-Alpes"
29041,Les Contamines-Montjoie,Auvergne-Rhône-Alpes,Haute-Savoie,74170,45.789,6.732,"Les Contamines-Montjoie (74170), Auvergne-Rhône-Alpes"
29042,Contamine-Sarzin,Auvergne-Rhône-Alpes,Haute-Savoie,74270,46.022,5.982,"Contamine-Sarzin (74270), Auvergne-Rhône-Alpes"
29043,Contamine-sur-Arve,Auvergne-Rhône-Alpes,Haute-Savoie,74130,46.134,6.339,"Contamine-sur-Arve (74130), Auvergne-Rhône-Alpes"
29044,Copponex,Auvergne-Rhône-Alpes,Haute-Savoie,74350,46.044,6.07,"Copponex (74350), Auvergne-Rhône-Alpes"
29045,Cordon,Auvergne-Rhône-Alpes,Haute-Savoie,74700,45.909,6.569,"Cordon (74700), Auvergne-Rhône-Alpes"
29046,Cornier,Auvergne-Rhône-Alpes,Haute-Savoie,74800,46.09,6.292,"Cornier (74800), Auvergne-Rhône-Alpes"
29047,La Côte-d'Arbroz,Auvergne-Rhône-Alpes,Haute-Savoie,74110,46.181,6.631,"La Côte-d'Arbroz (74110), Auvergne-Rhône-Alpes"
29048,Cranves-Sales,Auvergne-Rhône-Alpes,Haute-Savoie,74380,46.197,6.304,"Cranves-Sales (74380), Auvergne-Rhône-Alpes"
29049,Crempigny-Bonneguête,Auvergne-Rhône-Alpes,Haute-Savoie,74150,45.947,5.903,"Crempigny-Bonneguête (74150), Auvergne-Rhône-Alpes"
29050,Cruseilles,Auvergne-Rhône-Alpes,Haute-Savoie,74350,46.036,6.115,"Cruseilles (74350), Auvergne-Rhône-Alpes"
29051,Cusy,Auvergne-Rhône-Alpes,Haute-Savoie,74540,45.758,6.033,"Cusy (74540), Auvergne-Rhône-Alpes"
29052,Cuvat,Auvergne-Rhône-Alpes,Haute-Savoie,74350,45.977,6.109,"Cuvat (74350), Auvergne-Rhône-Alpes"
29053,Demi-Quartier,Auvergne-Rhône-Alpes,Haute-Savoie,74120,45.874,6.633,"Demi-Quartier (74120), Auvergne-Rhône-Alpes"
29054,Desingy,Auvergne-Rhône-Alpes,Haute-Savoie,74270,46.0,5.888,"Desingy (74270), Auvergne-Rhône-Alpes"
29055,Dingy-en-Vuache,Auvergne-Rhône-Alpes,Haute-Savoie,74520,46.089,5.95,"Dingy-en-Vuache (74520), Auvergne-Rhône-Alpes"
29056,Dingy-Saint-Clair,Auvergne-Rhône-Alpes,Haute-Savoie,74230,45.929,6.25,"Dingy-Saint-Clair (74230), Auvergne-Rhône-Alpes"
29057,Domancy,Auvergne-Rhône-Alpes,Haute-Savoie,74700,45.907,6.664,"Domancy (74700), Auvergne-Rhône-Alpes"
29058,Doussard,Auvergne-Rhône-Alpes,Haute-Savoie,74210,45.771,6.222,"Doussard (74210), Auvergne-Rhône-Alpes"
29059,Douvaine,Auvergne-Rhône-Alpes,Haute-Savoie,74140,46.306,6.299,"Douvaine (74140), Auvergne-Rhône-Alpes"
29060,Draillant,Auvergne-Rhône-Alpes,Haute-Savoie,74550,46.296,6.473,"Draillant (74550), Auvergne-Rhône-Alpes"
29061,Droisy,Auvergne-Rhône-Alpes,Haute-Savoie,74270,45.962,5.881,"Droisy (74270), Auvergne-Rhône-Alpes"
29062,Duingt,Auvergne-Rhône-Alpes,Haute-Savoie,74410,45.82,6.195,"Duingt (74410), Auvergne-Rhône-Alpes"
29063,Éloise,Auvergne-Rhône-Alpes,Haute-Savoie,1200,46.084,5.847,"Éloise (1200), Auvergne-Rhône-Alpes"
29064,Entrevernes,Auvergne-Rhône-Alpes,Haute-Savoie,74410,45.776,6.181,"Entrevernes (74410), Auvergne-Rhône-Alpes"
29065,Epagny Metz-Tessy,Auvergne-Rhône-Alpes,Haute-Savoie,74370,45.944,6.082,"Epagny Metz-Tessy (74370), Auvergne-Rhône-Alpes"
29066,Essert-Romand,Auvergne-Rhône-Alpes,Haute-Savoie,74110,46.202,6.66,"Essert-Romand (74110), Auvergne-Rhône-Alpes"
29067,Etaux,Auvergne-Rhône-Alpes,Haute-Savoie,74800,46.061,6.27,"Etaux (74800), Auvergne-Rhône-Alpes"
29068,Étercy,Auvergne-Rhône-Alpes,Haute-Savoie,74150,45.892,6.008,"Étercy (74150), Auvergne-Rhône-Alpes"
29069,Étrembières,Auvergne-Rhône-Alpes,Haute-Savoie,74100,46.17,6.208,"Étrembières (74100), Auvergne-Rhône-Alpes"
29070,Évian-les-Bains,Auvergne-Rhône-Alpes,Haute-Savoie,74500,46.392,6.586,"Évian-les-Bains (74500), Auvergne-Rhône-Alpes"
29071,Excenevex,Auvergne-Rhône-Alpes,Haute-Savoie,74140,46.347,6.341,"Excenevex (74140), Auvergne-Rhône-Alpes"
29072,Faucigny,Auvergne-Rhône-Alpes,Haute-Savoie,74130,46.116,6.369,"Faucigny (74130), Auvergne-Rhône-Alpes"
29073,Faverges-Seythenex,Auvergne-Rhône-Alpes,Haute-Savoie,74210,45.749,6.285,"Faverges-Seythenex (74210), Auvergne-Rhône-Alpes"
29074,Feigères,Auvergne-Rhône-Alpes,Haute-Savoie,74160,46.11,6.073,"Feigères (74160), Auvergne-Rhône-Alpes"
29075,Fessy,Auvergne-Rhône-Alpes,Haute-Savoie,74890,46.271,6.424,"Fessy (74890), Auvergne-Rhône-Alpes"
29076,Féternes,Auvergne-Rhône-Alpes,Haute-Savoie,74500,46.349,6.565,"Féternes (74500), Auvergne-Rhône-Alpes"
29077,Fillinges,Auvergne-Rhône-Alpes,Haute-Savoie,74250,46.166,6.35,"Fillinges (74250), Auvergne-Rhône-Alpes"
29078,La Forclaz,Auvergne-Rhône-Alpes,Haute-Savoie,74200,46.318,6.616,"La Forclaz (74200), Auvergne-Rhône-Alpes"
29079,Franclens,Auvergne-Rhône-Alpes,Haute-Savoie,74910,46.044,5.824,"Franclens (74910), Auvergne-Rhône-Alpes"
29080,Frangy,Auvergne-Rhône-Alpes,Haute-Savoie,74270,46.023,5.923,"Frangy (74270), Auvergne-Rhône-Alpes"
29081,Gaillard,Auvergne-Rhône-Alpes,Haute-Savoie,74240,46.182,6.207,"Gaillard (74240), Auvergne-Rhône-Alpes"
29082,Les Gets,Auvergne-Rhône-Alpes,Haute-Savoie,74260,46.154,6.66,"Les Gets (74260), Auvergne-Rhône-Alpes"
29083,Giez,Auvergne-Rhône-Alpes,Haute-Savoie,74210,45.738,6.246,"Giez (74210), Auvergne-Rhône-Alpes"
29084,Le Grand-Bornand,Auvergne-Rhône-Alpes,Haute-Savoie,74450,45.956,6.476,"Le Grand-Bornand (74450), Auvergne-Rhône-Alpes"
29085,Groisy,Auvergne-Rhône-Alpes,Haute-Savoie,74570,46.018,6.175,"Groisy (74570), Auvergne-Rhône-Alpes"
29086,Gruffy,Auvergne-Rhône-Alpes,Haute-Savoie,74540,45.783,6.063,"Gruffy (74540), Auvergne-Rhône-Alpes"
29087,Habère-Lullin,Auvergne-Rhône-Alpes,Haute-Savoie,74420,46.233,6.462,"Habère-Lullin (74420), Auvergne-Rhône-Alpes"
29088,Habère-Poche,Auvergne-Rhône-Alpes,Haute-Savoie,74420,46.256,6.473,"Habère-Poche (74420), Auvergne-Rhône-Alpes"
29089,Hauteville-sur-Fier,Auvergne-Rhône-Alpes,Haute-Savoie,74150,45.905,5.978,"Hauteville-sur-Fier (74150), Auvergne-Rhône-Alpes"
29090,Héry-sur-Alby,Auvergne-Rhône-Alpes,Haute-Savoie,74540,45.792,6.011,"Héry-sur-Alby (74540), Auvergne-Rhône-Alpes"
29091,Les Houches,Auvergne-Rhône-Alpes,Haute-Savoie,74310,45.897,6.8,"Les Houches (74310), Auvergne-Rhône-Alpes"
29092,Jonzier-Épagny,Auvergne-Rhône-Alpes,Haute-Savoie,74520,46.077,5.989,"Jonzier-Épagny (74520), Auvergne-Rhône-Alpes"
29093,Juvigny,Auvergne-Rhône-Alpes,Haute-Savoie,74100,46.216,6.29,"Juvigny (74100), Auvergne-Rhône-Alpes"
29094,Larringes,Auvergne-Rhône-Alpes,Haute-Savoie,74500,46.37,6.588,"Larringes (74500), Auvergne-Rhône-Alpes"
29095,Lathuile,Auvergne-Rhône-Alpes,Haute-Savoie,74210,45.773,6.196,"Lathuile (74210), Auvergne-Rhône-Alpes"
29096,Leschaux,Auvergne-Rhône-Alpes,Haute-Savoie,74320,45.775,6.118,"Leschaux (74320), Auvergne-Rhône-Alpes"
29097,Loisin,Auvergne-Rhône-Alpes,Haute-Savoie,74140,46.28,6.304,"Loisin (74140), Auvergne-Rhône-Alpes"
29098,Lornay,Auvergne-Rhône-Alpes,Haute-Savoie,74150,45.911,5.89,"Lornay (74150), Auvergne-Rhône-Alpes"
29099,Lovagny,Auvergne-Rhône-Alpes,Haute-Savoie,74330,45.904,6.034,"Lovagny (74330), Auvergne-Rhône-Alpes"
29100,Lucinges,Auvergne-Rhône-Alpes,Haute-Savoie,74380,46.194,6.33,"Lucinges (74380), Auvergne-Rhône-Alpes"
29101,Lugrin,Auvergne-Rhône-Alpes,Haute-Savoie,74500,46.393,6.674,"Lugrin (74500), Auvergne-Rhône-Alpes"
29102,Lullin,Auvergne-Rhône-Alpes,Haute-Savoie,74470,46.279,6.51,"Lullin (74470), Auvergne-Rhône-Alpes"
29103,Lully,Auvergne-Rhône-Alpes,Haute-Savoie,74890,46.293,6.409,"Lully (74890), Auvergne-Rhône-Alpes"
29104,Lyaud,Auvergne-Rhône-Alpes,Haute-Savoie,74200,46.334,6.52,"Lyaud (74200), Auvergne-Rhône-Alpes"
29105,Machilly,Auvergne-Rhône-Alpes,Haute-Savoie,74140,46.256,6.323,"Machilly (74140), Auvergne-Rhône-Alpes"
29106,Magland,Auvergne-Rhône-Alpes,Haute-Savoie,74300,46.001,6.634,"Magland (74300), Auvergne-Rhône-Alpes"
29107,Manigod,Auvergne-Rhône-Alpes,Haute-Savoie,74230,45.85,6.401,"Manigod (74230), Auvergne-Rhône-Alpes"
29108,Marcellaz-Albanais,Auvergne-Rhône-Alpes,Haute-Savoie,74150,45.871,6.0,"Marcellaz-Albanais (74150), Auvergne-Rhône-Alpes"
29109,Marcellaz,Auvergne-Rhône-Alpes,Haute-Savoie,74250,46.145,6.358,"Marcellaz (74250), Auvergne-Rhône-Alpes"
29110,Margencel,Auvergne-Rhône-Alpes,Haute-Savoie,74200,46.332,6.422,"Margencel (74200), Auvergne-Rhône-Alpes"
29111,Marignier,Auvergne-Rhône-Alpes,Haute-Savoie,74970,46.095,6.494,"Marignier (74970), Auvergne-Rhône-Alpes"
29112,Marigny-Saint-Marcel,Auvergne-Rhône-Alpes,Haute-Savoie,74150,45.83,5.984,"Marigny-Saint-Marcel (74150), Auvergne-Rhône-Alpes"
29113,Marin,Auvergne-Rhône-Alpes,Haute-Savoie,74200,46.374,6.524,"Marin (74200), Auvergne-Rhône-Alpes"
29114,Val de Chaise,Auvergne-Rhône-Alpes,Haute-Savoie,74210,45.765,6.351,"Val de Chaise (74210), Auvergne-Rhône-Alpes"
29115,Marlioz,Auvergne-Rhône-Alpes,Haute-Savoie,74270,46.027,6.008,"Marlioz (74270), Auvergne-Rhône-Alpes"
29116,Marnaz,Auvergne-Rhône-Alpes,Haute-Savoie,74460,46.052,6.522,"Marnaz (74460), Auvergne-Rhône-Alpes"
29117,Massingy,Auvergne-Rhône-Alpes,Haute-Savoie,74150,45.827,5.916,"Massingy (74150), Auvergne-Rhône-Alpes"
29118,Massongy,Auvergne-Rhône-Alpes,Haute-Savoie,74140,46.323,6.326,"Massongy (74140), Auvergne-Rhône-Alpes"
29119,Maxilly-sur-Léman,Auvergne-Rhône-Alpes,Haute-Savoie,74500,46.394,6.634,"Maxilly-sur-Léman (74500), Auvergne-Rhône-Alpes"
29120,Megève,Auvergne-Rhône-Alpes,Haute-Savoie,74120,45.84,6.624,"Megève (74120), Auvergne-Rhône-Alpes"
29121,Mégevette,Auvergne-Rhône-Alpes,Haute-Savoie,74490,46.208,6.513,"Mégevette (74490), Auvergne-Rhône-Alpes"
29122,Meillerie,Auvergne-Rhône-Alpes,Haute-Savoie,74500,46.401,6.732,"Meillerie (74500), Auvergne-Rhône-Alpes"
29123,Menthon-Saint-Bernard,Auvergne-Rhône-Alpes,Haute-Savoie,74290,45.865,6.194,"Menthon-Saint-Bernard (74290), Auvergne-Rhône-Alpes"
29124,Menthonnex-en-Bornes,Auvergne-Rhône-Alpes,Haute-Savoie,74350,46.06,6.18,"Menthonnex-en-Bornes (74350), Auvergne-Rhône-Alpes"
29125,Menthonnex-sous-Clermont,Auvergne-Rhône-Alpes,Haute-Savoie,74270,45.962,5.936,"Menthonnex-sous-Clermont (74270), Auvergne-Rhône-Alpes"
29126,Mésigny,Auvergne-Rhône-Alpes,Haute-Savoie,74330,45.986,6.006,"Mésigny (74330), Auvergne-Rhône-Alpes"
29127,Messery,Auvergne-Rhône-Alpes,Haute-Savoie,74140,46.346,6.299,"Messery (74140), Auvergne-Rhône-Alpes"
29128,Mieussy,Auvergne-Rhône-Alpes,Haute-Savoie,74440,46.145,6.534,"Mieussy (74440), Auvergne-Rhône-Alpes"
29129,Minzier,Auvergne-Rhône-Alpes,Haute-Savoie,74270,46.055,5.991,"Minzier (74270), Auvergne-Rhône-Alpes"
29130,Monnetier-Mornex,Auvergne-Rhône-Alpes,Haute-Savoie,74560,46.153,6.212,"Monnetier-Mornex (74560), Auvergne-Rhône-Alpes"
29131,Montagny-les-Lanches,Auvergne-Rhône-Alpes,Haute-Savoie,74600,45.859,6.047,"Montagny-les-Lanches (74600), Auvergne-Rhône-Alpes"
29132,Montriond,Auvergne-Rhône-Alpes,Haute-Savoie,74110,46.207,6.744,"Montriond (74110), Auvergne-Rhône-Alpes"
29133,Mont-Saxonnex,Auvergne-Rhône-Alpes,Haute-Savoie,74130,46.035,6.48,"Mont-Saxonnex (74130), Auvergne-Rhône-Alpes"
29134,Morillon,Auvergne-Rhône-Alpes,Haute-Savoie,74440,46.063,6.673,"Morillon (74440), Auvergne-Rhône-Alpes"
29135,Morzine,Auvergne-Rhône-Alpes,Haute-Savoie,74110,46.173,6.742,"Morzine (74110), Auvergne-Rhône-Alpes"
29136,Moye,Auvergne-Rhône-Alpes,Haute-Savoie,74150,45.871,5.895,"Moye (74150), Auvergne-Rhône-Alpes"
29137,La Muraz,Auvergne-Rhône-Alpes,Haute-Savoie,74560,46.119,6.196,"La Muraz (74560), Auvergne-Rhône-Alpes"
29138,Mûres,Auvergne-Rhône-Alpes,Haute-Savoie,74540,45.806,6.039,"Mûres (74540), Auvergne-Rhône-Alpes"
29139,Musièges,Auvergne-Rhône-Alpes,Haute-Savoie,74270,46.014,5.956,"Musièges (74270), Auvergne-Rhône-Alpes"
29140,Nancy-sur-Cluses,Auvergne-Rhône-Alpes,Haute-Savoie,74300,46.024,6.574,"Nancy-sur-Cluses (74300), Auvergne-Rhône-Alpes"
29141,Nangy,Auvergne-Rhône-Alpes,Haute-Savoie,74380,46.15,6.306,"Nangy (74380), Auvergne-Rhône-Alpes"
29142,Nâves-Parmelan,Auvergne-Rhône-Alpes,Haute-Savoie,74370,45.932,6.197,"Nâves-Parmelan (74370), Auvergne-Rhône-Alpes"
29143,Nernier,Auvergne-Rhône-Alpes,Haute-Savoie,74140,46.362,6.305,"Nernier (74140), Auvergne-Rhône-Alpes"
29144,Neuvecelle,Auvergne-Rhône-Alpes,Haute-Savoie,74500,46.392,6.609,"Neuvecelle (74500), Auvergne-Rhône-Alpes"
29145,Neydens,Auvergne-Rhône-Alpes,Haute-Savoie,74160,46.118,6.104,"Neydens (74160), Auvergne-Rhône-Alpes"
29146,Nonglard,Auvergne-Rhône-Alpes,Haute-Savoie,74330,45.923,6.027,"Nonglard (74330), Auvergne-Rhône-Alpes"
29147,Novel,Auvergne-Rhône-Alpes,Haute-Savoie,74500,46.361,6.764,"Novel (74500), Auvergne-Rhône-Alpes"
29148,Onnion,Auvergne-Rhône-Alpes,Haute-Savoie,74490,46.182,6.499,"Onnion (74490), Auvergne-Rhône-Alpes"
29149,Orcier,Auvergne-Rhône-Alpes,Haute-Savoie,74550,46.313,6.501,"Orcier (74550), Auvergne-Rhône-Alpes"
29150,Passy,Auvergne-Rhône-Alpes,Haute-Savoie,74190,45.955,6.741,"Passy (74190), Auvergne-Rhône-Alpes"
29151,Peillonnex,Auvergne-Rhône-Alpes,Haute-Savoie,74250,46.132,6.382,"Peillonnex (74250), Auvergne-Rhône-Alpes"
29152,Perrignier,Auvergne-Rhône-Alpes,Haute-Savoie,74550,46.306,6.436,"Perrignier (74550), Auvergne-Rhône-Alpes"
29153,Pers-Jussy,Auvergne-Rhône-Alpes,Haute-Savoie,74930,46.102,6.258,"Pers-Jussy (74930), Auvergne-Rhône-Alpes"
29154,Glières-Val-de-Borne,Auvergne-Rhône-Alpes,Haute-Savoie,74130,45.997,6.391,"Glières-Val-de-Borne (74130), Auvergne-Rhône-Alpes"
29155,Poisy,Auvergne-Rhône-Alpes,Haute-Savoie,74330,45.919,6.063,"Poisy (74330), Auvergne-Rhône-Alpes"
29156,Praz-sur-Arly,Auvergne-Rhône-Alpes,Haute-Savoie,74120,45.827,6.58,"Praz-sur-Arly (74120), Auvergne-Rhône-Alpes"
29157,Présilly,Auvergne-Rhône-Alpes,Haute-Savoie,74160,46.085,6.091,"Présilly (74160), Auvergne-Rhône-Alpes"
29158,Publier,Auvergne-Rhône-Alpes,Haute-Savoie,74500,46.39,6.542,"Publier (74500), Auvergne-Rhône-Alpes"
29159,Quintal,Auvergne-Rhône-Alpes,Haute-Savoie,74600,45.833,6.091,"Quintal (74600), Auvergne-Rhône-Alpes"
29160,Reignier-Ésery,Auvergne-Rhône-Alpes,Haute-Savoie,74930,46.135,6.261,"Reignier-Ésery (74930), Auvergne-Rhône-Alpes"
29161,Le Reposoir,Auvergne-Rhône-Alpes,Haute-Savoie,74950,45.997,6.526,"Le Reposoir (74950), Auvergne-Rhône-Alpes"
29162,Reyvroz,Auvergne-Rhône-Alpes,Haute-Savoie,74200,46.324,6.562,"Reyvroz (74200), Auvergne-Rhône-Alpes"
29163,La Rivière-Enverse,Auvergne-Rhône-Alpes,Haute-Savoie,74440,46.09,6.633,"La Rivière-Enverse (74440), Auvergne-Rhône-Alpes"
29164,La Roche-sur-Foron,Auvergne-Rhône-Alpes,Haute-Savoie,74800,46.043,6.301,"La Roche-sur-Foron (74800), Auvergne-Rhône-Alpes"
29165,Rumilly,Auvergne-Rhône-Alpes,Haute-Savoie,74150,45.856,5.941,"Rumilly (74150), Auvergne-Rhône-Alpes"
29166,Saint-André-de-Boëge,Auvergne-Rhône-Alpes,Haute-Savoie,74420,46.193,6.382,"Saint-André-de-Boëge (74420), Auvergne-Rhône-Alpes"
29167,Saint-Blaise,Auvergne-Rhône-Alpes,Haute-Savoie,74350,46.066,6.092,"Saint-Blaise (74350), Auvergne-Rhône-Alpes"
29168,Saint-Cergues,Auvergne-Rhône-Alpes,Haute-Savoie,74140,46.231,6.326,"Saint-Cergues (74140), Auvergne-Rhône-Alpes"
29169,Saint-Eusèbe,Auvergne-Rhône-Alpes,Haute-Savoie,74150,45.93,5.963,"Saint-Eusèbe (74150), Auvergne-Rhône-Alpes"
29170,Saint-Eustache,Auvergne-Rhône-Alpes,Haute-Savoie,74410,45.795,6.152,"Saint-Eustache (74410), Auvergne-Rhône-Alpes"
29171,Saint-Félix,Auvergne-Rhône-Alpes,Haute-Savoie,74540,45.808,5.977,"Saint-Félix (74540), Auvergne-Rhône-Alpes"
29172,Saint-Ferréol,Auvergne-Rhône-Alpes,Haute-Savoie,74210,45.783,6.307,"Saint-Ferréol (74210), Auvergne-Rhône-Alpes"
29173,Saint-Germain-sur-Rhône,Auvergne-Rhône-Alpes,Haute-Savoie,74910,46.07,5.826,"Saint-Germain-sur-Rhône (74910), Auvergne-Rhône-Alpes"
29174,Saint-Gervais-les-Bains,Auvergne-Rhône-Alpes,Haute-Savoie,74170,45.857,6.74,"Saint-Gervais-les-Bains (74170), Auvergne-Rhône-Alpes"
29175,Saint-Gingolph,Auvergne-Rhône-Alpes,Haute-Savoie,74500,46.388,6.778,"Saint-Gingolph (74500), Auvergne-Rhône-Alpes"
29176,Saint-Jean-d'Aulps,Auvergne-Rhône-Alpes,Haute-Savoie,74430,46.228,6.661,"Saint-Jean-d'Aulps (74430), Auvergne-Rhône-Alpes"
29177,Saint-Jean-de-Sixt,Auvergne-Rhône-Alpes,Haute-Savoie,74450,45.924,6.41,"Saint-Jean-de-Sixt (74450), Auvergne-Rhône-Alpes"
29178,Saint-Jean-de-Tholome,Auvergne-Rhône-Alpes,Haute-Savoie,74250,46.111,6.415,"Saint-Jean-de-Tholome (74250), Auvergne-Rhône-Alpes"
29179,Saint-Jeoire,Auvergne-Rhône-Alpes,Haute-Savoie,74490,46.139,6.465,"Saint-Jeoire (74490), Auvergne-Rhône-Alpes"
29180,Saint-Jorioz,Auvergne-Rhône-Alpes,Haute-Savoie,74410,45.823,6.15,"Saint-Jorioz (74410), Auvergne-Rhône-Alpes"
29181,Saint-Julien-en-Genevois,Auvergne-Rhône-Alpes,Haute-Savoie,74160,46.139,6.079,"Saint-Julien-en-Genevois (74160), Auvergne-Rhône-Alpes"
29182,Saint-Laurent,Auvergne-Rhône-Alpes,Haute-Savoie,74800,46.037,6.353,"Saint-Laurent (74800), Auvergne-Rhône-Alpes"
29183,Saint-Paul-en-Chablais,Auvergne-Rhône-Alpes,Haute-Savoie,74500,46.369,6.637,"Saint-Paul-en-Chablais (74500), Auvergne-Rhône-Alpes"
29184,Saint-Pierre-en-Faucigny,Auvergne-Rhône-Alpes,Haute-Savoie,74800,46.064,6.372,"Saint-Pierre-en-Faucigny (74800), Auvergne-Rhône-Alpes"
29185,Saint-Sigismond,Auvergne-Rhône-Alpes,Haute-Savoie,74300,46.075,6.616,"Saint-Sigismond (74300), Auvergne-Rhône-Alpes"
29186,Saint-Sixt,Auvergne-Rhône-Alpes,Haute-Savoie,74800,46.042,6.323,"Saint-Sixt (74800), Auvergne-Rhône-Alpes"
29187,Saint-Sylvestre,Auvergne-Rhône-Alpes,Haute-Savoie,74540,45.84,6.013,"Saint-Sylvestre (74540), Auvergne-Rhône-Alpes"
29188,Sales,Auvergne-Rhône-Alpes,Haute-Savoie,74150,45.882,5.96,"Sales (74150), Auvergne-Rhône-Alpes"
29189,Sallanches,Auvergne-Rhône-Alpes,Haute-Savoie,74700,45.947,6.607,"Sallanches (74700), Auvergne-Rhône-Alpes"
29190,Sallenôves,Auvergne-Rhône-Alpes,Haute-Savoie,74270,46.003,5.991,"Sallenôves (74270), Auvergne-Rhône-Alpes"
29191,Samoëns,Auvergne-Rhône-Alpes,Haute-Savoie,74340,46.088,6.743,"Samoëns (74340), Auvergne-Rhône-Alpes"
29192,Le Sappey,Auvergne-Rhône-Alpes,Haute-Savoie,74350,46.088,6.161,"Le Sappey (74350), Auvergne-Rhône-Alpes"
29193,Savigny,Auvergne-Rhône-Alpes,Haute-Savoie,74520,46.07,5.952,"Savigny (74520), Auvergne-Rhône-Alpes"
29194,Saxel,Auvergne-Rhône-Alpes,Haute-Savoie,74420,46.245,6.403,"Saxel (74420), Auvergne-Rhône-Alpes"
29195,Scientrier,Auvergne-Rhône-Alpes,Haute-Savoie,74930,46.12,6.318,"Scientrier (74930), Auvergne-Rhône-Alpes"
29196,Sciez,Auvergne-Rhône-Alpes,Haute-Savoie,74140,46.325,6.381,"Sciez (74140), Auvergne-Rhône-Alpes"
29197,Scionzier,Auvergne-Rhône-Alpes,Haute-Savoie,74950,46.049,6.547,"Scionzier (74950), Auvergne-Rhône-Alpes"
29198,Serraval,Auvergne-Rhône-Alpes,Haute-Savoie,74230,45.812,6.335,"Serraval (74230), Auvergne-Rhône-Alpes"
29199,Servoz,Auvergne-Rhône-Alpes,Haute-Savoie,74310,45.945,6.785,"Servoz (74310), Auvergne-Rhône-Alpes"
29200,Sevrier,Auvergne-Rhône-Alpes,Haute-Savoie,74320,45.856,6.138,"Sevrier (74320), Auvergne-Rhône-Alpes"
29201,Seyssel,Auvergne-Rhône-Alpes,Haute-Savoie,74910,45.96,5.853,"Seyssel (74910), Auvergne-Rhône-Alpes"
29202,Seytroux,Auvergne-Rhône-Alpes,Haute-Savoie,74430,46.24,6.603,"Seytroux (74430), Auvergne-Rhône-Alpes"
29203,Sillingy,Auvergne-Rhône-Alpes,Haute-Savoie,74330,45.949,6.028,"Sillingy (74330), Auvergne-Rhône-Alpes"
29204,Sixt-Fer-à-Cheval,Auvergne-Rhône-Alpes,Haute-Savoie,74740,46.054,6.812,"Sixt-Fer-à-Cheval (74740), Auvergne-Rhône-Alpes"
29205,Talloires-Montmin,Auvergne-Rhône-Alpes,Haute-Savoie,74210,45.836,6.23,"Talloires-Montmin (74210), Auvergne-Rhône-Alpes"
29206,Taninges,Auvergne-Rhône-Alpes,Haute-Savoie,74440,46.126,6.608,"Taninges (74440), Auvergne-Rhône-Alpes"
29207,Thyez,Auvergne-Rhône-Alpes,Haute-Savoie,74300,46.088,6.537,"Thyez (74300), Auvergne-Rhône-Alpes"
29208,Thollon-les-Mémises,Auvergne-Rhône-Alpes,Haute-Savoie,74500,46.383,6.729,"Thollon-les-Mémises (74500), Auvergne-Rhône-Alpes"
29209,Thônes,Auvergne-Rhône-Alpes,Haute-Savoie,74230,45.885,6.32,"Thônes (74230), Auvergne-Rhône-Alpes"
29210,Thonon-les-Bains,Auvergne-Rhône-Alpes,Haute-Savoie,74200,46.37,6.482,"Thonon-les-Bains (74200), Auvergne-Rhône-Alpes"
29211,Fillière,Auvergne-Rhône-Alpes,Haute-Savoie,74370,45.992,6.288,"Fillière (74370), Auvergne-Rhône-Alpes"
29212,Thusy,Auvergne-Rhône-Alpes,Haute-Savoie,74150,45.95,5.964,"Thusy (74150), Auvergne-Rhône-Alpes"
29213,La Tour,Auvergne-Rhône-Alpes,Haute-Savoie,74250,46.134,6.432,"La Tour (74250), Auvergne-Rhône-Alpes"
29214,Usinens,Auvergne-Rhône-Alpes,Haute-Savoie,74910,46.014,5.851,"Usinens (74910), Auvergne-Rhône-Alpes"
29215,Vacheresse,Auvergne-Rhône-Alpes,Haute-Savoie,74360,46.323,6.707,"Vacheresse (74360), Auvergne-Rhône-Alpes"
29216,Vailly,Auvergne-Rhône-Alpes,Haute-Savoie,74470,46.294,6.553,"Vailly (74470), Auvergne-Rhône-Alpes"
29217,Valleiry,Auvergne-Rhône-Alpes,Haute-Savoie,74520,46.115,5.97,"Valleiry (74520), Auvergne-Rhône-Alpes"
29218,Vallières-sur-Fier,Auvergne-Rhône-Alpes,Haute-Savoie,74150,45.905,5.942,"Vallières-sur-Fier (74150), Auvergne-Rhône-Alpes"
29219,Vallorcine,Auvergne-Rhône-Alpes,Haute-Savoie,74660,46.026,6.901,"Vallorcine (74660), Auvergne-Rhône-Alpes"
29220,Vanzy,Auvergne-Rhône-Alpes,Haute-Savoie,74270,46.034,5.878,"Vanzy (74270), Auvergne-Rhône-Alpes"
29221,Vaulx,Auvergne-Rhône-Alpes,Haute-Savoie,74150,45.926,5.999,"Vaulx (74150), Auvergne-Rhône-Alpes"
29222,Veigy-Foncenex,Auvergne-Rhône-Alpes,Haute-Savoie,74140,46.27,6.268,"Veigy-Foncenex (74140), Auvergne-Rhône-Alpes"
29223,Verchaix,Auvergne-Rhône-Alpes,Haute-Savoie,74440,46.121,6.688,"Verchaix (74440), Auvergne-Rhône-Alpes"
29224,La Vernaz,Auvergne-Rhône-Alpes,Haute-Savoie,74200,46.307,6.595,"La Vernaz (74200), Auvergne-Rhône-Alpes"
29225,Vers,Auvergne-Rhône-Alpes,Haute-Savoie,74160,46.088,6.025,"Vers (74160), Auvergne-Rhône-Alpes"
29226,Versonnex,Auvergne-Rhône-Alpes,Haute-Savoie,74150,45.926,5.928,"Versonnex (74150), Auvergne-Rhône-Alpes"
29227,Vétraz-Monthoux,Auvergne-Rhône-Alpes,Haute-Savoie,74100,46.181,6.263,"Vétraz-Monthoux (74100), Auvergne-Rhône-Alpes"
29228,Veyrier-du-Lac,Auvergne-Rhône-Alpes,Haute-Savoie,74290,45.886,6.177,"Veyrier-du-Lac (74290), Auvergne-Rhône-Alpes"
29229,Villard,Auvergne-Rhône-Alpes,Haute-Savoie,74420,46.212,6.45,"Villard (74420), Auvergne-Rhône-Alpes"
29230,Les Villards-sur-Thônes,Auvergne-Rhône-Alpes,Haute-Savoie,74230,45.913,6.375,"Les Villards-sur-Thônes (74230), Auvergne-Rhône-Alpes"
29231,Villaz,Auvergne-Rhône-Alpes,Haute-Savoie,74370,45.953,6.201,"Villaz (74370), Auvergne-Rhône-Alpes"
29232,Ville-en-Sallaz,Auvergne-Rhône-Alpes,Haute-Savoie,74250,46.145,6.423,"Ville-en-Sallaz (74250), Auvergne-Rhône-Alpes"
29233,Ville-la-Grand,Auvergne-Rhône-Alpes,Haute-Savoie,74100,46.204,6.261,"Ville-la-Grand (74100), Auvergne-Rhône-Alpes"
29234,Villy-le-Bouveret,Auvergne-Rhône-Alpes,Haute-Savoie,74350,46.044,6.159,"Villy-le-Bouveret (74350), Auvergne-Rhône-Alpes"
29235,Villy-le-Pelloux,Auvergne-Rhône-Alpes,Haute-Savoie,74350,46.0,6.136,"Villy-le-Pelloux (74350), Auvergne-Rhône-Alpes"
29236,Vinzier,Auvergne-Rhône-Alpes,Haute-Savoie,74500,46.345,6.61,"Vinzier (74500), Auvergne-Rhône-Alpes"
29237,Viry,Auvergne-Rhône-Alpes,Haute-Savoie,74580,46.119,6.025,"Viry (74580), Auvergne-Rhône-Alpes"
29238,Viuz-la-Chiésaz,Auvergne-Rhône-Alpes,Haute-Savoie,74540,45.811,6.076,"Viuz-la-Chiésaz (74540), Auvergne-Rhône-Alpes"
29239,Viuz-en-Sallaz,Auvergne-Rhône-Alpes,Haute-Savoie,74250,46.164,6.407,"Viuz-en-Sallaz (74250), Auvergne-Rhône-Alpes"
29240,Vougy,Auvergne-Rhône-Alpes,Haute-Savoie,74130,46.067,6.485,"Vougy (74130), Auvergne-Rhône-Alpes"
29241,Vovray-en-Bornes,Auvergne-Rhône-Alpes,Haute-Savoie,74350,46.063,6.141,"Vovray-en-Bornes (74350), Auvergne-Rhône-Alpes"
29242,Vulbens,Auvergne-Rhône-Alpes,Haute-Savoie,74520,46.11,5.936,"Vulbens (74520), Auvergne-Rhône-Alpes"
29243,Yvoire,Auvergne-Rhône-Alpes,Haute-Savoie,74140,46.364,6.332,"Yvoire (74140), Auvergne-Rhône-Alpes"
29244,Paris,Île-de-France,Paris,75000,48.86,2.35,"Paris (75000), Île-de-France"
29953,Achères-la-Forêt,Île-de-France,Seine-et-Marne,77760,48.348,2.565,"Achères-la-Forêt (77760), Île-de-France"
29954,Amillis,Île-de-France,Seine-et-Marne,77120,48.736,3.135,"Amillis (77120), Île-de-France"
29955,Amponville,Île-de-France,Seine-et-Marne,77760,48.287,2.531,"Amponville (77760), Île-de-France"
29956,Andrezel,Île-de-France,Seine-et-Marne,77390,48.615,2.807,"Andrezel (77390), Île-de-France"
29957,Annet-sur-Marne,Île-de-France,Seine-et-Marne,77410,48.922,2.708,"Annet-sur-Marne (77410), Île-de-France"
29958,Arbonne-la-Forêt,Île-de-France,Seine-et-Marne,77630,48.41,2.561,"Arbonne-la-Forêt (77630), Île-de-France"
29959,Argentières,Île-de-France,Seine-et-Marne,77390,48.652,2.871,"Argentières (77390), Île-de-France"
29960,Armentières-en-Brie,Île-de-France,Seine-et-Marne,77440,48.981,3.016,"Armentières-en-Brie (77440), Île-de-France"
29961,Arville,Île-de-France,Seine-et-Marne,77890,48.181,2.557,"Arville (77890), Île-de-France"
29962,Aubepierre-Ozouer-le-Repos,Île-de-France,Seine-et-Marne,77720,48.62,2.903,"Aubepierre-Ozouer-le-Repos (77720), Île-de-France"
29963,Aufferville,Île-de-France,Seine-et-Marne,77570,48.205,2.601,"Aufferville (77570), Île-de-France"
29964,Augers-en-Brie,Île-de-France,Seine-et-Marne,77560,48.667,3.352,"Augers-en-Brie (77560), Île-de-France"
29965,Aulnoy,Île-de-France,Seine-et-Marne,77120,48.849,3.089,"Aulnoy (77120), Île-de-France"
29966,Avon,Île-de-France,Seine-et-Marne,77210,48.413,2.734,"Avon (77210), Île-de-France"
29967,Baby,Île-de-France,Seine-et-Marne,77480,48.389,3.345,"Baby (77480), Île-de-France"
29968,Bagneaux-sur-Loing,Île-de-France,Seine-et-Marne,77167,48.223,2.708,"Bagneaux-sur-Loing (77167), Île-de-France"
29969,Bailly-Romainvilliers,Île-de-France,Seine-et-Marne,77700,48.843,2.817,"Bailly-Romainvilliers (77700), Île-de-France"
29970,Balloy,Île-de-France,Seine-et-Marne,77118,48.397,3.151,"Balloy (77118), Île-de-France"
29971,Bannost-Villegagnon,Île-de-France,Seine-et-Marne,77970,48.675,3.192,"Bannost-Villegagnon (77970), Île-de-France"
29972,Barbey,Île-de-France,Seine-et-Marne,77130,48.366,3.05,"Barbey (77130), Île-de-France"
29973,Barbizon,Île-de-France,Seine-et-Marne,77630,48.448,2.6,"Barbizon (77630), Île-de-France"
29974,Barcy,Île-de-France,Seine-et-Marne,77910,49.017,2.877,"Barcy (77910), Île-de-France"
29975,Bassevelle,Île-de-France,Seine-et-Marne,77750,48.923,3.282,"Bassevelle (77750), Île-de-France"
29976,Bazoches-lès-Bray,Île-de-France,Seine-et-Marne,77118,48.398,3.193,"Bazoches-lès-Bray (77118), Île-de-France"
29977,Beauchery-Saint-Martin,Île-de-France,Seine-et-Marne,77560,48.602,3.421,"Beauchery-Saint-Martin (77560), Île-de-France"
29978,Beaumont-du-Gâtinais,Île-de-France,Seine-et-Marne,77890,48.141,2.492,"Beaumont-du-Gâtinais (77890), Île-de-France"
29979,Beauvoir,Île-de-France,Seine-et-Marne,77390,48.642,2.864,"Beauvoir (77390), Île-de-France"
29980,Bellot,Île-de-France,Seine-et-Marne,77510,48.842,3.324,"Bellot (77510), Île-de-France"
29981,Bernay-Vilbert,Île-de-France,Seine-et-Marne,77540,48.675,2.93,"Bernay-Vilbert (77540), Île-de-France"
29982,Beton-Bazoches,Île-de-France,Seine-et-Marne,77320,48.707,3.246,"Beton-Bazoches (77320), Île-de-France"
29983,Bezalles,Île-de-France,Seine-et-Marne,77970,48.667,3.24,"Bezalles (77970), Île-de-France"
29984,Blandy,Île-de-France,Seine-et-Marne,77115,48.56,2.795,"Blandy (77115), Île-de-France"
29985,Blennes,Île-de-France,Seine-et-Marne,77940,48.245,3.012,"Blennes (77940), Île-de-France"
29986,Boisdon,Île-de-France,Seine-et-Marne,77970,48.676,3.226,"Boisdon (77970), Île-de-France"
29987,Bois-le-Roi,Île-de-France,Seine-et-Marne,77590,48.476,2.702,"Bois-le-Roi (77590), Île-de-France"
29988,Boissettes,Île-de-France,Seine-et-Marne,77350,48.524,2.615,"Boissettes (77350), Île-de-France"
29989,Boissise-la-Bertrand,Île-de-France,Seine-et-Marne,77350,48.534,2.59,"Boissise-la-Bertrand (77350), Île-de-France"
29990,Boissise-le-Roi,Île-de-France,Seine-et-Marne,77310,48.512,2.57,"Boissise-le-Roi (77310), Île-de-France"
29991,Boissy-aux-Cailles,Île-de-France,Seine-et-Marne,77760,48.312,2.493,"Boissy-aux-Cailles (77760), Île-de-France"
29992,Boissy-le-Châtel,Île-de-France,Seine-et-Marne,77169,48.825,3.137,"Boissy-le-Châtel (77169), Île-de-France"
29993,Boitron,Île-de-France,Seine-et-Marne,77750,48.897,3.262,"Boitron (77750), Île-de-France"
29994,Bombon,Île-de-France,Seine-et-Marne,77720,48.568,2.868,"Bombon (77720), Île-de-France"
29995,Bougligny,Île-de-France,Seine-et-Marne,77570,48.199,2.667,"Bougligny (77570), Île-de-France"
29996,Boulancourt,Île-de-France,Seine-et-Marne,77760,48.262,2.451,"Boulancourt (77760), Île-de-France"
29997,Bouleurs,Île-de-France,Seine-et-Marne,77580,48.879,2.908,"Bouleurs (77580), Île-de-France"
29998,Bourron-Marlotte,Île-de-France,Seine-et-Marne,77780,48.335,2.702,"Bourron-Marlotte (77780), Île-de-France"
29999,Boutigny,Île-de-France,Seine-et-Marne,77470,48.913,2.929,"Boutigny (77470), Île-de-France"
30000,Bransles,Île-de-France,Seine-et-Marne,77620,48.149,2.828,"Bransles (77620), Île-de-France"
30001,Bray-sur-Seine,Île-de-France,Seine-et-Marne,77480,48.415,3.244,"Bray-sur-Seine (77480), Île-de-France"
30002,Bréau,Île-de-France,Seine-et-Marne,77720,48.558,2.88,"Bréau (77720), Île-de-France"
30003,Brie-Comte-Robert,Île-de-France,Seine-et-Marne,77170,48.692,2.614,"Brie-Comte-Robert (77170), Île-de-France"
30004,La Brosse-Montceaux,Île-de-France,Seine-et-Marne,77940,48.339,3.024,"La Brosse-Montceaux (77940), Île-de-France"
30005,Brou-sur-Chantereine,Île-de-France,Seine-et-Marne,77177,48.89,2.64,"Brou-sur-Chantereine (77177), Île-de-France"
30006,Burcy,Île-de-France,Seine-et-Marne,77760,48.233,2.526,"Burcy (77760), Île-de-France"
30007,Bussières,Île-de-France,Seine-et-Marne,77750,48.927,3.238,"Bussières (77750), Île-de-France"
30008,Bussy-Saint-Georges,Île-de-France,Seine-et-Marne,77600,48.831,2.722,"Bussy-Saint-Georges (77600), Île-de-France"
30009,Bussy-Saint-Martin,Île-de-France,Seine-et-Marne,77600,48.846,2.679,"Bussy-Saint-Martin (77600), Île-de-France"
30010,Buthiers,Île-de-France,Seine-et-Marne,77760,48.287,2.454,"Buthiers (77760), Île-de-France"
30011,Cannes-Écluse,Île-de-France,Seine-et-Marne,77130,48.364,2.991,"Cannes-Écluse (77130), Île-de-France"
30012,Carnetin,Île-de-France,Seine-et-Marne,77400,48.904,2.699,"Carnetin (77400), Île-de-France"
30013,La Celle-sur-Morin,Île-de-France,Seine-et-Marne,77515,48.796,2.972,"La Celle-sur-Morin (77515), Île-de-France"
30014,Cély,Île-de-France,Seine-et-Marne,77930,48.46,2.525,"Cély (77930), Île-de-France"
30015,Cerneux,Île-de-France,Seine-et-Marne,77320,48.705,3.346,"Cerneux (77320), Île-de-France"
30016,Cesson,Île-de-France,Seine-et-Marne,77240,48.565,2.595,"Cesson (77240), Île-de-France"
30017,Cessoy-en-Montois,Île-de-France,Seine-et-Marne,77520,48.507,3.139,"Cessoy-en-Montois (77520), Île-de-France"
30018,Chailly-en-Bière,Île-de-France,Seine-et-Marne,77930,48.47,2.612,"Chailly-en-Bière (77930), Île-de-France"
30019,Chailly-en-Brie,Île-de-France,Seine-et-Marne,77120,48.792,3.134,"Chailly-en-Brie (77120), Île-de-France"
30020,Chaintreaux,Île-de-France,Seine-et-Marne,77460,48.191,2.814,"Chaintreaux (77460), Île-de-France"
30021,Chalautre-la-Grande,Île-de-France,Seine-et-Marne,77171,48.55,3.446,"Chalautre-la-Grande (77171), Île-de-France"
30022,Chalautre-la-Petite,Île-de-France,Seine-et-Marne,77160,48.527,3.315,"Chalautre-la-Petite (77160), Île-de-France"
30023,Chalifert,Île-de-France,Seine-et-Marne,77144,48.895,2.773,"Chalifert (77144), Île-de-France"
30024,Chalmaison,Île-de-France,Seine-et-Marne,77650,48.49,3.256,"Chalmaison (77650), Île-de-France"
30025,Chambry,Île-de-France,Seine-et-Marne,77910,48.998,2.894,"Chambry (77910), Île-de-France"
30026,Chamigny,Île-de-France,Seine-et-Marne,77260,48.985,3.142,"Chamigny (77260), Île-de-France"
30027,Champagne-sur-Seine,Île-de-France,Seine-et-Marne,77430,48.409,2.808,"Champagne-sur-Seine (77430), Île-de-France"
30028,Champcenest,Île-de-France,Seine-et-Marne,77560,48.671,3.277,"Champcenest (77560), Île-de-France"
30029,Champdeuil,Île-de-France,Seine-et-Marne,77390,48.622,2.731,"Champdeuil (77390), Île-de-France"
30030,Champeaux,Île-de-France,Seine-et-Marne,77720,48.592,2.811,"Champeaux (77720), Île-de-France"
30031,Champs-sur-Marne,Île-de-France,Seine-et-Marne,77420,48.848,2.596,"Champs-sur-Marne (77420), Île-de-France"
30032,Changis-sur-Marne,Île-de-France,Seine-et-Marne,77660,48.966,3.025,"Changis-sur-Marne (77660), Île-de-France"
30033,Chanteloup-en-Brie,Île-de-France,Seine-et-Marne,77600,48.858,2.74,"Chanteloup-en-Brie (77600), Île-de-France"
30034,La Chapelle-Gauthier,Île-de-France,Seine-et-Marne,77720,48.531,2.863,"La Chapelle-Gauthier (77720), Île-de-France"
30035,La Chapelle-Iger,Île-de-France,Seine-et-Marne,77540,48.652,2.992,"La Chapelle-Iger (77540), Île-de-France"
30036,La Chapelle-la-Reine,Île-de-France,Seine-et-Marne,77760,48.316,2.567,"La Chapelle-la-Reine (77760), Île-de-France"
30037,La Chapelle-Rablais,Île-de-France,Seine-et-Marne,77370,48.506,2.961,"La Chapelle-Rablais (77370), Île-de-France"
30038,La Chapelle-Saint-Sulpice,Île-de-France,Seine-et-Marne,77160,48.558,3.18,"La Chapelle-Saint-Sulpice (77160), Île-de-France"
30039,Les Chapelles-Bourbon,Île-de-France,Seine-et-Marne,77610,48.744,2.836,"Les Chapelles-Bourbon (77610), Île-de-France"
30040,La Chapelle-Moutils,Île-de-France,Seine-et-Marne,77320,48.777,3.383,"La Chapelle-Moutils (77320), Île-de-France"
30041,Charmentray,Île-de-France,Seine-et-Marne,77410,48.951,2.779,"Charmentray (77410), Île-de-France"
30042,Charny,Île-de-France,Seine-et-Marne,77410,48.97,2.756,"Charny (77410), Île-de-France"
30043,Chartrettes,Île-de-France,Seine-et-Marne,77590,48.494,2.714,"Chartrettes (77590), Île-de-France"
30044,Chartronges,Île-de-France,Seine-et-Marne,77320,48.751,3.263,"Chartronges (77320), Île-de-France"
30045,Châteaubleau,Île-de-France,Seine-et-Marne,77370,48.583,3.109,"Châteaubleau (77370), Île-de-France"
30046,Château-Landon,Île-de-France,Seine-et-Marne,77570,48.148,2.7,"Château-Landon (77570), Île-de-France"
30047,Le Châtelet-en-Brie,Île-de-France,Seine-et-Marne,77820,48.502,2.803,"Le Châtelet-en-Brie (77820), Île-de-France"
30048,Châtenay-sur-Seine,Île-de-France,Seine-et-Marne,77126,48.42,3.094,"Châtenay-sur-Seine (77126), Île-de-France"
30049,Châtenoy,Île-de-France,Seine-et-Marne,77167,48.231,2.627,"Châtenoy (77167), Île-de-France"
30050,Châtillon-la-Borde,Île-de-France,Seine-et-Marne,77820,48.538,2.827,"Châtillon-la-Borde (77820), Île-de-France"
30051,Châtres,Île-de-France,Seine-et-Marne,77610,48.713,2.816,"Châtres (77610), Île-de-France"
30052,Chauffry,Île-de-France,Seine-et-Marne,77169,48.822,3.181,"Chauffry (77169), Île-de-France"
30053,Chaumes-en-Brie,Île-de-France,Seine-et-Marne,77390,48.667,2.845,"Chaumes-en-Brie (77390), Île-de-France"
30054,Chelles,Île-de-France,Seine-et-Marne,77500,48.884,2.597,"Chelles (77500), Île-de-France"
30055,Chenoise-Cucharmoy,Île-de-France,Seine-et-Marne,77160,48.622,3.192,"Chenoise-Cucharmoy (77160), Île-de-France"
30056,Chenou,Île-de-France,Seine-et-Marne,77570,48.165,2.653,"Chenou (77570), Île-de-France"
30057,Chessy,Île-de-France,Seine-et-Marne,77700,48.872,2.77,"Chessy (77700), Île-de-France"
30058,Chevrainvilliers,Île-de-France,Seine-et-Marne,77760,48.246,2.602,"Chevrainvilliers (77760), Île-de-France"
30059,Chevru,Île-de-France,Seine-et-Marne,77320,48.734,3.196,"Chevru (77320), Île-de-France"
30060,Chevry-Cossigny,Île-de-France,Seine-et-Marne,77173,48.723,2.677,"Chevry-Cossigny (77173), Île-de-France"
30061,Chevry-en-Sereine,Île-de-France,Seine-et-Marne,77710,48.249,2.96,"Chevry-en-Sereine (77710), Île-de-France"
30062,Choisy-en-Brie,Île-de-France,Seine-et-Marne,77320,48.765,3.213,"Choisy-en-Brie (77320), Île-de-France"
30063,Citry,Île-de-France,Seine-et-Marne,77730,48.961,3.246,"Citry (77730), Île-de-France"
30064,Claye-Souilly,Île-de-France,Seine-et-Marne,77410,48.943,2.675,"Claye-Souilly (77410), Île-de-France"
30065,Clos-Fontaine,Île-de-France,Seine-et-Marne,77370,48.604,3.014,"Clos-Fontaine (77370), Île-de-France"
30066,Cocherel,Île-de-France,Seine-et-Marne,77440,49.018,3.107,"Cocherel (77440), Île-de-France"
30067,Collégien,Île-de-France,Seine-et-Marne,77090,48.827,2.677,"Collégien (77090), Île-de-France"
30068,Combs-la-Ville,Île-de-France,Seine-et-Marne,77380,48.658,2.575,"Combs-la-Ville (77380), Île-de-France"
30069,Compans,Île-de-France,Seine-et-Marne,77290,48.989,2.656,"Compans (77290), Île-de-France"
30070,Conches-sur-Gondoire,Île-de-France,Seine-et-Marne,77600,48.858,2.719,"Conches-sur-Gondoire (77600), Île-de-France"
30071,Condé-Sainte-Libiaire,Île-de-France,Seine-et-Marne,77450,48.899,2.836,"Condé-Sainte-Libiaire (77450), Île-de-France"
30072,Congis-sur-Thérouanne,Île-de-France,Seine-et-Marne,77440,49.012,2.978,"Congis-sur-Thérouanne (77440), Île-de-France"
30073,Coubert,Île-de-France,Seine-et-Marne,77170,48.678,2.708,"Coubert (77170), Île-de-France"
30074,Couilly-Pont-aux-Dames,Île-de-France,Seine-et-Marne,77860,48.882,2.865,"Couilly-Pont-aux-Dames (77860), Île-de-France"
30075,Coulombs-en-Valois,Île-de-France,Seine-et-Marne,77840,49.078,3.128,"Coulombs-en-Valois (77840), Île-de-France"
30076,Coulommes,Île-de-France,Seine-et-Marne,77580,48.892,2.929,"Coulommes (77580), Île-de-France"
30077,Coulommiers,Île-de-France,Seine-et-Marne,77120,48.812,3.091,"Coulommiers (77120), Île-de-France"
30078,Coupvray,Île-de-France,Seine-et-Marne,77700,48.886,2.794,"Coupvray (77700), Île-de-France"
30079,Courcelles-en-Bassée,Île-de-France,Seine-et-Marne,77126,48.413,3.053,"Courcelles-en-Bassée (77126), Île-de-France"
30080,Courchamp,Île-de-France,Seine-et-Marne,77560,48.642,3.29,"Courchamp (77560), Île-de-France"
30081,Courpalay,Île-de-France,Seine-et-Marne,77540,48.643,2.954,"Courpalay (77540), Île-de-France"
30082,Courquetaine,Île-de-France,Seine-et-Marne,77390,48.68,2.748,"Courquetaine (77390), Île-de-France"
30083,Courtacon,Île-de-France,Seine-et-Marne,77560,48.703,3.291,"Courtacon (77560), Île-de-France"
30084,Courtomer,Île-de-France,Seine-et-Marne,77390,48.658,2.896,"Courtomer (77390), Île-de-France"
30085,Courtry,Île-de-France,Seine-et-Marne,77181,48.917,2.603,"Courtry (77181), Île-de-France"
30086,Coutençon,Île-de-France,Seine-et-Marne,77154,48.473,2.997,"Coutençon (77154), Île-de-France"
30087,Coutevroult,Île-de-France,Seine-et-Marne,77580,48.853,2.848,"Coutevroult (77580), Île-de-France"
30088,Crécy-la-Chapelle,Île-de-France,Seine-et-Marne,77580,48.857,2.933,"Crécy-la-Chapelle (77580), Île-de-France"
30089,Crégy-lès-Meaux,Île-de-France,Seine-et-Marne,77124,48.978,2.874,"Crégy-lès-Meaux (77124), Île-de-France"
30090,Crèvecœur-en-Brie,Île-de-France,Seine-et-Marne,77610,48.756,2.907,"Crèvecœur-en-Brie (77610), Île-de-France"
30091,Crisenoy,Île-de-France,Seine-et-Marne,77390,48.603,2.745,"Crisenoy (77390), Île-de-France"
30092,Croissy-Beaubourg,Île-de-France,Seine-et-Marne,77183,48.817,2.656,"Croissy-Beaubourg (77183), Île-de-France"
30093,La Croix-en-Brie,Île-de-France,Seine-et-Marne,77370,48.594,3.071,"La Croix-en-Brie (77370), Île-de-France"
30094,Crouy-sur-Ourcq,Île-de-France,Seine-et-Marne,77840,49.087,3.08,"Crouy-sur-Ourcq (77840), Île-de-France"
30095,Cuisy,Île-de-France,Seine-et-Marne,77165,49.02,2.778,"Cuisy (77165), Île-de-France"
30096,Dagny,Île-de-France,Seine-et-Marne,77320,48.714,3.165,"Dagny (77320), Île-de-France"
30097,Dammarie-les-Lys,Île-de-France,Seine-et-Marne,77190,48.514,2.628,"Dammarie-les-Lys (77190), Île-de-France"
30098,Dammartin-en-Goële,Île-de-France,Seine-et-Marne,77230,49.054,2.679,"Dammartin-en-Goële (77230), Île-de-France"
30099,Dammartin-sur-Tigeaux,Île-de-France,Seine-et-Marne,77163,48.808,2.903,"Dammartin-sur-Tigeaux (77163), Île-de-France"
30100,Dampmart,Île-de-France,Seine-et-Marne,77400,48.894,2.746,"Dampmart (77400), Île-de-France"
30101,Darvault,Île-de-France,Seine-et-Marne,77140,48.277,2.728,"Darvault (77140), Île-de-France"
30102,Dhuisy,Île-de-France,Seine-et-Marne,77440,49.036,3.164,"Dhuisy (77440), Île-de-France"
30103,Diant,Île-de-France,Seine-et-Marne,77940,48.291,3.005,"Diant (77940), Île-de-France"
30104,Donnemarie-Dontilly,Île-de-France,Seine-et-Marne,77520,48.478,3.118,"Donnemarie-Dontilly (77520), Île-de-France"
30105,Dormelles,Île-de-France,Seine-et-Marne,77130,48.313,2.889,"Dormelles (77130), Île-de-France"
30106,Doue,Île-de-France,Seine-et-Marne,77510,48.874,3.169,"Doue (77510), Île-de-France"
30107,Douy-la-Ramée,Île-de-France,Seine-et-Marne,77139,49.062,2.884,"Douy-la-Ramée (77139), Île-de-France"
30108,Échouboulains,Île-de-France,Seine-et-Marne,77830,48.464,2.93,"Échouboulains (77830), Île-de-France"
30109,Les Écrennes,Île-de-France,Seine-et-Marne,77820,48.496,2.876,"Les Écrennes (77820), Île-de-France"
30110,Égligny,Île-de-France,Seine-et-Marne,77126,48.44,3.124,"Égligny (77126), Île-de-France"
30111,Égreville,Île-de-France,Seine-et-Marne,77620,48.182,2.884,"Égreville (77620), Île-de-France"
30112,Émerainville,Île-de-France,Seine-et-Marne,77184,48.82,2.609,"Émerainville (77184), Île-de-France"
30113,Esbly,Île-de-France,Seine-et-Marne,77450,48.901,2.812,"Esbly (77450), Île-de-France"
30114,Esmans,Île-de-France,Seine-et-Marne,77940,48.343,2.969,"Esmans (77940), Île-de-France"
30115,Étrépilly,Île-de-France,Seine-et-Marne,77139,49.042,2.93,"Étrépilly (77139), Île-de-France"
30116,Everly,Île-de-France,Seine-et-Marne,77157,48.46,3.264,"Everly (77157), Île-de-France"
30117,Évry-Grégy-sur-Yerre,Île-de-France,Seine-et-Marne,77166,48.654,2.64,"Évry-Grégy-sur-Yerre (77166), Île-de-France"
30118,Faremoutiers,Île-de-France,Seine-et-Marne,77515,48.778,3.0,"Faremoutiers (77515), Île-de-France"
30119,Favières,Île-de-France,Seine-et-Marne,77220,48.78,2.768,"Favières (77220), Île-de-France"
30120,Faÿ-lès-Nemours,Île-de-France,Seine-et-Marne,77167,48.228,2.664,"Faÿ-lès-Nemours (77167), Île-de-France"
30121,Féricy,Île-de-France,Seine-et-Marne,77133,48.465,2.804,"Féricy (77133), Île-de-France"
30122,Férolles-Attilly,Île-de-France,Seine-et-Marne,77150,48.734,2.639,"Férolles-Attilly (77150), Île-de-France"
30123,Ferrières-en-Brie,Île-de-France,Seine-et-Marne,77164,48.82,2.708,"Ferrières-en-Brie (77164), Île-de-France"
30124,La Ferté-Gaucher,Île-de-France,Seine-et-Marne,77320,48.788,3.304,"La Ferté-Gaucher (77320), Île-de-France"
30125,La Ferté-sous-Jouarre,Île-de-France,Seine-et-Marne,77260,48.954,3.128,"La Ferté-sous-Jouarre (77260), Île-de-France"
30126,Flagy,Île-de-France,Seine-et-Marne,77940,48.31,2.917,"Flagy (77940), Île-de-France"
30127,Fleury-en-Bière,Île-de-France,Seine-et-Marne,77930,48.445,2.54,"Fleury-en-Bière (77930), Île-de-France"
30128,Fontainebleau,Île-de-France,Seine-et-Marne,77300,48.407,2.68,"Fontainebleau (77300), Île-de-France"
30129,Fontaine-Fourches,Île-de-France,Seine-et-Marne,77480,48.412,3.394,"Fontaine-Fourches (77480), Île-de-France"
30130,Fontaine-le-Port,Île-de-France,Seine-et-Marne,77590,48.484,2.767,"Fontaine-le-Port (77590), Île-de-France"
30131,Fontains,Île-de-France,Seine-et-Marne,77370,48.522,3.007,"Fontains (77370), Île-de-France"
30132,Fontenailles,Île-de-France,Seine-et-Marne,77370,48.532,2.927,"Fontenailles (77370), Île-de-France"
30133,Fontenay-Trésigny,Île-de-France,Seine-et-Marne,77610,48.698,2.862,"Fontenay-Trésigny (77610), Île-de-France"
30134,Forfry,Île-de-France,Seine-et-Marne,77165,49.054,2.85,"Forfry (77165), Île-de-France"
30135,Forges,Île-de-France,Seine-et-Marne,77130,48.422,2.949,"Forges (77130), Île-de-France"
30136,Fouju,Île-de-France,Seine-et-Marne,77390,48.587,2.765,"Fouju (77390), Île-de-France"
30137,Fresnes-sur-Marne,Île-de-France,Seine-et-Marne,77410,48.942,2.74,"Fresnes-sur-Marne (77410), Île-de-France"
30138,Frétoy,Île-de-France,Seine-et-Marne,77320,48.706,3.203,"Frétoy (77320), Île-de-France"
30139,Fromont,Île-de-France,Seine-et-Marne,77760,48.254,2.508,"Fromont (77760), Île-de-France"
30140,Fublaines,Île-de-France,Seine-et-Marne,77470,48.939,2.941,"Fublaines (77470), Île-de-France"
30141,Garentreville,Île-de-France,Seine-et-Marne,77890,48.234,2.56,"Garentreville (77890), Île-de-France"
30142,Gastins,Île-de-France,Seine-et-Marne,77370,48.627,3.02,"Gastins (77370), Île-de-France"
30143,La Genevraye,Île-de-France,Seine-et-Marne,77690,48.315,2.753,"La Genevraye (77690), Île-de-France"
30144,Germigny-l'Évêque,Île-de-France,Seine-et-Marne,77910,48.986,2.958,"Germigny-l'Évêque (77910), Île-de-France"
30145,Germigny-sous-Coulombs,Île-de-France,Seine-et-Marne,77840,49.064,3.161,"Germigny-sous-Coulombs (77840), Île-de-France"
30146,Gesvres-le-Chapitre,Île-de-France,Seine-et-Marne,77165,49.036,2.843,"Gesvres-le-Chapitre (77165), Île-de-France"
30147,Giremoutiers,Île-de-France,Seine-et-Marne,77120,48.853,3.033,"Giremoutiers (77120), Île-de-France"
30148,Gironville,Île-de-France,Seine-et-Marne,77890,48.163,2.533,"Gironville (77890), Île-de-France"
30149,Gouaix,Île-de-France,Seine-et-Marne,77114,48.476,3.297,"Gouaix (77114), Île-de-France"
30150,Gouvernes,Île-de-France,Seine-et-Marne,77400,48.858,2.695,"Gouvernes (77400), Île-de-France"
30151,La Grande-Paroisse,Île-de-France,Seine-et-Marne,77130,48.392,2.898,"La Grande-Paroisse (77130), Île-de-France"
30152,Grandpuits-Bailly-Carrois,Île-de-France,Seine-et-Marne,77720,48.582,2.976,"Grandpuits-Bailly-Carrois (77720), Île-de-France"
30153,Gravon,Île-de-France,Seine-et-Marne,77118,48.388,3.125,"Gravon (77118), Île-de-France"
30154,Gressy,Île-de-France,Seine-et-Marne,77410,48.965,2.664,"Gressy (77410), Île-de-France"
30155,Gretz-Armainvilliers,Île-de-France,Seine-et-Marne,77220,48.75,2.726,"Gretz-Armainvilliers (77220), Île-de-France"
30156,Grez-sur-Loing,Île-de-France,Seine-et-Marne,77880,48.307,2.677,"Grez-sur-Loing (77880), Île-de-France"
30157,Grisy-Suisnes,Île-de-France,Seine-et-Marne,77166,48.684,2.676,"Grisy-Suisnes (77166), Île-de-France"
30158,Grisy-sur-Seine,Île-de-France,Seine-et-Marne,77480,48.439,3.318,"Grisy-sur-Seine (77480), Île-de-France"
30159,Guérard,Île-de-France,Seine-et-Marne,77580,48.819,2.952,"Guérard (77580), Île-de-France"
30160,Guercheville,Île-de-France,Seine-et-Marne,77760,48.26,2.558,"Guercheville (77760), Île-de-France"
30161,Guermantes,Île-de-France,Seine-et-Marne,77600,48.851,2.712,"Guermantes (77600), Île-de-France"
30162,Guignes,Île-de-France,Seine-et-Marne,77390,48.636,2.8,"Guignes (77390), Île-de-France"
30163,Gurcy-le-Châtel,Île-de-France,Seine-et-Marne,77520,48.484,3.081,"Gurcy-le-Châtel (77520), Île-de-France"
30164,Hautefeuille,Île-de-France,Seine-et-Marne,77515,48.766,2.964,"Hautefeuille (77515), Île-de-France"
30165,La Haute-Maison,Île-de-France,Seine-et-Marne,77580,48.884,3.006,"La Haute-Maison (77580), Île-de-France"
30166,Héricy,Île-de-France,Seine-et-Marne,77850,48.442,2.789,"Héricy (77850), Île-de-France"
30167,Hermé,Île-de-France,Seine-et-Marne,77114,48.486,3.346,"Hermé (77114), Île-de-France"
30168,Hondevilliers,Île-de-France,Seine-et-Marne,77510,48.904,3.312,"Hondevilliers (77510), Île-de-France"
30169,La Houssaye-en-Brie,Île-de-France,Seine-et-Marne,77610,48.756,2.868,"La Houssaye-en-Brie (77610), Île-de-France"
30170,Ichy,Île-de-France,Seine-et-Marne,77890,48.206,2.542,"Ichy (77890), Île-de-France"
30171,Isles-les-Meldeuses,Île-de-France,Seine-et-Marne,77440,48.998,3.012,"Isles-les-Meldeuses (77440), Île-de-France"
30172,Isles-lès-Villenoy,Île-de-France,Seine-et-Marne,77450,48.917,2.831,"Isles-lès-Villenoy (77450), Île-de-France"
30173,Iverny,Île-de-France,Seine-et-Marne,77165,48.996,2.791,"Iverny (77165), Île-de-France"
30174,Jablines,Île-de-France,Seine-et-Marne,77450,48.914,2.757,"Jablines (77450), Île-de-France"
30175,Jaignes,Île-de-France,Seine-et-Marne,77440,48.987,3.075,"Jaignes (77440), Île-de-France"
30176,Jaulnes,Île-de-France,Seine-et-Marne,77480,48.414,3.276,"Jaulnes (77480), Île-de-France"
30177,Jossigny,Île-de-France,Seine-et-Marne,77600,48.831,2.763,"Jossigny (77600), Île-de-France"
30178,Jouarre,Île-de-France,Seine-et-Marne,77640,48.902,3.113,"Jouarre (77640), Île-de-France"
30179,Jouy-le-Châtel,Île-de-France,Seine-et-Marne,77970,48.664,3.135,"Jouy-le-Châtel (77970), Île-de-France"
30180,Jouy-sur-Morin,Île-de-France,Seine-et-Marne,77320,48.796,3.272,"Jouy-sur-Morin (77320), Île-de-France"
30181,Juilly,Île-de-France,Seine-et-Marne,77230,49.022,2.706,"Juilly (77230), Île-de-France"
30182,Jutigny,Île-de-France,Seine-et-Marne,77650,48.494,3.227,"Jutigny (77650), Île-de-France"
30183,Lagny-sur-Marne,Île-de-France,Seine-et-Marne,77400,48.873,2.71,"Lagny-sur-Marne (77400), Île-de-France"
30184,Larchant,Île-de-France,Seine-et-Marne,77760,48.283,2.599,"Larchant (77760), Île-de-France"
30185,Laval-en-Brie,Île-de-France,Seine-et-Marne,77148,48.455,2.976,"Laval-en-Brie (77148), Île-de-France"
30186,Léchelle,Île-de-France,Seine-et-Marne,77171,48.572,3.389,"Léchelle (77171), Île-de-France"
30187,Lescherolles,Île-de-France,Seine-et-Marne,77320,48.761,3.35,"Lescherolles (77320), Île-de-France"
30188,Lesches,Île-de-France,Seine-et-Marne,77450,48.915,2.793,"Lesches (77450), Île-de-France"
30189,Lésigny,Île-de-France,Seine-et-Marne,77150,48.75,2.616,"Lésigny (77150), Île-de-France"
30190,Leudon-en-Brie,Île-de-France,Seine-et-Marne,77320,48.73,3.268,"Leudon-en-Brie (77320), Île-de-France"
30191,Lieusaint,Île-de-France,Seine-et-Marne,77127,48.626,2.55,"Lieusaint (77127), Île-de-France"
30192,Limoges-Fourches,Île-de-France,Seine-et-Marne,77550,48.627,2.67,"Limoges-Fourches (77550), Île-de-France"
30193,Lissy,Île-de-France,Seine-et-Marne,77550,48.618,2.702,"Lissy (77550), Île-de-France"
30194,Liverdy-en-Brie,Île-de-France,Seine-et-Marne,77220,48.696,2.78,"Liverdy-en-Brie (77220), Île-de-France"
30195,Livry-sur-Seine,Île-de-France,Seine-et-Marne,77000,48.505,2.686,"Livry-sur-Seine (77000), Île-de-France"
30196,Lizines,Île-de-France,Seine-et-Marne,77650,48.528,3.165,"Lizines (77650), Île-de-France"
30197,Lizy-sur-Ourcq,Île-de-France,Seine-et-Marne,77440,49.035,3.019,"Lizy-sur-Ourcq (77440), Île-de-France"
30198,Lognes,Île-de-France,Seine-et-Marne,77185,48.833,2.634,"Lognes (77185), Île-de-France"
30199,Longperrier,Île-de-France,Seine-et-Marne,77230,49.051,2.655,"Longperrier (77230), Île-de-France"
30200,Longueville,Île-de-France,Seine-et-Marne,77650,48.514,3.238,"Longueville (77650), Île-de-France"
30201,Lorrez-le-Bocage-Préaux,Île-de-France,Seine-et-Marne,77710,48.24,2.896,"Lorrez-le-Bocage-Préaux (77710), Île-de-France"
30202,Louan-Villegruis-Fontaine,Île-de-France,Seine-et-Marne,77560,48.615,3.489,"Louan-Villegruis-Fontaine (77560), Île-de-France"
30203,Luisetaines,Île-de-France,Seine-et-Marne,77520,48.461,3.186,"Luisetaines (77520), Île-de-France"
30204,Lumigny-Nesles-Ormeaux,Île-de-France,Seine-et-Marne,77540,48.72,2.954,"Lumigny-Nesles-Ormeaux (77540), Île-de-France"
30205,Luzancy,Île-de-France,Seine-et-Marne,77138,48.978,3.181,"Luzancy (77138), Île-de-France"
30206,Machault,Île-de-France,Seine-et-Marne,77133,48.446,2.841,"Machault (77133), Île-de-France"
30207,La Madeleine-sur-Loing,Île-de-France,Seine-et-Marne,77570,48.205,2.702,"La Madeleine-sur-Loing (77570), Île-de-France"
30208,Magny-le-Hongre,Île-de-France,Seine-et-Marne,77700,48.867,2.814,"Magny-le-Hongre (77700), Île-de-France"
30209,Maincy,Île-de-France,Seine-et-Marne,77950,48.554,2.706,"Maincy (77950), Île-de-France"
30210,Maisoncelles-en-Brie,Île-de-France,Seine-et-Marne,77580,48.859,2.994,"Maisoncelles-en-Brie (77580), Île-de-France"
30211,Maisoncelles-en-Gâtinais,Île-de-France,Seine-et-Marne,77570,48.183,2.621,"Maisoncelles-en-Gâtinais (77570), Île-de-France"
30212,Maison-Rouge,Île-de-France,Seine-et-Marne,77370,48.555,3.151,"Maison-Rouge (77370), Île-de-France"
30213,Marchémoret,Île-de-France,Seine-et-Marne,77230,49.053,2.752,"Marchémoret (77230), Île-de-France"
30214,Marcilly,Île-de-France,Seine-et-Marne,77139,49.037,2.88,"Marcilly (77139), Île-de-France"
30215,Les Marêts,Île-de-France,Seine-et-Marne,77560,48.672,3.317,"Les Marêts (77560), Île-de-France"
30216,Mareuil-lès-Meaux,Île-de-France,Seine-et-Marne,77100,48.924,2.87,"Mareuil-lès-Meaux (77100), Île-de-France"
30217,Marles-en-Brie,Île-de-France,Seine-et-Marne,77610,48.725,2.888,"Marles-en-Brie (77610), Île-de-France"
30218,Marolles-en-Brie,Île-de-France,Seine-et-Marne,77120,48.774,3.162,"Marolles-en-Brie (77120), Île-de-France"
30219,Marolles-sur-Seine,Île-de-France,Seine-et-Marne,77130,48.384,3.032,"Marolles-sur-Seine (77130), Île-de-France"
30220,Mary-sur-Marne,Île-de-France,Seine-et-Marne,77440,49.016,3.033,"Mary-sur-Marne (77440), Île-de-France"
30221,Mauperthuis,Île-de-France,Seine-et-Marne,77120,48.77,3.038,"Mauperthuis (77120), Île-de-France"
30222,Mauregard,Île-de-France,Seine-et-Marne,77990,49.029,2.572,"Mauregard (77990), Île-de-France"
30223,May-en-Multien,Île-de-France,Seine-et-Marne,77145,49.07,3.025,"May-en-Multien (77145), Île-de-France"
30224,Meaux,Île-de-France,Seine-et-Marne,77100,48.957,2.9,"Meaux (77100), Île-de-France"
30225,Le Mée-sur-Seine,Île-de-France,Seine-et-Marne,77350,48.54,2.629,"Le Mée-sur-Seine (77350), Île-de-France"
30226,Meigneux,Île-de-France,Seine-et-Marne,77520,48.514,3.097,"Meigneux (77520), Île-de-France"
30227,Meilleray,Île-de-France,Seine-et-Marne,77320,48.798,3.417,"Meilleray (77320), Île-de-France"
30228,Melun,Île-de-France,Seine-et-Marne,77000,48.544,2.658,"Melun (77000), Île-de-France"
30229,Melz-sur-Seine,Île-de-France,Seine-et-Marne,77171,48.504,3.397,"Melz-sur-Seine (77171), Île-de-France"
30230,Méry-sur-Marne,Île-de-France,Seine-et-Marne,77730,48.976,3.203,"Méry-sur-Marne (77730), Île-de-France"
30231,Le Mesnil-Amelot,Île-de-France,Seine-et-Marne,77990,49.016,2.596,"Le Mesnil-Amelot (77990), Île-de-France"
30232,Messy,Île-de-France,Seine-et-Marne,77410,48.967,2.701,"Messy (77410), Île-de-France"
30233,Misy-sur-Yonne,Île-de-France,Seine-et-Marne,77130,48.366,3.095,"Misy-sur-Yonne (77130), Île-de-France"
30234,Mitry-Mory,Île-de-France,Seine-et-Marne,77290,48.978,2.612,"Mitry-Mory (77290), Île-de-France"
30235,Moisenay,Île-de-France,Seine-et-Marne,77950,48.565,2.741,"Moisenay (77950), Île-de-France"
30236,Moissy-Cramayel,Île-de-France,Seine-et-Marne,77550,48.629,2.596,"Moissy-Cramayel (77550), Île-de-France"
30237,Mondreville,Île-de-France,Seine-et-Marne,77570,48.151,2.598,"Mondreville (77570), Île-de-France"
30238,Mons-en-Montois,Île-de-France,Seine-et-Marne,77520,48.491,3.14,"Mons-en-Montois (77520), Île-de-France"
30239,Montceaux-lès-Meaux,Île-de-France,Seine-et-Marne,77470,48.943,2.994,"Montceaux-lès-Meaux (77470), Île-de-France"
30240,Montceaux-lès-Provins,Île-de-France,Seine-et-Marne,77151,48.696,3.444,"Montceaux-lès-Provins (77151), Île-de-France"
30241,Montcourt-Fromonville,Île-de-France,Seine-et-Marne,77140,48.299,2.712,"Montcourt-Fromonville (77140), Île-de-France"
30242,Montdauphin,Île-de-France,Seine-et-Marne,77320,48.853,3.42,"Montdauphin (77320), Île-de-France"
30243,Montenils,Île-de-France,Seine-et-Marne,77320,48.835,3.478,"Montenils (77320), Île-de-France"
30244,Montereau-Fault-Yonne,Île-de-France,Seine-et-Marne,77130,48.39,2.962,"Montereau-Fault-Yonne (77130), Île-de-France"
30245,Montereau-sur-le-Jard,Île-de-France,Seine-et-Marne,77950,48.596,2.672,"Montereau-sur-le-Jard (77950), Île-de-France"
30246,Montévrain,Île-de-France,Seine-et-Marne,77144,48.868,2.75,"Montévrain (77144), Île-de-France"
30247,Montgé-en-Goële,Île-de-France,Seine-et-Marne,77230,49.029,2.744,"Montgé-en-Goële (77230), Île-de-France"
30248,Monthyon,Île-de-France,Seine-et-Marne,77122,49.01,2.833,"Monthyon (77122), Île-de-France"
30249,Montigny-le-Guesdier,Île-de-France,Seine-et-Marne,77480,48.381,3.25,"Montigny-le-Guesdier (77480), Île-de-France"
30250,Montigny-Lencoup,Île-de-France,Seine-et-Marne,77520,48.454,3.053,"Montigny-Lencoup (77520), Île-de-France"
30251,Montigny-sur-Loing,Île-de-France,Seine-et-Marne,77690,48.341,2.751,"Montigny-sur-Loing (77690), Île-de-France"
30252,Montmachoux,Île-de-France,Seine-et-Marne,77940,48.32,2.992,"Montmachoux (77940), Île-de-France"
30253,Montolivet,Île-de-France,Seine-et-Marne,77320,48.828,3.432,"Montolivet (77320), Île-de-France"
30254,Montry,Île-de-France,Seine-et-Marne,77450,48.886,2.823,"Montry (77450), Île-de-France"
30255,Moret-Loing-et-Orvanne,Île-de-France,Seine-et-Marne,77250,48.365,2.812,"Moret-Loing-et-Orvanne (77250), Île-de-France"
30256,Mormant,Île-de-France,Seine-et-Marne,77720,48.598,2.882,"Mormant (77720), Île-de-France"
30257,Mortcerf,Île-de-France,Seine-et-Marne,77163,48.783,2.906,"Mortcerf (77163), Île-de-France"
30258,Mortery,Île-de-France,Seine-et-Marne,77160,48.592,3.248,"Mortery (77160), Île-de-France"
30259,Mouroux,Île-de-France,Seine-et-Marne,77120,48.827,3.051,"Mouroux (77120), Île-de-France"
30260,Mousseaux-lès-Bray,Île-de-France,Seine-et-Marne,77480,48.396,3.23,"Mousseaux-lès-Bray (77480), Île-de-France"
30261,Moussy-le-Neuf,Île-de-France,Seine-et-Marne,77230,49.07,2.608,"Moussy-le-Neuf (77230), Île-de-France"
30262,Moussy-le-Vieux,Île-de-France,Seine-et-Marne,77230,49.048,2.624,"Moussy-le-Vieux (77230), Île-de-France"
30263,Mouy-sur-Seine,Île-de-France,Seine-et-Marne,77480,48.432,3.246,"Mouy-sur-Seine (77480), Île-de-France"
30264,Nandy,Île-de-France,Seine-et-Marne,77176,48.582,2.548,"Nandy (77176), Île-de-France"
30265,Nangis,Île-de-France,Seine-et-Marne,77370,48.555,3.009,"Nangis (77370), Île-de-France"
30266,Nanteau-sur-Essonne,Île-de-France,Seine-et-Marne,77760,48.32,2.427,"Nanteau-sur-Essonne (77760), Île-de-France"
30267,Nanteau-sur-Lunain,Île-de-France,Seine-et-Marne,77710,48.254,2.813,"Nanteau-sur-Lunain (77710), Île-de-France"
30268,Nanteuil-lès-Meaux,Île-de-France,Seine-et-Marne,77100,48.929,2.899,"Nanteuil-lès-Meaux (77100), Île-de-France"
30269,Nanteuil-sur-Marne,Île-de-France,Seine-et-Marne,77730,48.98,3.222,"Nanteuil-sur-Marne (77730), Île-de-France"
30270,Nantouillet,Île-de-France,Seine-et-Marne,77230,49.001,2.702,"Nantouillet (77230), Île-de-France"
30271,Nemours,Île-de-France,Seine-et-Marne,77140,48.26,2.711,"Nemours (77140), Île-de-France"
30272,Chauconin-Neufmontiers,Île-de-France,Seine-et-Marne,77124,48.972,2.832,"Chauconin-Neufmontiers (77124), Île-de-France"
30273,Neufmoutiers-en-Brie,Île-de-France,Seine-et-Marne,77610,48.774,2.826,"Neufmoutiers-en-Brie (77610), Île-de-France"
30274,Noisiel,Île-de-France,Seine-et-Marne,77186,48.846,2.62,"Noisiel (77186), Île-de-France"
30275,Noisy-Rudignon,Île-de-France,Seine-et-Marne,77940,48.336,2.934,"Noisy-Rudignon (77940), Île-de-France"
30276,Noisy-sur-École,Île-de-France,Seine-et-Marne,77123,48.378,2.509,"Noisy-sur-École (77123), Île-de-France"
30277,Nonville,Île-de-France,Seine-et-Marne,77140,48.289,2.774,"Nonville (77140), Île-de-France"
30278,Noyen-sur-Seine,Île-de-France,Seine-et-Marne,77114,48.452,3.342,"Noyen-sur-Seine (77114), Île-de-France"
30279,Obsonville,Île-de-France,Seine-et-Marne,77890,48.217,2.569,"Obsonville (77890), Île-de-France"
30280,Ocquerre,Île-de-France,Seine-et-Marne,77440,49.034,3.06,"Ocquerre (77440), Île-de-France"
30281,Oissery,Île-de-France,Seine-et-Marne,77178,49.07,2.818,"Oissery (77178), Île-de-France"
30282,Orly-sur-Morin,Île-de-France,Seine-et-Marne,77750,48.901,3.227,"Orly-sur-Morin (77750), Île-de-France"
30283,Les Ormes-sur-Voulzie,Île-de-France,Seine-et-Marne,77134,48.46,3.225,"Les Ormes-sur-Voulzie (77134), Île-de-France"
30284,Ormesson,Île-de-France,Seine-et-Marne,77167,48.244,2.652,"Ormesson (77167), Île-de-France"
30285,Othis,Île-de-France,Seine-et-Marne,77280,49.083,2.654,"Othis (77280), Île-de-France"
30286,Ozoir-la-Ferrière,Île-de-France,Seine-et-Marne,77330,48.764,2.68,"Ozoir-la-Ferrière (77330), Île-de-France"
30287,Ozouer-le-Voulgis,Île-de-France,Seine-et-Marne,77390,48.665,2.777,"Ozouer-le-Voulgis (77390), Île-de-France"
30288,Paley,Île-de-France,Seine-et-Marne,77710,48.241,2.854,"Paley (77710), Île-de-France"
30289,Pamfou,Île-de-France,Seine-et-Marne,77830,48.469,2.864,"Pamfou (77830), Île-de-France"
30290,Paroy,Île-de-France,Seine-et-Marne,77520,48.481,3.202,"Paroy (77520), Île-de-France"
30291,Passy-sur-Seine,Île-de-France,Seine-et-Marne,77480,48.429,3.346,"Passy-sur-Seine (77480), Île-de-France"
30292,Pécy,Île-de-France,Seine-et-Marne,77970,48.647,3.075,"Pécy (77970), Île-de-France"
30293,Penchard,Île-de-France,Seine-et-Marne,77124,48.991,2.858,"Penchard (77124), Île-de-France"
30294,Perthes,Île-de-France,Seine-et-Marne,77930,48.48,2.55,"Perthes (77930), Île-de-France"
30295,Pézarches,Île-de-France,Seine-et-Marne,77131,48.744,2.99,"Pézarches (77131), Île-de-France"
30296,Pierre-Levée,Île-de-France,Seine-et-Marne,77580,48.897,3.037,"Pierre-Levée (77580), Île-de-France"
30297,Le Pin,Île-de-France,Seine-et-Marne,77181,48.914,2.628,"Le Pin (77181), Île-de-France"
30298,Le Plessis-aux-Bois,Île-de-France,Seine-et-Marne,77165,49.004,2.768,"Le Plessis-aux-Bois (77165), Île-de-France"
30299,Le Plessis-Feu-Aussoux,Île-de-France,Seine-et-Marne,77540,48.713,3.039,"Le Plessis-Feu-Aussoux (77540), Île-de-France"
30300,Le Plessis-l'Évêque,Île-de-France,Seine-et-Marne,77165,49.007,2.796,"Le Plessis-l'Évêque (77165), Île-de-France"
30301,Le Plessis-Placy,Île-de-France,Seine-et-Marne,77440,49.053,2.985,"Le Plessis-Placy (77440), Île-de-France"
30302,Poigny,Île-de-France,Seine-et-Marne,77160,48.545,3.277,"Poigny (77160), Île-de-France"
30303,Poincy,Île-de-France,Seine-et-Marne,77470,48.973,2.924,"Poincy (77470), Île-de-France"
30304,Poligny,Île-de-France,Seine-et-Marne,77167,48.234,2.756,"Poligny (77167), Île-de-France"
30305,Pommeuse,Île-de-France,Seine-et-Marne,77515,48.818,3.006,"Pommeuse (77515), Île-de-France"
30306,Pomponne,Île-de-France,Seine-et-Marne,77400,48.887,2.675,"Pomponne (77400), Île-de-France"
30307,Pontault-Combault,Île-de-France,Seine-et-Marne,77340,48.787,2.614,"Pontault-Combault (77340), Île-de-France"
30308,Pontcarré,Île-de-France,Seine-et-Marne,77135,48.796,2.707,"Pontcarré (77135), Île-de-France"
30309,Précy-sur-Marne,Île-de-France,Seine-et-Marne,77410,48.932,2.768,"Précy-sur-Marne (77410), Île-de-France"
30310,Presles-en-Brie,Île-de-France,Seine-et-Marne,77220,48.713,2.737,"Presles-en-Brie (77220), Île-de-France"
30311,Pringy,Île-de-France,Seine-et-Marne,77310,48.518,2.55,"Pringy (77310), Île-de-France"
30312,Provins,Île-de-France,Seine-et-Marne,77160,48.563,3.288,"Provins (77160), Île-de-France"
30313,Puisieux,Île-de-France,Seine-et-Marne,77139,49.065,2.915,"Puisieux (77139), Île-de-France"
30314,Quiers,Île-de-France,Seine-et-Marne,77720,48.614,2.962,"Quiers (77720), Île-de-France"
30315,Quincy-Voisins,Île-de-France,Seine-et-Marne,77860,48.899,2.878,"Quincy-Voisins (77860), Île-de-France"
30316,Rampillon,Île-de-France,Seine-et-Marne,77370,48.541,3.073,"Rampillon (77370), Île-de-France"
30317,Réau,Île-de-France,Seine-et-Marne,77550,48.607,2.624,"Réau (77550), Île-de-France"
30318,Rebais,Île-de-France,Seine-et-Marne,77510,48.858,3.233,"Rebais (77510), Île-de-France"
30319,Recloses,Île-de-France,Seine-et-Marne,77760,48.34,2.643,"Recloses (77760), Île-de-France"
30320,Remauville,Île-de-France,Seine-et-Marne,77710,48.221,2.825,"Remauville (77710), Île-de-France"
30321,Reuil-en-Brie,Île-de-France,Seine-et-Marne,77260,48.957,3.163,"Reuil-en-Brie (77260), Île-de-France"
30322,La Rochette,Île-de-France,Seine-et-Marne,77000,48.507,2.66,"La Rochette (77000), Île-de-France"
30323,Roissy-en-Brie,Île-de-France,Seine-et-Marne,77680,48.79,2.661,"Roissy-en-Brie (77680), Île-de-France"
30324,Rouilly,Île-de-France,Seine-et-Marne,77160,48.592,3.289,"Rouilly (77160), Île-de-France"
30325,Rouvres,Île-de-France,Seine-et-Marne,77230,49.064,2.718,"Rouvres (77230), Île-de-France"
30326,Rozay-en-Brie,Île-de-France,Seine-et-Marne,77540,48.684,2.964,"Rozay-en-Brie (77540), Île-de-France"
30327,Rubelles,Île-de-France,Seine-et-Marne,77950,48.565,2.68,"Rubelles (77950), Île-de-France"
30328,Rumont,Île-de-France,Seine-et-Marne,77760,48.27,2.495,"Rumont (77760), Île-de-France"
30329,Rupéreux,Île-de-France,Seine-et-Marne,77560,48.643,3.327,"Rupéreux (77560), Île-de-France"
30330,Saâcy-sur-Marne,Île-de-France,Seine-et-Marne,77730,48.951,3.217,"Saâcy-sur-Marne (77730), Île-de-France"
30331,Sablonnières,Île-de-France,Seine-et-Marne,77510,48.876,3.293,"Sablonnières (77510), Île-de-France"
30332,Saint-Augustin,Île-de-France,Seine-et-Marne,77515,48.789,3.029,"Saint-Augustin (77515), Île-de-France"
30333,Sainte-Aulde,Île-de-France,Seine-et-Marne,77260,49.003,3.175,"Sainte-Aulde (77260), Île-de-France"
30334,Saint-Barthélemy,Île-de-France,Seine-et-Marne,77320,48.82,3.364,"Saint-Barthélemy (77320), Île-de-France"
30335,Saint-Brice,Île-de-France,Seine-et-Marne,77160,48.572,3.334,"Saint-Brice (77160), Île-de-France"
30336,Sainte-Colombe,Île-de-France,Seine-et-Marne,77650,48.534,3.259,"Sainte-Colombe (77650), Île-de-France"
30337,Saint-Cyr-sur-Morin,Île-de-France,Seine-et-Marne,77750,48.912,3.175,"Saint-Cyr-sur-Morin (77750), Île-de-France"
30338,Saint-Denis-lès-Rebais,Île-de-France,Seine-et-Marne,77510,48.845,3.199,"Saint-Denis-lès-Rebais (77510), Île-de-France"
30339,Saint-Fargeau-Ponthierry,Île-de-France,Seine-et-Marne,77310,48.539,2.525,"Saint-Fargeau-Ponthierry (77310), Île-de-France"
30340,Saint-Fiacre,Île-de-France,Seine-et-Marne,77470,48.925,2.954,"Saint-Fiacre (77470), Île-de-France"
30341,Saint-Germain-Laval,Île-de-France,Seine-et-Marne,77130,48.409,2.995,"Saint-Germain-Laval (77130), Île-de-France"
30342,Saint-Germain-Laxis,Île-de-France,Seine-et-Marne,77950,48.586,2.706,"Saint-Germain-Laxis (77950), Île-de-France"
30343,Saint-Germain-sous-Doue,Île-de-France,Seine-et-Marne,77169,48.851,3.139,"Saint-Germain-sous-Doue (77169), Île-de-France"
30344,Saint-Germain-sur-École,Île-de-France,Seine-et-Marne,77930,48.474,2.511,"Saint-Germain-sur-École (77930), Île-de-France"
30345,Saint-Germain-sur-Morin,Île-de-France,Seine-et-Marne,77860,48.875,2.84,"Saint-Germain-sur-Morin (77860), Île-de-France"
30346,Saint-Hilliers,Île-de-France,Seine-et-Marne,77160,48.629,3.258,"Saint-Hilliers (77160), Île-de-France"
30347,Saint-Jean-les-Deux-Jumeaux,Île-de-France,Seine-et-Marne,77660,48.939,3.027,"Saint-Jean-les-Deux-Jumeaux (77660), Île-de-France"
30348,Saint-Just-en-Brie,Île-de-France,Seine-et-Marne,77370,48.611,3.121,"Saint-Just-en-Brie (77370), Île-de-France"
30349,Saint-Léger,Île-de-France,Seine-et-Marne,77510,48.844,3.271,"Saint-Léger (77510), Île-de-France"
30350,Saint-Loup-de-Naud,Île-de-France,Seine-et-Marne,77650,48.537,3.218,"Saint-Loup-de-Naud (77650), Île-de-France"
30351,Saint-Mammès,Île-de-France,Seine-et-Marne,77670,48.387,2.819,"Saint-Mammès (77670), Île-de-France"
30352,Saint-Mard,Île-de-France,Seine-et-Marne,77230,49.039,2.697,"Saint-Mard (77230), Île-de-France"
30353,Saint-Mars-Vieux-Maisons,Île-de-France,Seine-et-Marne,77320,48.738,3.32,"Saint-Mars-Vieux-Maisons (77320), Île-de-France"
30354,Saint-Martin-des-Champs,Île-de-France,Seine-et-Marne,77320,48.788,3.334,"Saint-Martin-des-Champs (77320), Île-de-France"
30355,Saint-Martin-du-Boschet,Île-de-France,Seine-et-Marne,77320,48.732,3.429,"Saint-Martin-du-Boschet (77320), Île-de-France"
30356,Saint-Martin-en-Bière,Île-de-France,Seine-et-Marne,77630,48.434,2.575,"Saint-Martin-en-Bière (77630), Île-de-France"
30357,Saint-Méry,Île-de-France,Seine-et-Marne,77720,48.57,2.838,"Saint-Méry (77720), Île-de-France"
30358,Saint-Mesmes,Île-de-France,Seine-et-Marne,77410,48.986,2.715,"Saint-Mesmes (77410), Île-de-France"
30359,Saint-Ouen-en-Brie,Île-de-France,Seine-et-Marne,77720,48.566,2.92,"Saint-Ouen-en-Brie (77720), Île-de-France"
30360,Saint-Ouen-sur-Morin,Île-de-France,Seine-et-Marne,77750,48.907,3.202,"Saint-Ouen-sur-Morin (77750), Île-de-France"
30361,Saint-Pathus,Île-de-France,Seine-et-Marne,77178,49.074,2.788,"Saint-Pathus (77178), Île-de-France"
30362,Saint-Pierre-lès-Nemours,Île-de-France,Seine-et-Marne,77140,48.265,2.666,"Saint-Pierre-lès-Nemours (77140), Île-de-France"
30363,Saint-Rémy-de-la-Vanne,Île-de-France,Seine-et-Marne,77320,48.812,3.242,"Saint-Rémy-de-la-Vanne (77320), Île-de-France"
30364,Beautheil-Saints,Île-de-France,Seine-et-Marne,77120,48.764,3.059,"Beautheil-Saints (77120), Île-de-France"
30365,Saint-Sauveur-lès-Bray,Île-de-France,Seine-et-Marne,77480,48.438,3.205,"Saint-Sauveur-lès-Bray (77480), Île-de-France"
30366,Saint-Sauveur-sur-École,Île-de-France,Seine-et-Marne,77930,48.5,2.534,"Saint-Sauveur-sur-École (77930), Île-de-France"
30367,Saint-Siméon,Île-de-France,Seine-et-Marne,77169,48.805,3.194,"Saint-Siméon (77169), Île-de-France"
30368,Saint-Soupplets,Île-de-France,Seine-et-Marne,77165,49.037,2.802,"Saint-Soupplets (77165), Île-de-France"
30369,Saint-Thibault-des-Vignes,Île-de-France,Seine-et-Marne,77400,48.864,2.676,"Saint-Thibault-des-Vignes (77400), Île-de-France"
30370,Salins,Île-de-France,Seine-et-Marne,77148,48.432,3.019,"Salins (77148), Île-de-France"
30371,Sammeron,Île-de-France,Seine-et-Marne,77260,48.942,3.077,"Sammeron (77260), Île-de-France"
30372,Samois-sur-Seine,Île-de-France,Seine-et-Marne,77920,48.455,2.753,"Samois-sur-Seine (77920), Île-de-France"
30373,Samoreau,Île-de-France,Seine-et-Marne,77210,48.42,2.77,"Samoreau (77210), Île-de-France"
30374,Sancy,Île-de-France,Seine-et-Marne,77580,48.879,2.961,"Sancy (77580), Île-de-France"
30375,Sancy-lès-Provins,Île-de-France,Seine-et-Marne,77320,48.71,3.393,"Sancy-lès-Provins (77320), Île-de-France"
30376,Savigny-le-Temple,Île-de-France,Seine-et-Marne,77176,48.588,2.574,"Savigny-le-Temple (77176), Île-de-France"
30377,Savins,Île-de-France,Seine-et-Marne,77650,48.512,3.205,"Savins (77650), Île-de-France"
30378,Seine-Port,Île-de-France,Seine-et-Marne,77240,48.552,2.554,"Seine-Port (77240), Île-de-France"
30379,Sept-Sorts,Île-de-France,Seine-et-Marne,77260,48.94,3.106,"Sept-Sorts (77260), Île-de-France"
30380,Serris,Île-de-France,Seine-et-Marne,77700,48.845,2.788,"Serris (77700), Île-de-France"
30381,Servon,Île-de-France,Seine-et-Marne,77170,48.715,2.592,"Servon (77170), Île-de-France"
30382,Signy-Signets,Île-de-France,Seine-et-Marne,77640,48.917,3.064,"Signy-Signets (77640), Île-de-France"
30383,Sigy,Île-de-France,Seine-et-Marne,77520,48.473,3.164,"Sigy (77520), Île-de-France"
30384,Sivry-Courtry,Île-de-France,Seine-et-Marne,77115,48.531,2.756,"Sivry-Courtry (77115), Île-de-France"
30385,Sognolles-en-Montois,Île-de-France,Seine-et-Marne,77520,48.519,3.152,"Sognolles-en-Montois (77520), Île-de-France"
30386,Soignolles-en-Brie,Île-de-France,Seine-et-Marne,77111,48.645,2.708,"Soignolles-en-Brie (77111), Île-de-France"
30387,Soisy-Bouy,Île-de-France,Seine-et-Marne,77650,48.508,3.3,"Soisy-Bouy (77650), Île-de-France"
30388,Solers,Île-de-France,Seine-et-Marne,77111,48.659,2.727,"Solers (77111), Île-de-France"
30389,Souppes-sur-Loing,Île-de-France,Seine-et-Marne,77460,48.187,2.748,"Souppes-sur-Loing (77460), Île-de-France"
30390,Sourdun,Île-de-France,Seine-et-Marne,77171,48.537,3.363,"Sourdun (77171), Île-de-France"
30391,Tancrou,Île-de-France,Seine-et-Marne,77440,49.004,3.08,"Tancrou (77440), Île-de-France"
30392,Thénisy,Île-de-France,Seine-et-Marne,77520,48.492,3.178,"Thénisy (77520), Île-de-France"
30393,Thieux,Île-de-France,Seine-et-Marne,77230,49.009,2.663,"Thieux (77230), Île-de-France"
30394,Thomery,Île-de-France,Seine-et-Marne,77810,48.404,2.78,"Thomery (77810), Île-de-France"
30395,Thorigny-sur-Marne,Île-de-France,Seine-et-Marne,77400,48.892,2.712,"Thorigny-sur-Marne (77400), Île-de-France"
30396,Thoury-Férottes,Île-de-France,Seine-et-Marne,77940,48.298,2.94,"Thoury-Férottes (77940), Île-de-France"
30397,Tigeaux,Île-de-France,Seine-et-Marne,77163,48.825,2.899,"Tigeaux (77163), Île-de-France"
30398,La Tombe,Île-de-France,Seine-et-Marne,77130,48.387,3.094,"La Tombe (77130), Île-de-France"
30399,Torcy,Île-de-France,Seine-et-Marne,77200,48.853,2.651,"Torcy (77200), Île-de-France"
30400,Touquin,Île-de-France,Seine-et-Marne,77131,48.733,3.029,"Touquin (77131), Île-de-France"
30401,Tournan-en-Brie,Île-de-France,Seine-et-Marne,77220,48.74,2.778,"Tournan-en-Brie (77220), Île-de-France"
30402,Tousson,Île-de-France,Seine-et-Marne,77123,48.343,2.458,"Tousson (77123), Île-de-France"
30403,La Trétoire,Île-de-France,Seine-et-Marne,77510,48.879,3.246,"La Trétoire (77510), Île-de-France"
30404,Treuzy-Levelay,Île-de-France,Seine-et-Marne,77710,48.273,2.795,"Treuzy-Levelay (77710), Île-de-France"
30405,Trilbardou,Île-de-France,Seine-et-Marne,77450,48.949,2.804,"Trilbardou (77450), Île-de-France"
30406,Trilport,Île-de-France,Seine-et-Marne,77470,48.959,2.966,"Trilport (77470), Île-de-France"
30407,Trocy-en-Multien,Île-de-France,Seine-et-Marne,77440,49.042,2.962,"Trocy-en-Multien (77440), Île-de-France"
30408,Ury,Île-de-France,Seine-et-Marne,77760,48.341,2.6,"Ury (77760), Île-de-France"
30409,Ussy-sur-Marne,Île-de-France,Seine-et-Marne,77260,48.967,3.082,"Ussy-sur-Marne (77260), Île-de-France"
30410,Vaires-sur-Marne,Île-de-France,Seine-et-Marne,77360,48.87,2.636,"Vaires-sur-Marne (77360), Île-de-France"
30411,Valence-en-Brie,Île-de-France,Seine-et-Marne,77830,48.446,2.893,"Valence-en-Brie (77830), Île-de-France"
30412,Vanvillé,Île-de-France,Seine-et-Marne,77370,48.555,3.116,"Vanvillé (77370), Île-de-France"
30413,Varennes-sur-Seine,Île-de-France,Seine-et-Marne,77130,48.368,2.93,"Varennes-sur-Seine (77130), Île-de-France"
30414,Varreddes,Île-de-France,Seine-et-Marne,77910,49.006,2.928,"Varreddes (77910), Île-de-France"
30415,Vaucourtois,Île-de-France,Seine-et-Marne,77580,48.899,2.957,"Vaucourtois (77580), Île-de-France"
30416,Le Vaudoué,Île-de-France,Seine-et-Marne,77123,48.347,2.522,"Le Vaudoué (77123), Île-de-France"
30417,Vaudoy-en-Brie,Île-de-France,Seine-et-Marne,77141,48.698,3.082,"Vaudoy-en-Brie (77141), Île-de-France"
30418,Vaux-le-Pénil,Île-de-France,Seine-et-Marne,77000,48.525,2.697,"Vaux-le-Pénil (77000), Île-de-France"
30419,Vaux-sur-Lunain,Île-de-France,Seine-et-Marne,77710,48.217,2.956,"Vaux-sur-Lunain (77710), Île-de-France"
30420,Vendrest,Île-de-France,Seine-et-Marne,77440,49.042,3.108,"Vendrest (77440), Île-de-France"
30421,Verdelot,Île-de-France,Seine-et-Marne,77510,48.878,3.365,"Verdelot (77510), Île-de-France"
30422,Verneuil-l'Étang,Île-de-France,Seine-et-Marne,77390,48.637,2.832,"Verneuil-l'Étang (77390), Île-de-France"
30423,Vernou-la-Celle-sur-Seine,Île-de-France,Seine-et-Marne,77670,48.406,2.854,"Vernou-la-Celle-sur-Seine (77670), Île-de-France"
30424,Vert-Saint-Denis,Île-de-France,Seine-et-Marne,77240,48.571,2.627,"Vert-Saint-Denis (77240), Île-de-France"
30425,Vieux-Champagne,Île-de-France,Seine-et-Marne,77370,48.587,3.138,"Vieux-Champagne (77370), Île-de-France"
30426,Vignely,Île-de-France,Seine-et-Marne,77450,48.933,2.816,"Vignely (77450), Île-de-France"
30427,Villebéon,Île-de-France,Seine-et-Marne,77710,48.205,2.928,"Villebéon (77710), Île-de-France"
30428,Villecerf,Île-de-France,Seine-et-Marne,77250,48.327,2.846,"Villecerf (77250), Île-de-France"
30429,Villemaréchal,Île-de-France,Seine-et-Marne,77710,48.272,2.868,"Villemaréchal (77710), Île-de-France"
30430,Villemareuil,Île-de-France,Seine-et-Marne,77470,48.92,2.985,"Villemareuil (77470), Île-de-France"
30431,Villemer,Île-de-France,Seine-et-Marne,77250,48.304,2.826,"Villemer (77250), Île-de-France"
30432,Villenauxe-la-Petite,Île-de-France,Seine-et-Marne,77480,48.4,3.313,"Villenauxe-la-Petite (77480), Île-de-France"
30433,Villeneuve-le-Comte,Île-de-France,Seine-et-Marne,77174,48.812,2.838,"Villeneuve-le-Comte (77174), Île-de-France"
30434,Villeneuve-les-Bordes,Île-de-France,Seine-et-Marne,77154,48.495,3.031,"Villeneuve-les-Bordes (77154), Île-de-France"
30435,Villeneuve-Saint-Denis,Île-de-France,Seine-et-Marne,77174,48.812,2.793,"Villeneuve-Saint-Denis (77174), Île-de-France"
30436,Villeneuve-sous-Dammartin,Île-de-France,Seine-et-Marne,77230,49.029,2.637,"Villeneuve-sous-Dammartin (77230), Île-de-France"
30437,Villeneuve-sur-Bellot,Île-de-France,Seine-et-Marne,77510,48.873,3.333,"Villeneuve-sur-Bellot (77510), Île-de-France"
30438,Villenoy,Île-de-France,Seine-et-Marne,77124,48.941,2.852,"Villenoy (77124), Île-de-France"
30439,Villeparisis,Île-de-France,Seine-et-Marne,77270,48.942,2.617,"Villeparisis (77270), Île-de-France"
30440,Villeroy,Île-de-France,Seine-et-Marne,77410,48.982,2.783,"Villeroy (77410), Île-de-France"
30441,Ville-Saint-Jacques,Île-de-France,Seine-et-Marne,77130,48.344,2.898,"Ville-Saint-Jacques (77130), Île-de-France"
30442,Villevaudé,Île-de-France,Seine-et-Marne,77410,48.912,2.662,"Villevaudé (77410), Île-de-France"
30443,Villiers-en-Bière,Île-de-France,Seine-et-Marne,77190,48.495,2.6,"Villiers-en-Bière (77190), Île-de-France"
30444,Villiers-Saint-Georges,Île-de-France,Seine-et-Marne,77560,48.652,3.408,"Villiers-Saint-Georges (77560), Île-de-France"
30445,Villiers-sous-Grez,Île-de-France,Seine-et-Marne,77760,48.314,2.639,"Villiers-sous-Grez (77760), Île-de-France"
30446,Villiers-sur-Morin,Île-de-France,Seine-et-Marne,77580,48.849,2.869,"Villiers-sur-Morin (77580), Île-de-France"
30447,Villiers-sur-Seine,Île-de-France,Seine-et-Marne,77114,48.456,3.383,"Villiers-sur-Seine (77114), Île-de-France"
30448,Villuis,Île-de-France,Seine-et-Marne,77480,48.405,3.359,"Villuis (77480), Île-de-France"
30449,Vimpelles,Île-de-France,Seine-et-Marne,77520,48.443,3.166,"Vimpelles (77520), Île-de-France"
30450,Vinantes,Île-de-France,Seine-et-Marne,77230,49.003,2.74,"Vinantes (77230), Île-de-France"
30451,Vincy-Manœuvre,Île-de-France,Seine-et-Marne,77139,49.076,2.958,"Vincy-Manœuvre (77139), Île-de-France"
30452,Voinsles,Île-de-France,Seine-et-Marne,77540,48.681,3.017,"Voinsles (77540), Île-de-France"
30453,Voisenon,Île-de-France,Seine-et-Marne,77950,48.57,2.664,"Voisenon (77950), Île-de-France"
30454,Voulangis,Île-de-France,Seine-et-Marne,77580,48.84,2.89,"Voulangis (77580), Île-de-France"
30455,Voulton,Île-de-France,Seine-et-Marne,77560,48.612,3.34,"Voulton (77560), Île-de-France"
30456,Voulx,Île-de-France,Seine-et-Marne,77940,48.285,2.97,"Voulx (77940), Île-de-France"
30457,Vulaines-lès-Provins,Île-de-France,Seine-et-Marne,77160,48.564,3.22,"Vulaines-lès-Provins (77160), Île-de-France"
30458,Vulaines-sur-Seine,Île-de-France,Seine-et-Marne,77870,48.432,2.769,"Vulaines-sur-Seine (77870), Île-de-France"
30459,Yèbles,Île-de-France,Seine-et-Marne,77390,48.638,2.769,"Yèbles (77390), Île-de-France"
30460,Ablis,Île-de-France,Yvelines,78660,48.528,1.851,"Ablis (78660), Île-de-France"
30461,Achères,Île-de-France,Yvelines,78260,48.972,2.09,"Achères (78260), Île-de-France"
30462,Adainville,Île-de-France,Yvelines,78113,48.72,1.662,"Adainville (78113), Île-de-France"
30463,Aigremont,Île-de-France,Yvelines,78240,48.901,2.015,"Aigremont (78240), Île-de-France"
30464,Allainville,Île-de-France,Yvelines,78660,48.468,1.902,"Allainville (78660), Île-de-France"
30465,Les Alluets-le-Roi,Île-de-France,Yvelines,78580,48.914,1.915,"Les Alluets-le-Roi (78580), Île-de-France"
30466,Andelu,Île-de-France,Yvelines,78770,48.888,1.811,"Andelu (78770), Île-de-France"
30467,Andrésy,Île-de-France,Yvelines,78570,48.982,2.05,"Andrésy (78570), Île-de-France"
30468,Arnouville-lès-Mantes,Île-de-France,Yvelines,78790,48.911,1.72,"Arnouville-lès-Mantes (78790), Île-de-France"
30469,Aubergenville,Île-de-France,Yvelines,78410,48.963,1.849,"Aubergenville (78410), Île-de-France"
30470,Auffargis,Île-de-France,Yvelines,78610,48.684,1.902,"Auffargis (78610), Île-de-France"
30471,Auffreville-Brasseuil,Île-de-France,Yvelines,78930,48.954,1.705,"Auffreville-Brasseuil (78930), Île-de-France"
30472,Aulnay-sur-Mauldre,Île-de-France,Yvelines,78126,48.929,1.841,"Aulnay-sur-Mauldre (78126), Île-de-France"
30473,Auteuil,Île-de-France,Yvelines,78770,48.84,1.819,"Auteuil (78770), Île-de-France"
30474,Autouillet,Île-de-France,Yvelines,78770,48.844,1.797,"Autouillet (78770), Île-de-France"
30475,Bailly,Île-de-France,Yvelines,78870,48.837,2.081,"Bailly (78870), Île-de-France"
30476,Bazainville,Île-de-France,Yvelines,78550,48.807,1.668,"Bazainville (78550), Île-de-France"
30477,Bazemont,Île-de-France,Yvelines,78580,48.932,1.874,"Bazemont (78580), Île-de-France"
30478,Bazoches-sur-Guyonne,Île-de-France,Yvelines,78490,48.774,1.852,"Bazoches-sur-Guyonne (78490), Île-de-France"
30479,Béhoust,Île-de-France,Yvelines,78910,48.832,1.724,"Béhoust (78910), Île-de-France"
30480,Bennecourt,Île-de-France,Yvelines,78270,49.048,1.572,"Bennecourt (78270), Île-de-France"
30481,Beynes,Île-de-France,Yvelines,78650,48.854,1.87,"Beynes (78650), Île-de-France"
30482,Blaru,Île-de-France,Yvelines,78270,49.041,1.481,"Blaru (78270), Île-de-France"
30483,Boinville-en-Mantois,Île-de-France,Yvelines,78930,48.928,1.749,"Boinville-en-Mantois (78930), Île-de-France"
30484,Boinville-le-Gaillard,Île-de-France,Yvelines,78660,48.496,1.871,"Boinville-le-Gaillard (78660), Île-de-France"
30485,Boinvilliers,Île-de-France,Yvelines,78200,48.92,1.663,"Boinvilliers (78200), Île-de-France"
30486,Bois-d'Arcy,Île-de-France,Yvelines,78390,48.804,2.019,"Bois-d'Arcy (78390), Île-de-France"
30487,Boissets,Île-de-France,Yvelines,78910,48.859,1.588,"Boissets (78910), Île-de-France"
30488,La Boissière-École,Île-de-France,Yvelines,78125,48.69,1.668,"La Boissière-École (78125), Île-de-France"
30489,Boissy-Mauvoisin,Île-de-France,Yvelines,78200,48.966,1.582,"Boissy-Mauvoisin (78200), Île-de-France"
30490,Boissy-sans-Avoir,Île-de-France,Yvelines,78490,48.821,1.798,"Boissy-sans-Avoir (78490), Île-de-France"
30491,Bonnelles,Île-de-France,Yvelines,78830,48.618,2.03,"Bonnelles (78830), Île-de-France"
30492,Bonnières-sur-Seine,Île-de-France,Yvelines,78270,49.02,1.571,"Bonnières-sur-Seine (78270), Île-de-France"
30493,Bouafle,Île-de-France,Yvelines,78410,48.961,1.897,"Bouafle (78410), Île-de-France"
30494,Bougival,Île-de-France,Yvelines,78380,48.864,2.138,"Bougival (78380), Île-de-France"
30495,Bourdonné,Île-de-France,Yvelines,78113,48.754,1.654,"Bourdonné (78113), Île-de-France"
30496,Breuil-Bois-Robert,Île-de-France,Yvelines,78930,48.944,1.715,"Breuil-Bois-Robert (78930), Île-de-France"
30497,Bréval,Île-de-France,Yvelines,78980,48.955,1.542,"Bréval (78980), Île-de-France"
30498,Les Bréviaires,Île-de-France,Yvelines,78610,48.721,1.816,"Les Bréviaires (78610), Île-de-France"
30499,Brueil-en-Vexin,Île-de-France,Yvelines,78440,49.026,1.813,"Brueil-en-Vexin (78440), Île-de-France"
30500,Buc,Île-de-France,Yvelines,78530,48.772,2.124,"Buc (78530), Île-de-France"
30501,Buchelay,Île-de-France,Yvelines,78200,48.984,1.674,"Buchelay (78200), Île-de-France"
30502,Bullion,Île-de-France,Yvelines,78830,48.625,1.983,"Bullion (78830), Île-de-France"
30503,Carrières-sous-Poissy,Île-de-France,Yvelines,78955,48.946,2.029,"Carrières-sous-Poissy (78955), Île-de-France"
30504,Carrières-sur-Seine,Île-de-France,Yvelines,78420,48.912,2.178,"Carrières-sur-Seine (78420), Île-de-France"
30505,La Celle-les-Bordes,Île-de-France,Yvelines,78720,48.642,1.945,"La Celle-les-Bordes (78720), Île-de-France"
30506,La Celle-Saint-Cloud,Île-de-France,Yvelines,78170,48.847,2.135,"La Celle-Saint-Cloud (78170), Île-de-France"
30507,Cernay-la-Ville,Île-de-France,Yvelines,78720,48.67,1.96,"Cernay-la-Ville (78720), Île-de-France"
30508,Chambourcy,Île-de-France,Yvelines,78240,48.896,2.033,"Chambourcy (78240), Île-de-France"
30509,Chanteloup-les-Vignes,Île-de-France,Yvelines,78570,48.976,2.032,"Chanteloup-les-Vignes (78570), Île-de-France"
30510,Chapet,Île-de-France,Yvelines,78130,48.968,1.94,"Chapet (78130), Île-de-France"
30511,Châteaufort,Île-de-France,Yvelines,78117,48.739,2.095,"Châteaufort (78117), Île-de-France"
30512,Chatou,Île-de-France,Yvelines,78400,48.897,2.154,"Chatou (78400), Île-de-France"
30513,Chaufour-lès-Bonnières,Île-de-France,Yvelines,78270,49.016,1.485,"Chaufour-lès-Bonnières (78270), Île-de-France"
30514,Chavenay,Île-de-France,Yvelines,78450,48.848,1.983,"Chavenay (78450), Île-de-France"
30515,Le Chesnay-Rocquencourt,Île-de-France,Yvelines,78150,48.827,2.13,"Le Chesnay-Rocquencourt (78150), Île-de-France"
30516,Chevreuse,Île-de-France,Yvelines,78460,48.707,2.037,"Chevreuse (78460), Île-de-France"
30517,Choisel,Île-de-France,Yvelines,78460,48.674,2.014,"Choisel (78460), Île-de-France"
30518,Civry-la-Forêt,Île-de-France,Yvelines,78910,48.864,1.617,"Civry-la-Forêt (78910), Île-de-France"
30519,Clairefontaine-en-Yvelines,Île-de-France,Yvelines,78120,48.617,1.906,"Clairefontaine-en-Yvelines (78120), Île-de-France"
30520,Les Clayes-sous-Bois,Île-de-France,Yvelines,78340,48.819,1.984,"Les Clayes-sous-Bois (78340), Île-de-France"
30521,Coignières,Île-de-France,Yvelines,78310,48.75,1.914,"Coignières (78310), Île-de-France"
30522,Condé-sur-Vesgre,Île-de-France,Yvelines,78113,48.732,1.674,"Condé-sur-Vesgre (78113), Île-de-France"
30523,Conflans-Sainte-Honorine,Île-de-France,Yvelines,78700,49.0,2.099,"Conflans-Sainte-Honorine (78700), Île-de-France"
30524,Courgent,Île-de-France,Yvelines,78790,48.896,1.659,"Courgent (78790), Île-de-France"
30525,Cravent,Île-de-France,Yvelines,78270,48.99,1.485,"Cravent (78270), Île-de-France"
30526,Crespières,Île-de-France,Yvelines,78121,48.882,1.921,"Crespières (78121), Île-de-France"
30527,Croissy-sur-Seine,Île-de-France,Yvelines,78290,48.879,2.135,"Croissy-sur-Seine (78290), Île-de-France"
30528,Dammartin-en-Serve,Île-de-France,Yvelines,78111,48.911,1.618,"Dammartin-en-Serve (78111), Île-de-France"
30529,Dampierre-en-Yvelines,Île-de-France,Yvelines,78720,48.704,1.973,"Dampierre-en-Yvelines (78720), Île-de-France"
30530,Dannemarie,Île-de-France,Yvelines,78550,48.764,1.609,"Dannemarie (78550), Île-de-France"
30531,Davron,Île-de-France,Yvelines,78810,48.864,1.948,"Davron (78810), Île-de-France"
30532,Drocourt,Île-de-France,Yvelines,78440,49.052,1.768,"Drocourt (78440), Île-de-France"
30533,Ecquevilly,Île-de-France,Yvelines,78920,48.946,1.92,"Ecquevilly (78920), Île-de-France"
30534,Élancourt,Île-de-France,Yvelines,78990,48.778,1.96,"Élancourt (78990), Île-de-France"
30535,Émancé,Île-de-France,Yvelines,78125,48.591,1.734,"Émancé (78125), Île-de-France"
30536,Épône,Île-de-France,Yvelines,78680,48.947,1.813,"Épône (78680), Île-de-France"
30537,Les Essarts-le-Roi,Île-de-France,Yvelines,78690,48.716,1.895,"Les Essarts-le-Roi (78690), Île-de-France"
30538,L'Étang-la-Ville,Île-de-France,Yvelines,78620,48.867,2.06,"L'Étang-la-Ville (78620), Île-de-France"
30539,Évecquemont,Île-de-France,Yvelines,78740,49.017,1.942,"Évecquemont (78740), Île-de-France"
30540,La Falaise,Île-de-France,Yvelines,78410,48.937,1.825,"La Falaise (78410), Île-de-France"
30541,Favrieux,Île-de-France,Yvelines,78200,48.945,1.642,"Favrieux (78200), Île-de-France"
30542,Feucherolles,Île-de-France,Yvelines,78810,48.88,1.98,"Feucherolles (78810), Île-de-France"
30543,Flacourt,Île-de-France,Yvelines,78200,48.932,1.643,"Flacourt (78200), Île-de-France"
30544,Flexanville,Île-de-France,Yvelines,78910,48.855,1.743,"Flexanville (78910), Île-de-France"
30545,Flins-Neuve-Église,Île-de-France,Yvelines,78790,48.893,1.577,"Flins-Neuve-Église (78790), Île-de-France"
30546,Flins-sur-Seine,Île-de-France,Yvelines,78410,48.967,1.873,"Flins-sur-Seine (78410), Île-de-France"
30547,Follainville-Dennemont,Île-de-France,Yvelines,78520,49.023,1.709,"Follainville-Dennemont (78520), Île-de-France"
30548,Fontenay-le-Fleury,Île-de-France,Yvelines,78330,48.818,2.047,"Fontenay-le-Fleury (78330), Île-de-France"
30549,Fontenay-Mauvoisin,Île-de-France,Yvelines,78200,48.961,1.648,"Fontenay-Mauvoisin (78200), Île-de-France"
30550,Fontenay-Saint-Père,Île-de-France,Yvelines,78440,49.028,1.754,"Fontenay-Saint-Père (78440), Île-de-France"
30551,Freneuse,Île-de-France,Yvelines,78840,49.05,1.61,"Freneuse (78840), Île-de-France"
30552,Gaillon-sur-Montcient,Île-de-France,Yvelines,78250,49.03,1.898,"Gaillon-sur-Montcient (78250), Île-de-France"
30553,Galluis,Île-de-France,Yvelines,78490,48.798,1.791,"Galluis (78490), Île-de-France"
30554,Gambais,Île-de-France,Yvelines,78950,48.78,1.676,"Gambais (78950), Île-de-France"
30555,Gambaiseuil,Île-de-France,Yvelines,78490,48.756,1.725,"Gambaiseuil (78490), Île-de-France"
30556,Garancières,Île-de-France,Yvelines,78890,48.824,1.758,"Garancières (78890), Île-de-France"
30557,Gargenville,Île-de-France,Yvelines,78440,48.993,1.811,"Gargenville (78440), Île-de-France"
30558,Gazeran,Île-de-France,Yvelines,78125,48.633,1.778,"Gazeran (78125), Île-de-France"
30559,Gommecourt,Île-de-France,Yvelines,78270,49.071,1.594,"Gommecourt (78270), Île-de-France"
30560,Goupillières,Île-de-France,Yvelines,78770,48.881,1.767,"Goupillières (78770), Île-de-France"
30561,Goussonville,Île-de-France,Yvelines,78930,48.924,1.767,"Goussonville (78930), Île-de-France"
30562,Grandchamp,Île-de-France,Yvelines,78113,48.72,1.614,"Grandchamp (78113), Île-de-France"
30563,Gressey,Île-de-France,Yvelines,78550,48.833,1.603,"Gressey (78550), Île-de-France"
30564,Grosrouvre,Île-de-France,Yvelines,78490,48.78,1.757,"Grosrouvre (78490), Île-de-France"
30565,Guernes,Île-de-France,Yvelines,78520,49.015,1.642,"Guernes (78520), Île-de-France"
30566,Guerville,Île-de-France,Yvelines,78930,48.952,1.741,"Guerville (78930), Île-de-France"
30567,Guitrancourt,Île-de-France,Yvelines,78440,49.008,1.779,"Guitrancourt (78440), Île-de-France"
30568,Guyancourt,Île-de-France,Yvelines,78280,48.773,2.076,"Guyancourt (78280), Île-de-France"
30569,Hardricourt,Île-de-France,Yvelines,78250,49.011,1.887,"Hardricourt (78250), Île-de-France"
30570,Hargeville,Île-de-France,Yvelines,78790,48.895,1.746,"Hargeville (78790), Île-de-France"
30571,La Hauteville,Île-de-France,Yvelines,78113,48.705,1.627,"La Hauteville (78113), Île-de-France"
30572,Herbeville,Île-de-France,Yvelines,78580,48.903,1.89,"Herbeville (78580), Île-de-France"
30573,Hermeray,Île-de-France,Yvelines,78125,48.654,1.688,"Hermeray (78125), Île-de-France"
30574,Houdan,Île-de-France,Yvelines,78550,48.799,1.597,"Houdan (78550), Île-de-France"
30575,Houilles,Île-de-France,Yvelines,78800,48.927,2.188,"Houilles (78800), Île-de-France"
30576,Issou,Île-de-France,Yvelines,78440,48.987,1.789,"Issou (78440), Île-de-France"
30577,Jambville,Île-de-France,Yvelines,78440,49.048,1.848,"Jambville (78440), Île-de-France"
30578,Notre-Dame-de-la-Mer,Île-de-France,Yvelines,78270,49.035,1.537,"Notre-Dame-de-la-Mer (78270), Île-de-France"
30579,Jouars-Pontchartrain,Île-de-France,Yvelines,78760,48.79,1.908,"Jouars-Pontchartrain (78760), Île-de-France"
30580,Jouy-en-Josas,Île-de-France,Yvelines,78350,48.766,2.163,"Jouy-en-Josas (78350), Île-de-France"
30581,Jouy-Mauvoisin,Île-de-France,Yvelines,78200,48.974,1.647,"Jouy-Mauvoisin (78200), Île-de-France"
30582,Jumeauville,Île-de-France,Yvelines,78580,48.907,1.784,"Jumeauville (78580), Île-de-France"
30583,Juziers,Île-de-France,Yvelines,78820,49.0,1.84,"Juziers (78820), Île-de-France"
30584,Lainville-en-Vexin,Île-de-France,Yvelines,78440,49.062,1.817,"Lainville-en-Vexin (78440), Île-de-France"
30585,Lévis-Saint-Nom,Île-de-France,Yvelines,78320,48.727,1.935,"Lévis-Saint-Nom (78320), Île-de-France"
30586,Limay,Île-de-France,Yvelines,78520,48.995,1.74,"Limay (78520), Île-de-France"
30587,Limetz-Villez,Île-de-France,Yvelines,78270,49.06,1.551,"Limetz-Villez (78270), Île-de-France"
30588,Les Loges-en-Josas,Île-de-France,Yvelines,78350,48.762,2.139,"Les Loges-en-Josas (78350), Île-de-France"
30589,Lommoye,Île-de-France,Yvelines,78270,48.997,1.516,"Lommoye (78270), Île-de-France"
30590,Longnes,Île-de-France,Yvelines,78980,48.923,1.58,"Longnes (78980), Île-de-France"
30591,Longvilliers,Île-de-France,Yvelines,78730,48.574,1.999,"Longvilliers (78730), Île-de-France"
30592,Louveciennes,Île-de-France,Yvelines,78430,48.859,2.114,"Louveciennes (78430), Île-de-France"
30593,Magnanville,Île-de-France,Yvelines,78200,48.968,1.686,"Magnanville (78200), Île-de-France"
30594,Magny-les-Hameaux,Île-de-France,Yvelines,78114,48.741,2.052,"Magny-les-Hameaux (78114), Île-de-France"
30595,Maisons-Laffitte,Île-de-France,Yvelines,78600,48.952,2.152,"Maisons-Laffitte (78600), Île-de-France"
30596,Mantes-la-Jolie,Île-de-France,Yvelines,78200,48.998,1.693,"Mantes-la-Jolie (78200), Île-de-France"
30597,Mantes-la-Ville,Île-de-France,Yvelines,78711,48.975,1.712,"Mantes-la-Ville (78711), Île-de-France"
30598,Marcq,Île-de-France,Yvelines,78770,48.864,1.824,"Marcq (78770), Île-de-France"
30599,Mareil-le-Guyon,Île-de-France,Yvelines,78490,48.791,1.852,"Mareil-le-Guyon (78490), Île-de-France"
30600,Mareil-Marly,Île-de-France,Yvelines,78750,48.881,2.077,"Mareil-Marly (78750), Île-de-France"
30601,Mareil-sur-Mauldre,Île-de-France,Yvelines,78124,48.889,1.875,"Mareil-sur-Mauldre (78124), Île-de-France"
30602,Marly-le-Roi,Île-de-France,Yvelines,78160,48.865,2.091,"Marly-le-Roi (78160), Île-de-France"
30603,Maule,Île-de-France,Yvelines,78580,48.908,1.84,"Maule (78580), Île-de-France"
30604,Maulette,Île-de-France,Yvelines,78550,48.784,1.616,"Maulette (78550), Île-de-France"
30605,Maurecourt,Île-de-France,Yvelines,78780,48.999,2.053,"Maurecourt (78780), Île-de-France"
30606,Maurepas,Île-de-France,Yvelines,78310,48.77,1.924,"Maurepas (78310), Île-de-France"
30607,Médan,Île-de-France,Yvelines,78670,48.955,1.988,"Médan (78670), Île-de-France"
30608,Ménerville,Île-de-France,Yvelines,78200,48.957,1.596,"Ménerville (78200), Île-de-France"
30609,Méré,Île-de-France,Yvelines,78490,48.796,1.82,"Méré (78490), Île-de-France"
30610,Méricourt,Île-de-France,Yvelines,78270,49.037,1.624,"Méricourt (78270), Île-de-France"
30611,Le Mesnil-le-Roi,Île-de-France,Yvelines,78600,48.926,2.122,"Le Mesnil-le-Roi (78600), Île-de-France"
30612,Le Mesnil-Saint-Denis,Île-de-France,Yvelines,78320,48.74,1.966,"Le Mesnil-Saint-Denis (78320), Île-de-France"
30613,Les Mesnuls,Île-de-France,Yvelines,78490,48.754,1.834,"Les Mesnuls (78490), Île-de-France"
30614,Meulan-en-Yvelines,Île-de-France,Yvelines,78250,49.006,1.913,"Meulan-en-Yvelines (78250), Île-de-France"
30615,Mézières-sur-Seine,Île-de-France,Yvelines,78970,48.953,1.783,"Mézières-sur-Seine (78970), Île-de-France"
30616,Mézy-sur-Seine,Île-de-France,Yvelines,78250,49.003,1.869,"Mézy-sur-Seine (78250), Île-de-France"
30617,Millemont,Île-de-France,Yvelines,78940,48.808,1.725,"Millemont (78940), Île-de-France"
30618,Milon-la-Chapelle,Île-de-France,Yvelines,78470,48.728,2.047,"Milon-la-Chapelle (78470), Île-de-France"
30619,Mittainville,Île-de-France,Yvelines,78125,48.663,1.636,"Mittainville (78125), Île-de-France"
30620,Moisson,Île-de-France,Yvelines,78840,49.068,1.664,"Moisson (78840), Île-de-France"
30621,Mondreville,Île-de-France,Yvelines,78980,48.904,1.558,"Mondreville (78980), Île-de-France"
30622,Montainville,Île-de-France,Yvelines,78124,48.88,1.852,"Montainville (78124), Île-de-France"
30623,Montalet-le-Bois,Île-de-France,Yvelines,78440,49.049,1.83,"Montalet-le-Bois (78440), Île-de-France"
30624,Montchauvet,Île-de-France,Yvelines,78790,48.892,1.627,"Montchauvet (78790), Île-de-France"
30625,Montesson,Île-de-France,Yvelines,78360,48.917,2.14,"Montesson (78360), Île-de-France"
30626,Montfort-l'Amaury,Île-de-France,Yvelines,78490,48.771,1.809,"Montfort-l'Amaury (78490), Île-de-France"
30627,Montigny-le-Bretonneux,Île-de-France,Yvelines,78180,48.78,2.03,"Montigny-le-Bretonneux (78180), Île-de-France"
30628,Morainvilliers,Île-de-France,Yvelines,78630,48.934,1.946,"Morainvilliers (78630), Île-de-France"
30629,Mousseaux-sur-Seine,Île-de-France,Yvelines,78270,49.051,1.65,"Mousseaux-sur-Seine (78270), Île-de-France"
30630,Mulcent,Île-de-France,Yvelines,78790,48.878,1.652,"Mulcent (78790), Île-de-France"
30631,Les Mureaux,Île-de-France,Yvelines,78130,48.989,1.914,"Les Mureaux (78130), Île-de-France"
30632,Neauphle-le-Château,Île-de-France,Yvelines,78640,48.813,1.905,"Neauphle-le-Château (78640), Île-de-France"
30633,Neauphle-le-Vieux,Île-de-France,Yvelines,78640,48.815,1.859,"Neauphle-le-Vieux (78640), Île-de-France"
30634,Neauphlette,Île-de-France,Yvelines,78980,48.935,1.542,"Neauphlette (78980), Île-de-France"
30635,Nézel,Île-de-France,Yvelines,78410,48.942,1.839,"Nézel (78410), Île-de-France"
30636,Noisy-le-Roi,Île-de-France,Yvelines,78590,48.846,2.055,"Noisy-le-Roi (78590), Île-de-France"
30637,Oinville-sur-Montcient,Île-de-France,Yvelines,78250,49.026,1.846,"Oinville-sur-Montcient (78250), Île-de-France"
30638,Orcemont,Île-de-France,Yvelines,78125,48.597,1.81,"Orcemont (78125), Île-de-France"
30639,Orgerus,Île-de-France,Yvelines,78910,48.838,1.696,"Orgerus (78910), Île-de-France"
30640,Orgeval,Île-de-France,Yvelines,78630,48.916,1.969,"Orgeval (78630), Île-de-France"
30641,Orphin,Île-de-France,Yvelines,78125,48.576,1.783,"Orphin (78125), Île-de-France"
30642,Orsonville,Île-de-France,Yvelines,78660,48.478,1.827,"Orsonville (78660), Île-de-France"
30643,Orvilliers,Île-de-France,Yvelines,78910,48.855,1.642,"Orvilliers (78910), Île-de-France"
30644,Osmoy,Île-de-France,Yvelines,78910,48.864,1.717,"Osmoy (78910), Île-de-France"
30645,Paray-Douaville,Île-de-France,Yvelines,78660,48.46,1.863,"Paray-Douaville (78660), Île-de-France"
30646,Le Pecq,Île-de-France,Yvelines,78230,48.894,2.105,"Le Pecq (78230), Île-de-France"
30647,Perdreauville,Île-de-France,Yvelines,78200,48.97,1.613,"Perdreauville (78200), Île-de-France"
30648,Le Perray-en-Yvelines,Île-de-France,Yvelines,78610,48.697,1.844,"Le Perray-en-Yvelines (78610), Île-de-France"
30649,Plaisir,Île-de-France,Yvelines,78370,48.813,1.947,"Plaisir (78370), Île-de-France"
30650,Poigny-la-Forêt,Île-de-France,Yvelines,78125,48.683,1.754,"Poigny-la-Forêt (78125), Île-de-France"
30651,Poissy,Île-de-France,Yvelines,78300,48.924,2.027,"Poissy (78300), Île-de-France"
30652,Ponthévrard,Île-de-France,Yvelines,78730,48.55,1.908,"Ponthévrard (78730), Île-de-France"
30653,Porcheville,Île-de-France,Yvelines,78440,48.976,1.768,"Porcheville (78440), Île-de-France"
30654,Le Port-Marly,Île-de-France,Yvelines,78560,48.88,2.109,"Le Port-Marly (78560), Île-de-France"
30655,Prunay-le-Temple,Île-de-France,Yvelines,78910,48.859,1.671,"Prunay-le-Temple (78910), Île-de-France"
30656,Prunay-en-Yvelines,Île-de-France,Yvelines,78660,48.527,1.805,"Prunay-en-Yvelines (78660), Île-de-France"
30657,La Queue-les-Yvelines,Île-de-France,Yvelines,78940,48.803,1.767,"La Queue-les-Yvelines (78940), Île-de-France"
30658,Raizeux,Île-de-France,Yvelines,78125,48.636,1.689,"Raizeux (78125), Île-de-France"
30659,Rambouillet,Île-de-France,Yvelines,78120,48.654,1.826,"Rambouillet (78120), Île-de-France"
30660,Rennemoulin,Île-de-France,Yvelines,78590,48.833,2.042,"Rennemoulin (78590), Île-de-France"
30661,Richebourg,Île-de-France,Yvelines,78550,48.825,1.635,"Richebourg (78550), Île-de-France"
30662,Rochefort-en-Yvelines,Île-de-France,Yvelines,78730,48.592,1.98,"Rochefort-en-Yvelines (78730), Île-de-France"
30663,Rolleboise,Île-de-France,Yvelines,78270,49.019,1.602,"Rolleboise (78270), Île-de-France"
30664,Rosay,Île-de-France,Yvelines,78790,48.911,1.684,"Rosay (78790), Île-de-France"
30665,Rosny-sur-Seine,Île-de-France,Yvelines,78710,48.996,1.608,"Rosny-sur-Seine (78710), Île-de-France"
30666,Sailly,Île-de-France,Yvelines,78440,49.043,1.794,"Sailly (78440), Île-de-France"
30667,Saint-Arnoult-en-Yvelines,Île-de-France,Yvelines,78730,48.572,1.935,"Saint-Arnoult-en-Yvelines (78730), Île-de-France"
30668,Saint-Cyr-l'École,Île-de-France,Yvelines,78210,48.807,2.066,"Saint-Cyr-l'École (78210), Île-de-France"
30669,Saint-Forget,Île-de-France,Yvelines,78720,48.713,1.997,"Saint-Forget (78720), Île-de-France"
30670,Saint-Germain-de-la-Grange,Île-de-France,Yvelines,78640,48.833,1.902,"Saint-Germain-de-la-Grange (78640), Île-de-France"
30671,Saint-Germain-en-Laye,Île-de-France,Yvelines,78112,48.941,2.099,"Saint-Germain-en-Laye (78112), Île-de-France"
30672,Saint-Hilarion,Île-de-France,Yvelines,78125,48.622,1.729,"Saint-Hilarion (78125), Île-de-France"
30673,Saint-Illiers-la-Ville,Île-de-France,Yvelines,78980,48.978,1.544,"Saint-Illiers-la-Ville (78980), Île-de-France"
30674,Saint-Illiers-le-Bois,Île-de-France,Yvelines,78980,48.965,1.512,"Saint-Illiers-le-Bois (78980), Île-de-France"
30675,Saint-Lambert,Île-de-France,Yvelines,78470,48.734,2.006,"Saint-Lambert (78470), Île-de-France"
30676,Saint-Léger-en-Yvelines,Île-de-France,Yvelines,78610,48.73,1.76,"Saint-Léger-en-Yvelines (78610), Île-de-France"
30677,Saint-Martin-de-Bréthencourt,Île-de-France,Yvelines,78660,48.515,1.916,"Saint-Martin-de-Bréthencourt (78660), Île-de-France"
30678,Saint-Martin-des-Champs,Île-de-France,Yvelines,78790,48.878,1.719,"Saint-Martin-des-Champs (78790), Île-de-France"
30679,Saint-Martin-la-Garenne,Île-de-France,Yvelines,78520,49.036,1.677,"Saint-Martin-la-Garenne (78520), Île-de-France"
30680,Sainte-Mesme,Île-de-France,Yvelines,78730,48.536,1.941,"Sainte-Mesme (78730), Île-de-France"
30681,Saint-Nom-la-Bretèche,Île-de-France,Yvelines,78860,48.863,2.019,"Saint-Nom-la-Bretèche (78860), Île-de-France"
30682,Saint-Rémy-lès-Chevreuse,Île-de-France,Yvelines,78470,48.704,2.079,"Saint-Rémy-lès-Chevreuse (78470), Île-de-France"
30683,Saint-Rémy-l'Honoré,Île-de-France,Yvelines,78690,48.749,1.876,"Saint-Rémy-l'Honoré (78690), Île-de-France"
30684,Sartrouville,Île-de-France,Yvelines,78500,48.94,2.175,"Sartrouville (78500), Île-de-France"
30685,Saulx-Marchais,Île-de-France,Yvelines,78650,48.846,1.836,"Saulx-Marchais (78650), Île-de-France"
30686,Senlisse,Île-de-France,Yvelines,78720,48.685,1.972,"Senlisse (78720), Île-de-France"
30687,Septeuil,Île-de-France,Yvelines,78790,48.888,1.685,"Septeuil (78790), Île-de-France"
30688,Soindres,Île-de-France,Yvelines,78200,48.954,1.672,"Soindres (78200), Île-de-France"
30689,Sonchamp,Île-de-France,Yvelines,78120,48.588,1.869,"Sonchamp (78120), Île-de-France"
30690,Tacoignières,Île-de-France,Yvelines,78910,48.833,1.665,"Tacoignières (78910), Île-de-France"
30691,Le Tartre-Gaudran,Île-de-France,Yvelines,78113,48.697,1.604,"Le Tartre-Gaudran (78113), Île-de-France"
30692,Le Tertre-Saint-Denis,Île-de-France,Yvelines,78980,48.942,1.608,"Le Tertre-Saint-Denis (78980), Île-de-France"
30693,Tessancourt-sur-Aubette,Île-de-France,Yvelines,78250,49.025,1.918,"Tessancourt-sur-Aubette (78250), Île-de-France"
30694,Thiverval-Grignon,Île-de-France,Yvelines,78850,48.844,1.934,"Thiverval-Grignon (78850), Île-de-France"
30695,Thoiry,Île-de-France,Yvelines,78770,48.872,1.798,"Thoiry (78770), Île-de-France"
30696,Tilly,Île-de-France,Yvelines,78790,48.878,1.575,"Tilly (78790), Île-de-France"
30697,Toussus-le-Noble,Île-de-France,Yvelines,78117,48.747,2.118,"Toussus-le-Noble (78117), Île-de-France"
30698,Trappes,Île-de-France,Yvelines,78190,48.775,1.993,"Trappes (78190), Île-de-France"
30699,Le Tremblay-sur-Mauldre,Île-de-France,Yvelines,78490,48.784,1.878,"Le Tremblay-sur-Mauldre (78490), Île-de-France"
30700,Triel-sur-Seine,Île-de-France,Yvelines,78510,48.978,2.009,"Triel-sur-Seine (78510), Île-de-France"
30701,Vaux-sur-Seine,Île-de-France,Yvelines,78740,49.01,1.974,"Vaux-sur-Seine (78740), Île-de-France"
30702,Vélizy-Villacoublay,Île-de-France,Yvelines,78140,48.784,2.197,"Vélizy-Villacoublay (78140), Île-de-France"
30703,Verneuil-sur-Seine,Île-de-France,Yvelines,78480,48.987,1.963,"Verneuil-sur-Seine (78480), Île-de-France"
30704,Vernouillet,Île-de-France,Yvelines,78540,48.966,1.975,"Vernouillet (78540), Île-de-France"
30705,La Verrière,Île-de-France,Yvelines,78320,48.755,1.951,"La Verrière (78320), Île-de-France"
30706,Versailles,Île-de-France,Yvelines,78000,48.803,2.118,"Versailles (78000), Île-de-France"
30707,Vert,Île-de-France,Yvelines,78930,48.94,1.683,"Vert (78930), Île-de-France"
30708,Le Vésinet,Île-de-France,Yvelines,78110,48.894,2.13,"Le Vésinet (78110), Île-de-France"
30709,Vicq,Île-de-France,Yvelines,78490,48.822,1.828,"Vicq (78490), Île-de-France"
30710,Vieille-Église-en-Yvelines,Île-de-France,Yvelines,78125,48.67,1.875,"Vieille-Église-en-Yvelines (78125), Île-de-France"
30711,La Villeneuve-en-Chevrie,Île-de-France,Yvelines,78270,49.017,1.531,"La Villeneuve-en-Chevrie (78270), Île-de-France"
30712,Villennes-sur-Seine,Île-de-France,Yvelines,78670,48.937,1.996,"Villennes-sur-Seine (78670), Île-de-France"
30713,Villepreux,Île-de-France,Yvelines,78450,48.831,2.013,"Villepreux (78450), Île-de-France"
30714,Villette,Île-de-France,Yvelines,78930,48.926,1.694,"Villette (78930), Île-de-France"
30715,Villiers-le-Mahieu,Île-de-France,Yvelines,78770,48.853,1.774,"Villiers-le-Mahieu (78770), Île-de-France"
30716,Villiers-Saint-Frédéric,Île-de-France,Yvelines,78640,48.82,1.882,"Villiers-Saint-Frédéric (78640), Île-de-France"
30717,Viroflay,Île-de-France,Yvelines,78220,48.802,2.172,"Viroflay (78220), Île-de-France"
30718,Voisins-le-Bretonneux,Île-de-France,Yvelines,78960,48.759,2.048,"Voisins-le-Bretonneux (78960), Île-de-France"
34306,Abbéville-la-Rivière,Île-de-France,Essonne,91150,48.344,2.191,"Abbéville-la-Rivière (91150), Île-de-France"
34307,Angerville,Île-de-France,Essonne,91670,48.31,2.006,"Angerville (91670), Île-de-France"
34308,Angervilliers,Île-de-France,Essonne,91470,48.591,2.059,"Angervilliers (91470), Île-de-France"
34309,Arpajon,Île-de-France,Essonne,91290,48.591,2.244,"Arpajon (91290), Île-de-France"
34310,Arrancourt,Île-de-France,Essonne,91690,48.327,2.152,"Arrancourt (91690), Île-de-France"
34311,Athis-Mons,Île-de-France,Essonne,91200,48.709,2.387,"Athis-Mons (91200), Île-de-France"
34312,Authon-la-Plaine,Île-de-France,Essonne,91410,48.453,1.957,"Authon-la-Plaine (91410), Île-de-France"
34313,Auvernaux,Île-de-France,Essonne,91830,48.529,2.488,"Auvernaux (91830), Île-de-France"
34314,Auvers-Saint-Georges,Île-de-France,Essonne,91580,48.477,2.226,"Auvers-Saint-Georges (91580), Île-de-France"
34315,Avrainville,Île-de-France,Essonne,91630,48.558,2.244,"Avrainville (91630), Île-de-France"
34316,Ballainvilliers,Île-de-France,Essonne,91160,48.671,2.289,"Ballainvilliers (91160), Île-de-France"
34317,Ballancourt-sur-Essonne,Île-de-France,Essonne,91610,48.522,2.388,"Ballancourt-sur-Essonne (91610), Île-de-France"
34318,Baulne,Île-de-France,Essonne,91590,48.495,2.381,"Baulne (91590), Île-de-France"
34319,Bièvres,Île-de-France,Essonne,91570,48.757,2.207,"Bièvres (91570), Île-de-France"
34320,Blandy,Île-de-France,Essonne,91150,48.324,2.258,"Blandy (91150), Île-de-France"
34321,Boigneville,Île-de-France,Essonne,91720,48.328,2.366,"Boigneville (91720), Île-de-France"
34322,Bois-Herpin,Île-de-France,Essonne,91150,48.372,2.244,"Bois-Herpin (91150), Île-de-France"
34323,Boissy-la-Rivière,Île-de-France,Essonne,91690,48.382,2.17,"Boissy-la-Rivière (91690), Île-de-France"
34324,Boissy-le-Cutté,Île-de-France,Essonne,91590,48.47,2.285,"Boissy-le-Cutté (91590), Île-de-France"
34325,Boissy-le-Sec,Île-de-France,Essonne,91870,48.485,2.091,"Boissy-le-Sec (91870), Île-de-France"
34326,Boissy-sous-Saint-Yon,Île-de-France,Essonne,91790,48.55,2.213,"Boissy-sous-Saint-Yon (91790), Île-de-France"
34327,Bondoufle,Île-de-France,Essonne,91070,48.614,2.38,"Bondoufle (91070), Île-de-France"
34328,Boullay-les-Troux,Île-de-France,Essonne,91470,48.675,2.048,"Boullay-les-Troux (91470), Île-de-France"
34329,Bouray-sur-Juine,Île-de-France,Essonne,91850,48.512,2.296,"Bouray-sur-Juine (91850), Île-de-France"
34330,Boussy-Saint-Antoine,Île-de-France,Essonne,91800,48.69,2.534,"Boussy-Saint-Antoine (91800), Île-de-France"
34331,Boutervilliers,Île-de-France,Essonne,91150,48.456,2.051,"Boutervilliers (91150), Île-de-France"
34332,Boutigny-sur-Essonne,Île-de-France,Essonne,91820,48.436,2.395,"Boutigny-sur-Essonne (91820), Île-de-France"
34333,Bouville,Île-de-France,Essonne,91880,48.433,2.278,"Bouville (91880), Île-de-France"
34334,Brétigny-sur-Orge,Île-de-France,Essonne,91220,48.602,2.302,"Brétigny-sur-Orge (91220), Île-de-France"
34335,Breuillet,Île-de-France,Essonne,91650,48.572,2.166,"Breuillet (91650), Île-de-France"
34336,Breux-Jouy,Île-de-France,Essonne,91650,48.555,2.16,"Breux-Jouy (91650), Île-de-France"
34337,Brières-les-Scellés,Île-de-France,Essonne,91150,48.464,2.143,"Brières-les-Scellés (91150), Île-de-France"
34338,Briis-sous-Forges,Île-de-France,Essonne,91640,48.627,2.131,"Briis-sous-Forges (91640), Île-de-France"
34339,Brouy,Île-de-France,Essonne,91150,48.326,2.289,"Brouy (91150), Île-de-France"
34340,Brunoy,Île-de-France,Essonne,91800,48.696,2.504,"Brunoy (91800), Île-de-France"
34341,Bruyères-le-Châtel,Île-de-France,Essonne,91680,48.6,2.187,"Bruyères-le-Châtel (91680), Île-de-France"
34342,Buno-Bonnevaux,Île-de-France,Essonne,91720,48.357,2.407,"Buno-Bonnevaux (91720), Île-de-France"
34343,Bures-sur-Yvette,Île-de-France,Essonne,91440,48.693,2.158,"Bures-sur-Yvette (91440), Île-de-France"
34344,Cerny,Île-de-France,Essonne,91590,48.486,2.311,"Cerny (91590), Île-de-France"
34345,Chalo-Saint-Mars,Île-de-France,Essonne,91780,48.417,2.052,"Chalo-Saint-Mars (91780), Île-de-France"
34346,Chalou-Moulineux,Île-de-France,Essonne,91740,48.38,2.026,"Chalou-Moulineux (91740), Île-de-France"
34347,Chamarande,Île-de-France,Essonne,91730,48.517,2.218,"Chamarande (91730), Île-de-France"
34348,Champcueil,Île-de-France,Essonne,91750,48.507,2.448,"Champcueil (91750), Île-de-France"
34349,Champlan,Île-de-France,Essonne,91160,48.708,2.278,"Champlan (91160), Île-de-France"
34350,Champmotteux,Île-de-France,Essonne,91150,48.344,2.315,"Champmotteux (91150), Île-de-France"
34351,Chatignonville,Île-de-France,Essonne,91410,48.469,1.932,"Chatignonville (91410), Île-de-France"
34352,Chauffour-lès-Étréchy,Île-de-France,Essonne,91580,48.508,2.168,"Chauffour-lès-Étréchy (91580), Île-de-France"
34353,Cheptainville,Île-de-France,Essonne,91630,48.547,2.274,"Cheptainville (91630), Île-de-France"
34354,Chevannes,Île-de-France,Essonne,91750,48.534,2.441,"Chevannes (91750), Île-de-France"
34355,Chilly-Mazarin,Île-de-France,Essonne,91380,48.708,2.311,"Chilly-Mazarin (91380), Île-de-France"
34356,Corbeil-Essonnes,Île-de-France,Essonne,91100,48.604,2.469,"Corbeil-Essonnes (91100), Île-de-France"
34357,Corbreuse,Île-de-France,Essonne,91410,48.495,1.96,"Corbreuse (91410), Île-de-France"
34358,Le Coudray-Montceaux,Île-de-France,Essonne,91830,48.559,2.487,"Le Coudray-Montceaux (91830), Île-de-France"
34359,Courances,Île-de-France,Essonne,91490,48.438,2.485,"Courances (91490), Île-de-France"
34360,Courdimanche-sur-Essonne,Île-de-France,Essonne,91720,48.418,2.363,"Courdimanche-sur-Essonne (91720), Île-de-France"
34361,Courson-Monteloup,Île-de-France,Essonne,91680,48.598,2.141,"Courson-Monteloup (91680), Île-de-France"
34362,Crosne,Île-de-France,Essonne,91560,48.72,2.463,"Crosne (91560), Île-de-France"
34363,Dannemois,Île-de-France,Essonne,91490,48.46,2.464,"Dannemois (91490), Île-de-France"
34364,D'Huison-Longueville,Île-de-France,Essonne,91590,48.456,2.328,"D'Huison-Longueville (91590), Île-de-France"
34365,Dourdan,Île-de-France,Essonne,91410,48.536,1.994,"Dourdan (91410), Île-de-France"
34366,Draveil,Île-de-France,Essonne,91210,48.678,2.422,"Draveil (91210), Île-de-France"
34367,Écharcon,Île-de-France,Essonne,91540,48.575,2.401,"Écharcon (91540), Île-de-France"
34368,Égly,Île-de-France,Essonne,91520,48.578,2.221,"Égly (91520), Île-de-France"
34369,Épinay-sous-Sénart,Île-de-France,Essonne,91860,48.687,2.516,"Épinay-sous-Sénart (91860), Île-de-France"
34370,Épinay-sur-Orge,Île-de-France,Essonne,91360,48.673,2.318,"Épinay-sur-Orge (91360), Île-de-France"
34371,Étampes,Île-de-France,Essonne,91150,48.421,2.138,"Étampes (91150), Île-de-France"
34372,Étiolles,Île-de-France,Essonne,91450,48.65,2.483,"Étiolles (91450), Île-de-France"
34373,Étréchy,Île-de-France,Essonne,91580,48.492,2.179,"Étréchy (91580), Île-de-France"
34374,Évry-Courcouronnes,Île-de-France,Essonne,91080,48.63,2.44,"Évry-Courcouronnes (91080), Île-de-France"
34375,La Ferté-Alais,Île-de-France,Essonne,91590,48.481,2.367,"La Ferté-Alais (91590), Île-de-France"
34376,Fleury-Mérogis,Île-de-France,Essonne,91700,48.633,2.368,"Fleury-Mérogis (91700), Île-de-France"
34377,Fontaine-la-Rivière,Île-de-France,Essonne,91690,48.36,2.165,"Fontaine-la-Rivière (91690), Île-de-France"
34378,Fontenay-lès-Briis,Île-de-France,Essonne,91640,48.611,2.165,"Fontenay-lès-Briis (91640), Île-de-France"
34379,Fontenay-le-Vicomte,Île-de-France,Essonne,91540,48.547,2.401,"Fontenay-le-Vicomte (91540), Île-de-France"
34380,La Forêt-le-Roi,Île-de-France,Essonne,91410,48.476,2.047,"La Forêt-le-Roi (91410), Île-de-France"
34381,La Forêt-Sainte-Croix,Île-de-France,Essonne,91150,48.384,2.23,"La Forêt-Sainte-Croix (91150), Île-de-France"
34382,Forges-les-Bains,Île-de-France,Essonne,91470,48.62,2.083,"Forges-les-Bains (91470), Île-de-France"
34383,Gif-sur-Yvette,Île-de-France,Essonne,91190,48.699,2.128,"Gif-sur-Yvette (91190), Île-de-France"
34384,Gironville-sur-Essonne,Île-de-France,Essonne,91720,48.366,2.346,"Gironville-sur-Essonne (91720), Île-de-France"
34385,Gometz-la-Ville,Île-de-France,Essonne,91400,48.672,2.11,"Gometz-la-Ville (91400), Île-de-France"
34386,Gometz-le-Châtel,Île-de-France,Essonne,91940,48.675,2.143,"Gometz-le-Châtel (91940), Île-de-France"
34387,Les Granges-le-Roi,Île-de-France,Essonne,91410,48.498,2.011,"Les Granges-le-Roi (91410), Île-de-France"
34388,Grigny,Île-de-France,Essonne,91350,48.657,2.388,"Grigny (91350), Île-de-France"
34389,Guibeville,Île-de-France,Essonne,91630,48.567,2.272,"Guibeville (91630), Île-de-France"
34390,Guigneville-sur-Essonne,Île-de-France,Essonne,91590,48.464,2.371,"Guigneville-sur-Essonne (91590), Île-de-France"
34391,Guillerval,Île-de-France,Essonne,91690,48.368,2.076,"Guillerval (91690), Île-de-France"
34392,Igny,Île-de-France,Essonne,91430,48.736,2.224,"Igny (91430), Île-de-France"
34393,Itteville,Île-de-France,Essonne,91760,48.514,2.344,"Itteville (91760), Île-de-France"
34394,Janville-sur-Juine,Île-de-France,Essonne,91510,48.501,2.254,"Janville-sur-Juine (91510), Île-de-France"
34395,Janvry,Île-de-France,Essonne,91640,48.646,2.155,"Janvry (91640), Île-de-France"
34396,Juvisy-sur-Orge,Île-de-France,Essonne,91260,48.692,2.374,"Juvisy-sur-Orge (91260), Île-de-France"
34397,Lardy,Île-de-France,Essonne,91510,48.527,2.27,"Lardy (91510), Île-de-France"
34398,Leudeville,Île-de-France,Essonne,91630,48.571,2.328,"Leudeville (91630), Île-de-France"
34399,Leuville-sur-Orge,Île-de-France,Essonne,91310,48.614,2.268,"Leuville-sur-Orge (91310), Île-de-France"
34400,Limours,Île-de-France,Essonne,91470,48.646,2.081,"Limours (91470), Île-de-France"
34401,Linas,Île-de-France,Essonne,91310,48.626,2.251,"Linas (91310), Île-de-France"
34402,Lisses,Île-de-France,Essonne,91090,48.597,2.425,"Lisses (91090), Île-de-France"
34403,Longjumeau,Île-de-France,Essonne,91160,48.69,2.302,"Longjumeau (91160), Île-de-France"
34404,Longpont-sur-Orge,Île-de-France,Essonne,91310,48.64,2.286,"Longpont-sur-Orge (91310), Île-de-France"
34405,Maisse,Île-de-France,Essonne,91720,48.396,2.37,"Maisse (91720), Île-de-France"
34406,Marcoussis,Île-de-France,Essonne,91460,48.646,2.206,"Marcoussis (91460), Île-de-France"
34407,Marolles-en-Beauce,Île-de-France,Essonne,91150,48.369,2.204,"Marolles-en-Beauce (91150), Île-de-France"
34408,Marolles-en-Hurepoix,Île-de-France,Essonne,91630,48.565,2.299,"Marolles-en-Hurepoix (91630), Île-de-France"
34409,Massy,Île-de-France,Essonne,91300,48.728,2.275,"Massy (91300), Île-de-France"
34410,Mauchamps,Île-de-France,Essonne,91730,48.527,2.197,"Mauchamps (91730), Île-de-France"
34411,Mennecy,Île-de-France,Essonne,91540,48.559,2.438,"Mennecy (91540), Île-de-France"
34412,Le Mérévillois,Île-de-France,Essonne,91660,48.318,2.074,"Le Mérévillois (91660), Île-de-France"
34413,Mérobert,Île-de-France,Essonne,91780,48.416,1.996,"Mérobert (91780), Île-de-France"
34414,Mespuits,Île-de-France,Essonne,91150,48.358,2.277,"Mespuits (91150), Île-de-France"
34415,Milly-la-Forêt,Île-de-France,Essonne,91490,48.403,2.465,"Milly-la-Forêt (91490), Île-de-France"
34416,Moigny-sur-École,Île-de-France,Essonne,91490,48.437,2.44,"Moigny-sur-École (91490), Île-de-France"
34417,Les Molières,Île-de-France,Essonne,91470,48.672,2.073,"Les Molières (91470), Île-de-France"
34418,Mondeville,Île-de-France,Essonne,91590,48.491,2.42,"Mondeville (91590), Île-de-France"
34419,Monnerville,Île-de-France,Essonne,91930,48.348,2.038,"Monnerville (91930), Île-de-France"
34420,Montgeron,Île-de-France,Essonne,91230,48.695,2.462,"Montgeron (91230), Île-de-France"
34421,Montlhéry,Île-de-France,Essonne,91310,48.642,2.268,"Montlhéry (91310), Île-de-France"
34422,Morangis,Île-de-France,Essonne,91420,48.703,2.336,"Morangis (91420), Île-de-France"
34423,Morigny-Champigny,Île-de-France,Essonne,91150,48.441,2.208,"Morigny-Champigny (91150), Île-de-France"
34424,Morsang-sur-Orge,Île-de-France,Essonne,91390,48.656,2.351,"Morsang-sur-Orge (91390), Île-de-France"
34425,Morsang-sur-Seine,Île-de-France,Essonne,91250,48.577,2.501,"Morsang-sur-Seine (91250), Île-de-France"
34426,Nainville-les-Roches,Île-de-France,Essonne,91750,48.505,2.496,"Nainville-les-Roches (91750), Île-de-France"
34427,La Norville,Île-de-France,Essonne,91290,48.581,2.266,"La Norville (91290), Île-de-France"
34428,Nozay,Île-de-France,Essonne,91620,48.661,2.238,"Nozay (91620), Île-de-France"
34429,Ollainville,Île-de-France,Essonne,91340,48.606,2.219,"Ollainville (91340), Île-de-France"
34430,Oncy-sur-École,Île-de-France,Essonne,91490,48.382,2.457,"Oncy-sur-École (91490), Île-de-France"
34431,Ormoy,Île-de-France,Essonne,91540,48.573,2.458,"Ormoy (91540), Île-de-France"
34432,Ormoy-la-Rivière,Île-de-France,Essonne,91150,48.4,2.164,"Ormoy-la-Rivière (91150), Île-de-France"
34433,Orsay,Île-de-France,Essonne,91400,48.7,2.187,"Orsay (91400), Île-de-France"
34434,Orveau,Île-de-France,Essonne,91590,48.449,2.297,"Orveau (91590), Île-de-France"
34435,Palaiseau,Île-de-France,Essonne,91120,48.715,2.229,"Palaiseau (91120), Île-de-France"
34436,Paray-Vieille-Poste,Île-de-France,Essonne,91550,48.724,2.36,"Paray-Vieille-Poste (91550), Île-de-France"
34437,Pecqueuse,Île-de-France,Essonne,91470,48.648,2.037,"Pecqueuse (91470), Île-de-France"
34438,Le Plessis-Pâté,Île-de-France,Essonne,91220,48.607,2.342,"Le Plessis-Pâté (91220), Île-de-France"
34439,Plessis-Saint-Benoist,Île-de-France,Essonne,91410,48.445,2.003,"Plessis-Saint-Benoist (91410), Île-de-France"
34440,Prunay-sur-Essonne,Île-de-France,Essonne,91720,48.352,2.361,"Prunay-sur-Essonne (91720), Île-de-France"
34441,Puiselet-le-Marais,Île-de-France,Essonne,91150,48.399,2.263,"Puiselet-le-Marais (91150), Île-de-France"
34442,Pussay,Île-de-France,Essonne,91740,48.35,1.998,"Pussay (91740), Île-de-France"
34443,Quincy-sous-Sénart,Île-de-France,Essonne,91480,48.67,2.528,"Quincy-sous-Sénart (91480), Île-de-France"
34444,Richarville,Île-de-France,Essonne,91410,48.469,1.998,"Richarville (91410), Île-de-France"
34445,Ris-Orangis,Île-de-France,Essonne,91130,48.645,2.408,"Ris-Orangis (91130), Île-de-France"
34446,Roinville,Île-de-France,Essonne,91410,48.517,2.053,"Roinville (91410), Île-de-France"
34447,Roinvilliers,Île-de-France,Essonne,91150,48.345,2.237,"Roinvilliers (91150), Île-de-France"
34448,Saclas,Île-de-France,Essonne,91690,48.358,2.113,"Saclas (91690), Île-de-France"
34449,Saclay,Île-de-France,Essonne,91400,48.735,2.166,"Saclay (91400), Île-de-France"
34450,Saint-Aubin,Île-de-France,Essonne,91190,48.715,2.14,"Saint-Aubin (91190), Île-de-France"
34451,Saint-Chéron,Île-de-France,Essonne,91530,48.549,2.127,"Saint-Chéron (91530), Île-de-France"
34452,Saint-Cyr-la-Rivière,Île-de-France,Essonne,91690,48.35,2.137,"Saint-Cyr-la-Rivière (91690), Île-de-France"
34453,Saint-Cyr-sous-Dourdan,Île-de-France,Essonne,91410,48.566,2.038,"Saint-Cyr-sous-Dourdan (91410), Île-de-France"
34454,Saint-Escobille,Île-de-France,Essonne,91410,48.422,1.958,"Saint-Escobille (91410), Île-de-France"
34455,Sainte-Geneviève-des-Bois,Île-de-France,Essonne,91700,48.641,2.33,"Sainte-Geneviève-des-Bois (91700), Île-de-France"
34456,Saint-Germain-lès-Arpajon,Île-de-France,Essonne,91180,48.598,2.265,"Saint-Germain-lès-Arpajon (91180), Île-de-France"
34457,Saint-Germain-lès-Corbeil,Île-de-France,Essonne,91250,48.626,2.491,"Saint-Germain-lès-Corbeil (91250), Île-de-France"
34458,Saint-Hilaire,Île-de-France,Essonne,91780,48.442,2.087,"Saint-Hilaire (91780), Île-de-France"
34459,Saint-Jean-de-Beauregard,Île-de-France,Essonne,91940,48.666,2.171,"Saint-Jean-de-Beauregard (91940), Île-de-France"
34460,Saint-Maurice-Montcouronne,Île-de-France,Essonne,91530,48.579,2.121,"Saint-Maurice-Montcouronne (91530), Île-de-France"
34461,Saint-Michel-sur-Orge,Île-de-France,Essonne,91240,48.632,2.312,"Saint-Michel-sur-Orge (91240), Île-de-France"
34462,Saint-Pierre-du-Perray,Île-de-France,Essonne,91280,48.606,2.516,"Saint-Pierre-du-Perray (91280), Île-de-France"
34463,Saintry-sur-Seine,Île-de-France,Essonne,91250,48.593,2.494,"Saintry-sur-Seine (91250), Île-de-France"
34464,Saint-Sulpice-de-Favières,Île-de-France,Essonne,91910,48.536,2.18,"Saint-Sulpice-de-Favières (91910), Île-de-France"
34465,Saint-Vrain,Île-de-France,Essonne,91770,48.537,2.323,"Saint-Vrain (91770), Île-de-France"
34466,Saint-Yon,Île-de-France,Essonne,91650,48.561,2.192,"Saint-Yon (91650), Île-de-France"
34467,Saulx-les-Chartreux,Île-de-France,Essonne,91160,48.685,2.266,"Saulx-les-Chartreux (91160), Île-de-France"
34468,Savigny-sur-Orge,Île-de-France,Essonne,91600,48.684,2.349,"Savigny-sur-Orge (91600), Île-de-France"
34469,Sermaise,Île-de-France,Essonne,91530,48.531,2.089,"Sermaise (91530), Île-de-France"
34470,Soisy-sur-École,Île-de-France,Essonne,91840,48.479,2.482,"Soisy-sur-École (91840), Île-de-France"
34471,Soisy-sur-Seine,Île-de-France,Essonne,91450,48.66,2.463,"Soisy-sur-Seine (91450), Île-de-France"
34472,Souzy-la-Briche,Île-de-France,Essonne,91580,48.527,2.154,"Souzy-la-Briche (91580), Île-de-France"
34473,Congerville-Thionville,Île-de-France,Essonne,91740,48.383,1.991,"Congerville-Thionville (91740), Île-de-France"
34474,Tigery,Île-de-France,Essonne,91250,48.644,2.519,"Tigery (91250), Île-de-France"
34475,Torfou,Île-de-France,Essonne,91730,48.532,2.234,"Torfou (91730), Île-de-France"
34476,Valpuiseaux,Île-de-France,Essonne,91720,48.392,2.303,"Valpuiseaux (91720), Île-de-France"
34477,Le Val-Saint-Germain,Île-de-France,Essonne,91530,48.568,2.081,"Le Val-Saint-Germain (91530), Île-de-France"
34478,Varennes-Jarcy,Île-de-France,Essonne,91480,48.682,2.562,"Varennes-Jarcy (91480), Île-de-France"
34479,Vaugrigneuse,Île-de-France,Essonne,91640,48.601,2.105,"Vaugrigneuse (91640), Île-de-France"
34480,Vauhallan,Île-de-France,Essonne,91430,48.731,2.199,"Vauhallan (91430), Île-de-France"
34481,Vayres-sur-Essonne,Île-de-France,Essonne,91820,48.432,2.346,"Vayres-sur-Essonne (91820), Île-de-France"
34482,Verrières-le-Buisson,Île-de-France,Essonne,91370,48.75,2.252,"Verrières-le-Buisson (91370), Île-de-France"
34483,Vert-le-Grand,Île-de-France,Essonne,91810,48.584,2.367,"Vert-le-Grand (91810), Île-de-France"
34484,Vert-le-Petit,Île-de-France,Essonne,91710,48.552,2.366,"Vert-le-Petit (91710), Île-de-France"
34485,Videlles,Île-de-France,Essonne,91890,48.468,2.421,"Videlles (91890), Île-de-France"
34486,Vigneux-sur-Seine,Île-de-France,Essonne,91270,48.704,2.428,"Vigneux-sur-Seine (91270), Île-de-France"
34487,Villabé,Île-de-France,Essonne,91100,48.586,2.452,"Villabé (91100), Île-de-France"
34488,Villebon-sur-Yvette,Île-de-France,Essonne,91140,48.696,2.235,"Villebon-sur-Yvette (91140), Île-de-France"
34489,Villeconin,Île-de-France,Essonne,91580,48.502,2.128,"Villeconin (91580), Île-de-France"
34490,La Ville-du-Bois,Île-de-France,Essonne,91620,48.661,2.265,"La Ville-du-Bois (91620), Île-de-France"
34491,Villejust,Île-de-France,Essonne,91140,48.678,2.223,"Villejust (91140), Île-de-France"
34492,Villemoisson-sur-Orge,Île-de-France,Essonne,91360,48.661,2.331,"Villemoisson-sur-Orge (91360), Île-de-France"
34493,Villeneuve-sur-Auvers,Île-de-France,Essonne,91580,48.467,2.254,"Villeneuve-sur-Auvers (91580), Île-de-France"
34494,Villiers-le-Bâcle,Île-de-France,Essonne,91190,48.729,2.122,"Villiers-le-Bâcle (91190), Île-de-France"
34495,Villiers-sur-Orge,Île-de-France,Essonne,91700,48.658,2.3,"Villiers-sur-Orge (91700), Île-de-France"
34496,Viry-Châtillon,Île-de-France,Essonne,91170,48.67,2.374,"Viry-Châtillon (91170), Île-de-France"
34497,Wissous,Île-de-France,Essonne,91320,48.73,2.329,"Wissous (91320), Île-de-France"
34498,Yerres,Île-de-France,Essonne,91330,48.716,2.493,"Yerres (91330), Île-de-France"
34499,Les Ulis,Île-de-France,Essonne,91940,48.68,2.185,"Les Ulis (91940), Île-de-France"
34500,Antony,Île-de-France,Hauts-de-Seine,92160,48.75,2.299,"Antony (92160), Île-de-France"
34501,Asnières-sur-Seine,Île-de-France,Hauts-de-Seine,92600,48.915,2.288,"Asnières-sur-Seine (92600), Île-de-France"
34502,Bagneux,Île-de-France,Hauts-de-Seine,92220,48.798,2.31,"Bagneux (92220), Île-de-France"
34503,Bois-Colombes,Île-de-France,Hauts-de-Seine,92270,48.915,2.267,"Bois-Colombes (92270), Île-de-France"
34504,Boulogne-Billancourt,Île-de-France,Hauts-de-Seine,92100,48.837,2.239,"Boulogne-Billancourt (92100), Île-de-France"
34505,Bourg-la-Reine,Île-de-France,Hauts-de-Seine,92340,48.78,2.316,"Bourg-la-Reine (92340), Île-de-France"
34506,Châtenay-Malabry,Île-de-France,Hauts-de-Seine,92290,48.768,2.263,"Châtenay-Malabry (92290), Île-de-France"
34507,Châtillon,Île-de-France,Hauts-de-Seine,92320,48.803,2.288,"Châtillon (92320), Île-de-France"
34508,Chaville,Île-de-France,Hauts-de-Seine,92370,48.808,2.192,"Chaville (92370), Île-de-France"
34509,Clamart,Île-de-France,Hauts-de-Seine,92140,48.796,2.255,"Clamart (92140), Île-de-France"
34510,Clichy,Île-de-France,Hauts-de-Seine,92110,48.904,2.306,"Clichy (92110), Île-de-France"
34511,Colombes,Île-de-France,Hauts-de-Seine,92700,48.922,2.247,"Colombes (92700), Île-de-France"
34512,Courbevoie,Île-de-France,Hauts-de-Seine,92400,48.898,2.256,"Courbevoie (92400), Île-de-France"
34513,Fontenay-aux-Roses,Île-de-France,Hauts-de-Seine,92260,48.79,2.287,"Fontenay-aux-Roses (92260), Île-de-France"
34514,Garches,Île-de-France,Hauts-de-Seine,92380,48.845,2.187,"Garches (92380), Île-de-France"
34515,La Garenne-Colombes,Île-de-France,Hauts-de-Seine,92250,48.907,2.245,"La Garenne-Colombes (92250), Île-de-France"
34516,Gennevilliers,Île-de-France,Hauts-de-Seine,92230,48.934,2.294,"Gennevilliers (92230), Île-de-France"
34517,Issy-les-Moulineaux,Île-de-France,Hauts-de-Seine,92130,48.824,2.264,"Issy-les-Moulineaux (92130), Île-de-France"
34518,Levallois-Perret,Île-de-France,Hauts-de-Seine,92300,48.895,2.287,"Levallois-Perret (92300), Île-de-France"
34519,Malakoff,Île-de-France,Hauts-de-Seine,92240,48.817,2.297,"Malakoff (92240), Île-de-France"
34520,Marnes-la-Coquette,Île-de-France,Hauts-de-Seine,92430,48.83,2.166,"Marnes-la-Coquette (92430), Île-de-France"
34521,Meudon,Île-de-France,Hauts-de-Seine,92190,48.804,2.227,"Meudon (92190), Île-de-France"
34522,Montrouge,Île-de-France,Hauts-de-Seine,92120,48.815,2.316,"Montrouge (92120), Île-de-France"
34523,Nanterre,Île-de-France,Hauts-de-Seine,92000,48.896,2.207,"Nanterre (92000), Île-de-France"
34524,Neuilly-sur-Seine,Île-de-France,Hauts-de-Seine,92200,48.885,2.266,"Neuilly-sur-Seine (92200), Île-de-France"
34525,Le Plessis-Robinson,Île-de-France,Hauts-de-Seine,92350,48.78,2.261,"Le Plessis-Robinson (92350), Île-de-France"
34526,Puteaux,Île-de-France,Hauts-de-Seine,92800,48.884,2.238,"Puteaux (92800), Île-de-France"
34527,Rueil-Malmaison,Île-de-France,Hauts-de-Seine,92500,48.869,2.177,"Rueil-Malmaison (92500), Île-de-France"
34528,Saint-Cloud,Île-de-France,Hauts-de-Seine,92210,48.843,2.209,"Saint-Cloud (92210), Île-de-France"
34529,Sceaux,Île-de-France,Hauts-de-Seine,92330,48.777,2.295,"Sceaux (92330), Île-de-France"
34530,Sèvres,Île-de-France,Hauts-de-Seine,92310,48.822,2.21,"Sèvres (92310), Île-de-France"
34531,Suresnes,Île-de-France,Hauts-de-Seine,92150,48.87,2.22,"Suresnes (92150), Île-de-France"
34532,Vanves,Île-de-France,Hauts-de-Seine,92170,48.822,2.287,"Vanves (92170), Île-de-France"
34533,Vaucresson,Île-de-France,Hauts-de-Seine,92420,48.841,2.16,"Vaucresson (92420), Île-de-France"
34534,Ville-d'Avray,Île-de-France,Hauts-de-Seine,92410,48.822,2.178,"Ville-d'Avray (92410), Île-de-France"
34535,Villeneuve-la-Garenne,Île-de-France,Hauts-de-Seine,92390,48.936,2.324,"Villeneuve-la-Garenne (92390), Île-de-France"
34536,Aubervilliers,Île-de-France,Seine-Saint-Denis,93300,48.912,2.384,"Aubervilliers (93300), Île-de-France"
34537,Aulnay-sous-Bois,Île-de-France,Seine-Saint-Denis,93600,48.946,2.493,"Aulnay-sous-Bois (93600), Île-de-France"
34538,Bagnolet,Île-de-France,Seine-Saint-Denis,93170,48.869,2.423,"Bagnolet (93170), Île-de-France"
34539,Le Blanc-Mesnil,Île-de-France,Seine-Saint-Denis,93150,48.94,2.461,"Le Blanc-Mesnil (93150), Île-de-France"
34540,Bobigny,Île-de-France,Seine-Saint-Denis,93000,48.908,2.439,"Bobigny (93000), Île-de-France"
34541,Bondy,Île-de-France,Seine-Saint-Denis,93140,48.902,2.484,"Bondy (93140), Île-de-France"
34542,Le Bourget,Île-de-France,Seine-Saint-Denis,93350,48.936,2.428,"Le Bourget (93350), Île-de-France"
34543,Clichy-sous-Bois,Île-de-France,Seine-Saint-Denis,93390,48.908,2.546,"Clichy-sous-Bois (93390), Île-de-France"
34544,Coubron,Île-de-France,Seine-Saint-Denis,93470,48.918,2.576,"Coubron (93470), Île-de-France"
34545,La Courneuve,Île-de-France,Seine-Saint-Denis,93120,48.932,2.4,"La Courneuve (93120), Île-de-France"
34546,Drancy,Île-de-France,Seine-Saint-Denis,93700,48.923,2.445,"Drancy (93700), Île-de-France"
34547,Dugny,Île-de-France,Seine-Saint-Denis,93440,48.95,2.424,"Dugny (93440), Île-de-France"
34548,Épinay-sur-Seine,Île-de-France,Seine-Saint-Denis,93800,48.955,2.314,"Épinay-sur-Seine (93800), Île-de-France"
34549,Gagny,Île-de-France,Seine-Saint-Denis,93220,48.882,2.545,"Gagny (93220), Île-de-France"
34550,Gournay-sur-Marne,Île-de-France,Seine-Saint-Denis,93460,48.861,2.575,"Gournay-sur-Marne (93460), Île-de-France"
34551,L'Île-Saint-Denis,Île-de-France,Seine-Saint-Denis,93450,48.94,2.326,"L'Île-Saint-Denis (93450), Île-de-France"
34552,Les Lilas,Île-de-France,Seine-Saint-Denis,93260,48.882,2.42,"Les Lilas (93260), Île-de-France"
34553,Livry-Gargan,Île-de-France,Seine-Saint-Denis,93190,48.92,2.535,"Livry-Gargan (93190), Île-de-France"
34554,Montfermeil,Île-de-France,Seine-Saint-Denis,93370,48.898,2.567,"Montfermeil (93370), Île-de-France"
34555,Montreuil,Île-de-France,Seine-Saint-Denis,93100,48.863,2.448,"Montreuil (93100), Île-de-France"
34556,Neuilly-Plaisance,Île-de-France,Seine-Saint-Denis,93360,48.864,2.51,"Neuilly-Plaisance (93360), Île-de-France"
34557,Neuilly-sur-Marne,Île-de-France,Seine-Saint-Denis,93330,48.862,2.54,"Neuilly-sur-Marne (93330), Île-de-France"
34558,Noisy-le-Grand,Île-de-France,Seine-Saint-Denis,93160,48.836,2.564,"Noisy-le-Grand (93160), Île-de-France"
34559,Noisy-le-Sec,Île-de-France,Seine-Saint-Denis,93130,48.891,2.459,"Noisy-le-Sec (93130), Île-de-France"
34560,Pantin,Île-de-France,Seine-Saint-Denis,93500,48.898,2.409,"Pantin (93500), Île-de-France"
34561,Les Pavillons-sous-Bois,Île-de-France,Seine-Saint-Denis,93320,48.908,2.503,"Les Pavillons-sous-Bois (93320), Île-de-France"
34562,Pierrefitte-sur-Seine,Île-de-France,Seine-Saint-Denis,93380,48.961,2.363,"Pierrefitte-sur-Seine (93380), Île-de-France"
34563,Le Pré-Saint-Gervais,Île-de-France,Seine-Saint-Denis,93310,48.885,2.405,"Le Pré-Saint-Gervais (93310), Île-de-France"
34564,Le Raincy,Île-de-France,Seine-Saint-Denis,93340,48.897,2.52,"Le Raincy (93340), Île-de-France"
34565,Romainville,Île-de-France,Seine-Saint-Denis,93230,48.885,2.438,"Romainville (93230), Île-de-France"
34566,Rosny-sous-Bois,Île-de-France,Seine-Saint-Denis,93110,48.875,2.486,"Rosny-sous-Bois (93110), Île-de-France"
34567,Saint-Denis,Île-de-France,Seine-Saint-Denis,93210,48.93,2.359,"Saint-Denis (93210), Île-de-France"
34568,Saint-Ouen-sur-Seine,Île-de-France,Seine-Saint-Denis,93400,48.91,2.333,"Saint-Ouen-sur-Seine (93400), Île-de-France"
34569,Sevran,Île-de-France,Seine-Saint-Denis,93270,48.939,2.531,"Sevran (93270), Île-de-France"
34570,Stains,Île-de-France,Seine-Saint-Denis,93240,48.957,2.385,"Stains (93240), Île-de-France"
34571,Tremblay-en-France,Île-de-France,Seine-Saint-Denis,93290,48.978,2.555,"Tremblay-en-France (93290), Île-de-France"
34572,Vaujours,Île-de-France,Seine-Saint-Denis,93410,48.932,2.581,"Vaujours (93410), Île-de-France"
34573,Villemomble,Île-de-France,Seine-Saint-Denis,93250,48.885,2.509,"Villemomble (93250), Île-de-France"
34574,Villepinte,Île-de-France,Seine-Saint-Denis,93420,48.959,2.536,"Villepinte (93420), Île-de-France"
34575,Villetaneuse,Île-de-France,Seine-Saint-Denis,93430,48.957,2.345,"Villetaneuse (93430), Île-de-France"
34576,Ablon-sur-Seine,Île-de-France,Val-de-Marne,94480,48.724,2.421,"Ablon-sur-Seine (94480), Île-de-France"
34577,Alfortville,Île-de-France,Val-de-Marne,94140,48.796,2.421,"Alfortville (94140), Île-de-France"
34578,Arcueil,Île-de-France,Val-de-Marne,94110,48.806,2.334,"Arcueil (94110), Île-de-France"
34579,Boissy-Saint-Léger,Île-de-France,Val-de-Marne,94470,48.747,2.525,"Boissy-Saint-Léger (94470), Île-de-France"
34580,Bonneuil-sur-Marne,Île-de-France,Val-de-Marne,94380,48.773,2.488,"Bonneuil-sur-Marne (94380), Île-de-France"
34581,Bry-sur-Marne,Île-de-France,Val-de-Marne,94360,48.838,2.523,"Bry-sur-Marne (94360), Île-de-France"
34582,Cachan,Île-de-France,Val-de-Marne,94230,48.792,2.332,"Cachan (94230), Île-de-France"
34583,Champigny-sur-Marne,Île-de-France,Val-de-Marne,94500,48.817,2.517,"Champigny-sur-Marne (94500), Île-de-France"
34584,Charenton-le-Pont,Île-de-France,Val-de-Marne,94220,48.823,2.408,"Charenton-le-Pont (94220), Île-de-France"
34585,Chennevières-sur-Marne,Île-de-France,Val-de-Marne,94430,48.798,2.542,"Chennevières-sur-Marne (94430), Île-de-France"
34586,Chevilly-Larue,Île-de-France,Val-de-Marne,94550,48.767,2.353,"Chevilly-Larue (94550), Île-de-France"
34587,Choisy-le-Roi,Île-de-France,Val-de-Marne,94600,48.764,2.417,"Choisy-le-Roi (94600), Île-de-France"
34588,Créteil,Île-de-France,Val-de-Marne,94000,48.784,2.455,"Créteil (94000), Île-de-France"
34589,Fontenay-sous-Bois,Île-de-France,Val-de-Marne,94120,48.851,2.474,"Fontenay-sous-Bois (94120), Île-de-France"
34590,Fresnes,Île-de-France,Val-de-Marne,94260,48.757,2.326,"Fresnes (94260), Île-de-France"
34591,Gentilly,Île-de-France,Val-de-Marne,94250,48.813,2.344,"Gentilly (94250), Île-de-France"
34592,L'Haÿ-les-Roses,Île-de-France,Val-de-Marne,94240,48.776,2.338,"L'Haÿ-les-Roses (94240), Île-de-France"
34593,Ivry-sur-Seine,Île-de-France,Val-de-Marne,94200,48.813,2.388,"Ivry-sur-Seine (94200), Île-de-France"
34594,Joinville-le-Pont,Île-de-France,Val-de-Marne,94340,48.819,2.47,"Joinville-le-Pont (94340), Île-de-France"
34595,Le Kremlin-Bicêtre,Île-de-France,Val-de-Marne,94270,48.809,2.357,"Le Kremlin-Bicêtre (94270), Île-de-France"
34596,Limeil-Brévannes,Île-de-France,Val-de-Marne,94450,48.745,2.489,"Limeil-Brévannes (94450), Île-de-France"
34597,Maisons-Alfort,Île-de-France,Val-de-Marne,94700,48.806,2.438,"Maisons-Alfort (94700), Île-de-France"
34598,Mandres-les-Roses,Île-de-France,Val-de-Marne,94520,48.706,2.548,"Mandres-les-Roses (94520), Île-de-France"
34599,Marolles-en-Brie,Île-de-France,Val-de-Marne,94440,48.74,2.555,"Marolles-en-Brie (94440), Île-de-France"
34600,Nogent-sur-Marne,Île-de-France,Val-de-Marne,94130,48.837,2.482,"Nogent-sur-Marne (94130), Île-de-France"
34601,Noiseau,Île-de-France,Val-de-Marne,94880,48.774,2.555,"Noiseau (94880), Île-de-France"
34602,Orly,Île-de-France,Val-de-Marne,94310,48.743,2.395,"Orly (94310), Île-de-France"
34603,Ormesson-sur-Marne,Île-de-France,Val-de-Marne,94490,48.786,2.539,"Ormesson-sur-Marne (94490), Île-de-France"
34604,Périgny,Île-de-France,Val-de-Marne,94520,48.697,2.562,"Périgny (94520), Île-de-France"
34605,Le Perreux-sur-Marne,Île-de-France,Val-de-Marne,94170,48.842,2.504,"Le Perreux-sur-Marne (94170), Île-de-France"
34606,Le Plessis-Trévise,Île-de-France,Val-de-Marne,94420,48.806,2.576,"Le Plessis-Trévise (94420), Île-de-France"
34607,La Queue-en-Brie,Île-de-France,Val-de-Marne,94510,48.778,2.584,"La Queue-en-Brie (94510), Île-de-France"
34608,Rungis,Île-de-France,Val-de-Marne,94150,48.75,2.353,"Rungis (94150), Île-de-France"
34609,Saint-Mandé,Île-de-France,Val-de-Marne,94160,48.842,2.419,"Saint-Mandé (94160), Île-de-France"
34610,Saint-Maur-des-Fossés,Île-de-France,Val-de-Marne,94210,48.799,2.494,"Saint-Maur-des-Fossés (94210), Île-de-France"
34611,Saint-Maurice,Île-de-France,Val-de-Marne,94410,48.818,2.438,"Saint-Maurice (94410), Île-de-France"
34612,Santeny,Île-de-France,Val-de-Marne,94440,48.736,2.576,"Santeny (94440), Île-de-France"
34613,Sucy-en-Brie,Île-de-France,Val-de-Marne,94370,48.766,2.533,"Sucy-en-Brie (94370), Île-de-France"
34614,Thiais,Île-de-France,Val-de-Marne,94320,48.761,2.385,"Thiais (94320), Île-de-France"
34615,Valenton,Île-de-France,Val-de-Marne,94460,48.753,2.461,"Valenton (94460), Île-de-France"
34616,Villecresnes,Île-de-France,Val-de-Marne,94440,48.721,2.532,"Villecresnes (94440), Île-de-France"
34617,Villejuif,Île-de-France,Val-de-Marne,94800,48.793,2.36,"Villejuif (94800), Île-de-France"
34618,Villeneuve-le-Roi,Île-de-France,Val-de-Marne,94290,48.732,2.41,"Villeneuve-le-Roi (94290), Île-de-France"
34619,Villeneuve-Saint-Georges,Île-de-France,Val-de-Marne,94190,48.741,2.449,"Villeneuve-Saint-Georges (94190), Île-de-France"
34620,Villiers-sur-Marne,Île-de-France,Val-de-Marne,94350,48.826,2.545,"Villiers-sur-Marne (94350), Île-de-France"
34621,Vincennes,Île-de-France,Val-de-Marne,94300,48.847,2.438,"Vincennes (94300), Île-de-France"
34622,Vitry-sur-Seine,Île-de-France,Val-de-Marne,94400,48.788,2.394,"Vitry-sur-Seine (94400), Île-de-France"
34623,Ableiges,Île-de-France,Val-d'Oise,95450,49.086,1.975,"Ableiges (95450), Île-de-France"
34624,Aincourt,Île-de-France,Val-d'Oise,95510,49.073,1.774,"Aincourt (95510), Île-de-France"
34625,Ambleville,Île-de-France,Val-d'Oise,95420,49.151,1.695,"Ambleville (95420), Île-de-France"
34626,Amenucourt,Île-de-France,Val-d'Oise,95510,49.11,1.65,"Amenucourt (95510), Île-de-France"
34627,Andilly,Île-de-France,Val-d'Oise,95580,49.008,2.303,"Andilly (95580), Île-de-France"
34628,Argenteuil,Île-de-France,Val-d'Oise,95100,48.951,2.241,"Argenteuil (95100), Île-de-France"
34629,Arnouville,Île-de-France,Val-d'Oise,95400,48.986,2.417,"Arnouville (95400), Île-de-France"
34630,Arronville,Île-de-France,Val-d'Oise,95810,49.174,2.113,"Arronville (95810), Île-de-France"
34631,Arthies,Île-de-France,Val-d'Oise,95420,49.095,1.797,"Arthies (95420), Île-de-France"
34632,Asnières-sur-Oise,Île-de-France,Val-d'Oise,95270,49.141,2.38,"Asnières-sur-Oise (95270), Île-de-France"
34633,Attainville,Île-de-France,Val-d'Oise,95570,49.061,2.35,"Attainville (95570), Île-de-France"
34634,Auvers-sur-Oise,Île-de-France,Val-d'Oise,95430,49.08,2.155,"Auvers-sur-Oise (95430), Île-de-France"
34635,Avernes,Île-de-France,Val-d'Oise,95450,49.089,1.87,"Avernes (95450), Île-de-France"
34636,Baillet-en-France,Île-de-France,Val-d'Oise,95560,49.059,2.302,"Baillet-en-France (95560), Île-de-France"
34637,Banthelu,Île-de-France,Val-d'Oise,95420,49.126,1.815,"Banthelu (95420), Île-de-France"
34638,Beauchamp,Île-de-France,Val-d'Oise,95250,49.015,2.192,"Beauchamp (95250), Île-de-France"
34639,Beaumont-sur-Oise,Île-de-France,Val-d'Oise,95260,49.14,2.3,"Beaumont-sur-Oise (95260), Île-de-France"
34640,Le Bellay-en-Vexin,Île-de-France,Val-d'Oise,95750,49.149,1.879,"Le Bellay-en-Vexin (95750), Île-de-France"
34641,Bellefontaine,Île-de-France,Val-d'Oise,95270,49.092,2.47,"Bellefontaine (95270), Île-de-France"
34642,Belloy-en-France,Île-de-France,Val-d'Oise,95270,49.092,2.372,"Belloy-en-France (95270), Île-de-France"
34643,Bernes-sur-Oise,Île-de-France,Val-d'Oise,95340,49.165,2.301,"Bernes-sur-Oise (95340), Île-de-France"
34644,Berville,Île-de-France,Val-d'Oise,95810,49.192,2.071,"Berville (95810), Île-de-France"
34645,Bessancourt,Île-de-France,Val-d'Oise,95550,49.037,2.198,"Bessancourt (95550), Île-de-France"
34646,Béthemont-la-Forêt,Île-de-France,Val-d'Oise,95840,49.054,2.251,"Béthemont-la-Forêt (95840), Île-de-France"
34647,Bezons,Île-de-France,Val-d'Oise,95870,48.926,2.211,"Bezons (95870), Île-de-France"
34648,Boisemont,Île-de-France,Val-d'Oise,95000,49.019,2.004,"Boisemont (95000), Île-de-France"
34649,Boissy-l'Aillerie,Île-de-France,Val-d'Oise,95650,49.083,2.033,"Boissy-l'Aillerie (95650), Île-de-France"
34650,Bonneuil-en-France,Île-de-France,Val-d'Oise,95500,48.965,2.435,"Bonneuil-en-France (95500), Île-de-France"
34651,Bouffémont,Île-de-France,Val-d'Oise,95570,49.042,2.298,"Bouffémont (95570), Île-de-France"
34652,Bouqueval,Île-de-France,Val-d'Oise,95720,49.022,2.43,"Bouqueval (95720), Île-de-France"
34653,Bray-et-Lû,Île-de-France,Val-d'Oise,95710,49.142,1.666,"Bray-et-Lû (95710), Île-de-France"
34654,Bréançon,Île-de-France,Val-d'Oise,95640,49.149,2.023,"Bréançon (95640), Île-de-France"
34655,Brignancourt,Île-de-France,Val-d'Oise,95640,49.14,1.944,"Brignancourt (95640), Île-de-France"
34656,Bruyères-sur-Oise,Île-de-France,Val-d'Oise,95820,49.161,2.329,"Bruyères-sur-Oise (95820), Île-de-France"
34657,Buhy,Île-de-France,Val-d'Oise,95770,49.192,1.703,"Buhy (95770), Île-de-France"
34658,Butry-sur-Oise,Île-de-France,Val-d'Oise,95430,49.084,2.192,"Butry-sur-Oise (95430), Île-de-France"
34659,Cergy,Île-de-France,Val-d'Oise,95000,49.04,2.051,"Cergy (95000), Île-de-France"
34660,Champagne-sur-Oise,Île-de-France,Val-d'Oise,95660,49.143,2.228,"Champagne-sur-Oise (95660), Île-de-France"
34661,La Chapelle-en-Vexin,Île-de-France,Val-d'Oise,95420,49.184,1.729,"La Chapelle-en-Vexin (95420), Île-de-France"
34662,Charmont,Île-de-France,Val-d'Oise,95420,49.137,1.79,"Charmont (95420), Île-de-France"
34663,Chars,Île-de-France,Val-d'Oise,95750,49.158,1.932,"Chars (95750), Île-de-France"
34664,Châtenay-en-France,Île-de-France,Val-d'Oise,95190,49.065,2.463,"Châtenay-en-France (95190), Île-de-France"
34665,Chaumontel,Île-de-France,Val-d'Oise,95270,49.129,2.436,"Chaumontel (95270), Île-de-France"
34666,Chaussy,Île-de-France,Val-d'Oise,95710,49.114,1.704,"Chaussy (95710), Île-de-France"
34667,Chauvry,Île-de-France,Val-d'Oise,95560,49.053,2.269,"Chauvry (95560), Île-de-France"
34668,Chennevières-lès-Louvres,Île-de-France,Val-d'Oise,95380,49.042,2.546,"Chennevières-lès-Louvres (95380), Île-de-France"
34669,Chérence,Île-de-France,Val-d'Oise,95510,49.091,1.681,"Chérence (95510), Île-de-France"
34670,Cléry-en-Vexin,Île-de-France,Val-d'Oise,95420,49.132,1.848,"Cléry-en-Vexin (95420), Île-de-France"
34671,Commeny,Île-de-France,Val-d'Oise,95450,49.127,1.888,"Commeny (95450), Île-de-France"
34672,Condécourt,Île-de-France,Val-d'Oise,95450,49.038,1.937,"Condécourt (95450), Île-de-France"
34673,Cormeilles-en-Parisis,Île-de-France,Val-d'Oise,95240,48.968,2.199,"Cormeilles-en-Parisis (95240), Île-de-France"
34674,Cormeilles-en-Vexin,Île-de-France,Val-d'Oise,95830,49.113,2.02,"Cormeilles-en-Vexin (95830), Île-de-France"
34675,Courcelles-sur-Viosne,Île-de-France,Val-d'Oise,95650,49.073,1.996,"Courcelles-sur-Viosne (95650), Île-de-France"
34676,Courdimanche,Île-de-France,Val-d'Oise,95800,49.041,1.999,"Courdimanche (95800), Île-de-France"
34677,Deuil-la-Barre,Île-de-France,Val-d'Oise,95170,48.971,2.326,"Deuil-la-Barre (95170), Île-de-France"
34678,Domont,Île-de-France,Val-d'Oise,95330,49.03,2.323,"Domont (95330), Île-de-France"
34679,Eaubonne,Île-de-France,Val-d'Oise,95600,48.991,2.278,"Eaubonne (95600), Île-de-France"
34680,Écouen,Île-de-France,Val-d'Oise,95440,49.026,2.385,"Écouen (95440), Île-de-France"
34681,Enghien-les-Bains,Île-de-France,Val-d'Oise,95880,48.97,2.305,"Enghien-les-Bains (95880), Île-de-France"
34682,Ennery,Île-de-France,Val-d'Oise,95300,49.078,2.109,"Ennery (95300), Île-de-France"
34683,Épiais-lès-Louvres,Île-de-France,Val-d'Oise,95380,49.03,2.549,"Épiais-lès-Louvres (95380), Île-de-France"
34684,Épiais-Rhus,Île-de-France,Val-d'Oise,95810,49.124,2.073,"Épiais-Rhus (95810), Île-de-France"
34685,Épinay-Champlâtreux,Île-de-France,Val-d'Oise,95270,49.09,2.407,"Épinay-Champlâtreux (95270), Île-de-France"
34686,Éragny,Île-de-France,Val-d'Oise,95610,49.02,2.101,"Éragny (95610), Île-de-France"
34687,Ermont,Île-de-France,Val-d'Oise,95120,48.988,2.257,"Ermont (95120), Île-de-France"
34688,Ézanville,Île-de-France,Val-d'Oise,95460,49.039,2.363,"Ézanville (95460), Île-de-France"
34689,Fontenay-en-Parisis,Île-de-France,Val-d'Oise,95190,49.05,2.445,"Fontenay-en-Parisis (95190), Île-de-France"
34690,Fosses,Île-de-France,Val-d'Oise,95470,49.1,2.499,"Fosses (95470), Île-de-France"
34691,Franconville,Île-de-France,Val-d'Oise,95130,48.988,2.224,"Franconville (95130), Île-de-France"
34692,Frémainville,Île-de-France,Val-d'Oise,95450,49.066,1.87,"Frémainville (95450), Île-de-France"
34693,Frémécourt,Île-de-France,Val-d'Oise,95830,49.124,1.994,"Frémécourt (95830), Île-de-France"
34694,Frépillon,Île-de-France,Val-d'Oise,95740,49.05,2.205,"Frépillon (95740), Île-de-France"
34695,La Frette-sur-Seine,Île-de-France,Val-d'Oise,95530,48.974,2.178,"La Frette-sur-Seine (95530), Île-de-France"
34696,Frouville,Île-de-France,Val-d'Oise,95690,49.158,2.147,"Frouville (95690), Île-de-France"
34697,Garges-lès-Gonesse,Île-de-France,Val-d'Oise,95140,48.97,2.405,"Garges-lès-Gonesse (95140), Île-de-France"
34698,Genainville,Île-de-France,Val-d'Oise,95420,49.117,1.754,"Genainville (95420), Île-de-France"
34699,Génicourt,Île-de-France,Val-d'Oise,95650,49.095,2.061,"Génicourt (95650), Île-de-France"
34700,Gonesse,Île-de-France,Val-d'Oise,95500,48.986,2.457,"Gonesse (95500), Île-de-France"
34701,Goussainville,Île-de-France,Val-d'Oise,95190,49.024,2.466,"Goussainville (95190), Île-de-France"
34702,Grisy-les-Plâtres,Île-de-France,Val-d'Oise,95810,49.133,2.048,"Grisy-les-Plâtres (95810), Île-de-France"
34703,Groslay,Île-de-France,Val-d'Oise,95410,48.985,2.35,"Groslay (95410), Île-de-France"
34704,Guiry-en-Vexin,Île-de-France,Val-d'Oise,95450,49.116,1.856,"Guiry-en-Vexin (95450), Île-de-France"
34705,Haravilliers,Île-de-France,Val-d'Oise,95640,49.175,2.037,"Haravilliers (95640), Île-de-France"
34706,Haute-Isle,Île-de-France,Val-d'Oise,95780,49.083,1.663,"Haute-Isle (95780), Île-de-France"
34707,Le Heaulme,Île-de-France,Val-d'Oise,95640,49.167,2.0,"Le Heaulme (95640), Île-de-France"
34708,Hédouville,Île-de-France,Val-d'Oise,95690,49.158,2.178,"Hédouville (95690), Île-de-France"
34709,Herblay-sur-Seine,Île-de-France,Val-d'Oise,95220,49.001,2.15,"Herblay-sur-Seine (95220), Île-de-France"
34710,Hérouville-en-Vexin,Île-de-France,Val-d'Oise,95300,49.105,2.127,"Hérouville-en-Vexin (95300), Île-de-France"
34711,Hodent,Île-de-France,Val-d'Oise,95420,49.142,1.762,"Hodent (95420), Île-de-France"
34712,L'Isle-Adam,Île-de-France,Val-d'Oise,95290,49.107,2.234,"L'Isle-Adam (95290), Île-de-France"
34713,Jagny-sous-Bois,Île-de-France,Val-d'Oise,95850,49.081,2.444,"Jagny-sous-Bois (95850), Île-de-France"
34714,Jouy-le-Moutier,Île-de-France,Val-d'Oise,95280,49.011,2.034,"Jouy-le-Moutier (95280), Île-de-France"
34715,Labbeville,Île-de-France,Val-d'Oise,95690,49.134,2.135,"Labbeville (95690), Île-de-France"
34716,Lassy,Île-de-France,Val-d'Oise,95270,49.095,2.438,"Lassy (95270), Île-de-France"
34717,Livilliers,Île-de-France,Val-d'Oise,95300,49.1,2.095,"Livilliers (95300), Île-de-France"
34718,Longuesse,Île-de-France,Val-d'Oise,95450,49.062,1.927,"Longuesse (95450), Île-de-France"
34719,Louvres,Île-de-France,Val-d'Oise,95380,49.042,2.504,"Louvres (95380), Île-de-France"
34720,Luzarches,Île-de-France,Val-d'Oise,95270,49.115,2.441,"Luzarches (95270), Île-de-France"
34721,Maffliers,Île-de-France,Val-d'Oise,95560,49.084,2.312,"Maffliers (95560), Île-de-France"
34722,Magny-en-Vexin,Île-de-France,Val-d'Oise,95420,49.159,1.81,"Magny-en-Vexin (95420), Île-de-France"
34723,Mareil-en-France,Île-de-France,Val-d'Oise,95850,49.07,2.418,"Mareil-en-France (95850), Île-de-France"
34724,Margency,Île-de-France,Val-d'Oise,95580,49.002,2.289,"Margency (95580), Île-de-France"
34725,Marines,Île-de-France,Val-d'Oise,95640,49.148,1.984,"Marines (95640), Île-de-France"
34726,Marly-la-Ville,Île-de-France,Val-d'Oise,95670,49.082,2.509,"Marly-la-Ville (95670), Île-de-France"
34727,Maudétour-en-Vexin,Île-de-France,Val-d'Oise,95420,49.109,1.777,"Maudétour-en-Vexin (95420), Île-de-France"
34728,Menouville,Île-de-France,Val-d'Oise,95810,49.153,2.108,"Menouville (95810), Île-de-France"
34729,Menucourt,Île-de-France,Val-d'Oise,95180,49.028,1.975,"Menucourt (95180), Île-de-France"
34730,Mériel,Île-de-France,Val-d'Oise,95630,49.077,2.213,"Mériel (95630), Île-de-France"
34731,Méry-sur-Oise,Île-de-France,Val-d'Oise,95540,49.055,2.174,"Méry-sur-Oise (95540), Île-de-France"
34732,Le Mesnil-Aubry,Île-de-France,Val-d'Oise,95720,49.054,2.392,"Le Mesnil-Aubry (95720), Île-de-France"
34733,Moisselles,Île-de-France,Val-d'Oise,95570,49.046,2.337,"Moisselles (95570), Île-de-France"
34734,Montgeroult,Île-de-France,Val-d'Oise,95650,49.091,2.008,"Montgeroult (95650), Île-de-France"
34735,Montigny-lès-Cormeilles,Île-de-France,Val-d'Oise,95370,48.994,2.194,"Montigny-lès-Cormeilles (95370), Île-de-France"
34736,Montlignon,Île-de-France,Val-d'Oise,95680,49.014,2.289,"Montlignon (95680), Île-de-France"
34737,Montmagny,Île-de-France,Val-d'Oise,95360,48.97,2.346,"Montmagny (95360), Île-de-France"
34738,Montmorency,Île-de-France,Val-d'Oise,95160,48.992,2.321,"Montmorency (95160), Île-de-France"
34739,Montreuil-sur-Epte,Île-de-France,Val-d'Oise,95770,49.17,1.686,"Montreuil-sur-Epte (95770), Île-de-France"
34740,Montsoult,Île-de-France,Val-d'Oise,95560,49.072,2.304,"Montsoult (95560), Île-de-France"
34741,Mours,Île-de-France,Val-d'Oise,95260,49.13,2.264,"Mours (95260), Île-de-France"
34742,Moussy,Île-de-France,Val-d'Oise,95640,49.135,1.909,"Moussy (95640), Île-de-France"
34743,Nerville-la-Forêt,Île-de-France,Val-d'Oise,95590,49.09,2.276,"Nerville-la-Forêt (95590), Île-de-France"
34744,Nesles-la-Vallée,Île-de-France,Val-d'Oise,95690,49.126,2.172,"Nesles-la-Vallée (95690), Île-de-France"
34745,Neuilly-en-Vexin,Île-de-France,Val-d'Oise,95640,49.174,1.98,"Neuilly-en-Vexin (95640), Île-de-France"
34746,Neuville-sur-Oise,Île-de-France,Val-d'Oise,95000,49.017,2.063,"Neuville-sur-Oise (95000), Île-de-France"
34747,Nointel,Île-de-France,Val-d'Oise,95590,49.129,2.294,"Nointel (95590), Île-de-France"
34748,Noisy-sur-Oise,Île-de-France,Val-d'Oise,95270,49.135,2.328,"Noisy-sur-Oise (95270), Île-de-France"
34749,Nucourt,Île-de-France,Val-d'Oise,95420,49.16,1.856,"Nucourt (95420), Île-de-France"
34750,Omerville,Île-de-France,Val-d'Oise,95420,49.143,1.722,"Omerville (95420), Île-de-France"
34751,Osny,Île-de-France,Val-d'Oise,95520,49.068,2.063,"Osny (95520), Île-de-France"
34752,Parmain,Île-de-France,Val-d'Oise,95620,49.123,2.201,"Parmain (95620), Île-de-France"
34753,Le Perchay,Île-de-France,Val-d'Oise,95450,49.116,1.927,"Le Perchay (95450), Île-de-France"
34754,Persan,Île-de-France,Val-d'Oise,95340,49.15,2.27,"Persan (95340), Île-de-France"
34755,Pierrelaye,Île-de-France,Val-d'Oise,95220,49.019,2.161,"Pierrelaye (95220), Île-de-France"
34756,Piscop,Île-de-France,Val-d'Oise,95350,49.017,2.342,"Piscop (95350), Île-de-France"
34757,Le Plessis-Bouchard,Île-de-France,Val-d'Oise,95130,49.003,2.234,"Le Plessis-Bouchard (95130), Île-de-France"
34758,Le Plessis-Gassot,Île-de-France,Val-d'Oise,95720,49.036,2.416,"Le Plessis-Gassot (95720), Île-de-France"
34759,Le Plessis-Luzarches,Île-de-France,Val-d'Oise,95270,49.096,2.455,"Le Plessis-Luzarches (95270), Île-de-France"
34760,Pontoise,Île-de-France,Val-d'Oise,95300,49.051,2.095,"Pontoise (95300), Île-de-France"
34761,Presles,Île-de-France,Val-d'Oise,95590,49.112,2.287,"Presles (95590), Île-de-France"
34762,Puiseux-en-France,Île-de-France,Val-d'Oise,95380,49.067,2.488,"Puiseux-en-France (95380), Île-de-France"
34763,Puiseux-Pontoise,Île-de-France,Val-d'Oise,95650,49.064,2.016,"Puiseux-Pontoise (95650), Île-de-France"
34764,La Roche-Guyon,Île-de-France,Val-d'Oise,95780,49.088,1.634,"La Roche-Guyon (95780), Île-de-France"
34765,Roissy-en-France,Île-de-France,Val-d'Oise,95700,49.007,2.514,"Roissy-en-France (95700), Île-de-France"
34766,Ronquerolles,Île-de-France,Val-d'Oise,95340,49.168,2.213,"Ronquerolles (95340), Île-de-France"
34767,Sagy,Île-de-France,Val-d'Oise,95450,49.053,1.968,"Sagy (95450), Île-de-France"
34768,Saint-Brice-sous-Forêt,Île-de-France,Val-d'Oise,95350,49.002,2.35,"Saint-Brice-sous-Forêt (95350), Île-de-France"
34769,Saint-Clair-sur-Epte,Île-de-France,Val-d'Oise,95770,49.213,1.703,"Saint-Clair-sur-Epte (95770), Île-de-France"
34770,Saint-Cyr-en-Arthies,Île-de-France,Val-d'Oise,95510,49.059,1.742,"Saint-Cyr-en-Arthies (95510), Île-de-France"
34771,Saint-Gervais,Île-de-France,Val-d'Oise,95420,49.167,1.762,"Saint-Gervais (95420), Île-de-France"
34772,Saint-Gratien,Île-de-France,Val-d'Oise,95210,48.969,2.285,"Saint-Gratien (95210), Île-de-France"
34773,Saint-Leu-la-Forêt,Île-de-France,Val-d'Oise,95320,49.02,2.247,"Saint-Leu-la-Forêt (95320), Île-de-France"
34774,Saint-Martin-du-Tertre,Île-de-France,Val-d'Oise,95270,49.104,2.334,"Saint-Martin-du-Tertre (95270), Île-de-France"
34775,Saint-Ouen-l'Aumône,Île-de-France,Val-d'Oise,95310,49.044,2.129,"Saint-Ouen-l'Aumône (95310), Île-de-France"
34776,Saint-Prix,Île-de-France,Val-d'Oise,95390,49.021,2.27,"Saint-Prix (95390), Île-de-France"
34777,Saint-Witz,Île-de-France,Val-d'Oise,95470,49.086,2.552,"Saint-Witz (95470), Île-de-France"
34778,Sannois,Île-de-France,Val-d'Oise,95110,48.972,2.253,"Sannois (95110), Île-de-France"
34779,Santeuil,Île-de-France,Val-d'Oise,95640,49.13,1.958,"Santeuil (95640), Île-de-France"
34780,Sarcelles,Île-de-France,Val-d'Oise,95200,48.99,2.382,"Sarcelles (95200), Île-de-France"
34781,Seraincourt,Île-de-France,Val-d'Oise,95450,49.042,1.879,"Seraincourt (95450), Île-de-France"
34782,Seugy,Île-de-France,Val-d'Oise,95270,49.123,2.395,"Seugy (95270), Île-de-France"
34783,Soisy-sous-Montmorency,Île-de-France,Val-d'Oise,95230,48.988,2.3,"Soisy-sous-Montmorency (95230), Île-de-France"
34784,Survilliers,Île-de-France,Val-d'Oise,95470,49.106,2.544,"Survilliers (95470), Île-de-France"
34785,Taverny,Île-de-France,Val-d'Oise,95150,49.027,2.221,"Taverny (95150), Île-de-France"
34786,Théméricourt,Île-de-France,Val-d'Oise,95450,49.09,1.905,"Théméricourt (95450), Île-de-France"
34787,Theuville,Île-de-France,Val-d'Oise,95810,49.157,2.069,"Theuville (95810), Île-de-France"
34788,Le Thillay,Île-de-France,Val-d'Oise,95500,49.004,2.469,"Le Thillay (95500), Île-de-France"
34789,Us,Île-de-France,Val-d'Oise,95450,49.105,1.958,"Us (95450), Île-de-France"
34790,Vallangoujard,Île-de-France,Val-d'Oise,95810,49.134,2.104,"Vallangoujard (95810), Île-de-France"
34791,Valmondois,Île-de-France,Val-d'Oise,95760,49.098,2.18,"Valmondois (95760), Île-de-France"
34792,Vaudherland,Île-de-France,Val-d'Oise,95500,49.0,2.486,"Vaudherland (95500), Île-de-France"
34793,Vauréal,Île-de-France,Val-d'Oise,95490,49.03,2.024,"Vauréal (95490), Île-de-France"
34794,Vémars,Île-de-France,Val-d'Oise,95470,49.063,2.567,"Vémars (95470), Île-de-France"
34795,Vétheuil,Île-de-France,Val-d'Oise,95510,49.062,1.707,"Vétheuil (95510), Île-de-France"
34796,Viarmes,Île-de-France,Val-d'Oise,95270,49.123,2.378,"Viarmes (95270), Île-de-France"
34797,Vienne-en-Arthies,Île-de-France,Val-d'Oise,95510,49.066,1.722,"Vienne-en-Arthies (95510), Île-de-France"
34798,Vigny,Île-de-France,Val-d'Oise,95450,49.08,1.93,"Vigny (95450), Île-de-France"
34799,Villaines-sous-Bois,Île-de-France,Val-d'Oise,95570,49.075,2.357,"Villaines-sous-Bois (95570), Île-de-France"
34800,Villeron,Île-de-France,Val-d'Oise,95380,49.061,2.534,"Villeron (95380), Île-de-France"
34801,Villers-en-Arthies,Île-de-France,Val-d'Oise,95510,49.086,1.73,"Villers-en-Arthies (95510), Île-de-France"
34802,Villiers-Adam,Île-de-France,Val-d'Oise,95840,49.07,2.24,"Villiers-Adam (95840), Île-de-France"
34803,Villiers-le-Bel,Île-de-France,Val-d'Oise,95400,49.008,2.404,"Villiers-le-Bel (95400), Île-de-France"
34804,Villiers-le-Sec,Île-de-France,Val-d'Oise,95720,49.074,2.387,"Villiers-le-Sec (95720), Île-de-France"
34805,Wy-dit-Joli-Village,Île-de-France,Val-d'Oise,95420,49.096,1.825,"Wy-dit-Joli-Village (95420), Île-de-France"
